[transformers] PyTorch was not found. Models won't be available and only tokenizers, configuration and file/data utilities can be used.
2026-09-17 09:44:59,111 INFO "GET /v1/status HTTP/1.1" 200 -
2026-09-17 09:45:00,117 INFO "GET /v1/status HTTP/1.1" 200 -
2026-09-17 09:45:00,442 INFO ubc_evict: evicted 4772.0 MB from UBC for ~/mlx-models/Qwen3.6-35B-A3B-uncensored-heretic-Native-MTP-Preserved-oQ4e-mtp/model-00001-of-00005.safetensors
2026-09-17 09:45:00,481 INFO ubc_evict: evicted 4896.0 MB from UBC for ~/mlx-models/Qwen3.6-35B-A3B-uncensored-heretic-Native-MTP-Preserved-oQ4e-mtp/model-00002-of-00005.safetensors
2026-09-17 09:45:00,520 INFO ubc_evict: evicted 4896.0 MB from UBC for ~/mlx-models/Qwen3.6-35B-A3B-uncensored-heretic-Native-MTP-Preserved-oQ4e-mtp/model-00003-of-00005.safetensors
2026-09-17 09:45:00,559 INFO ubc_evict: evicted 4896.0 MB from UBC for ~/mlx-models/Qwen3.6-35B-A3B-uncensored-heretic-Native-MTP-Preserved-oQ4e-mtp/model-00004-of-00005.safetensors
2026-09-17 09:45:00,569 INFO ubc_evict: evicted 1152.0 MB from UBC for ~/mlx-models/Qwen3.6-35B-A3B-uncensored-heretic-Native-MTP-Preserved-oQ4e-mtp/model-00005-of-00005.safetensors
2026-09-17 09:45:00,569 INFO ubc_evict: pass complete total_mb=20612.0 elapsed_s=0.16
2026-09-17 09:45:01,123 INFO "GET /v1/status HTTP/1.1" 200 -
2026-09-17 09:45:01,153 INFO "GET /v1/status HTTP/1.1" 200 -
2026-09-17 09:45:01,870 INFO "POST /v1/chat/completions HTTP/1.1" 200 -
2026-09-17 09:45:02,446 INFO "POST /v1/chat/completions HTTP/1.1" 200 -
2026-09-17 09:45:03,009 INFO "POST /v1/chat/completions HTTP/1.1" 200 -
2026-09-17 09:45:03,585 INFO "POST /v1/chat/completions HTTP/1.1" 200 -
2026-09-17 09:45:04,153 INFO "POST /v1/chat/completions HTTP/1.1" 200 -
2026-09-17 09:45:04,728 INFO "POST /v1/chat/completions HTTP/1.1" 200 -
2026-09-17 09:45:05,301 INFO "POST /v1/chat/completions HTTP/1.1" 200 -
2026-09-17 09:45:05,895 INFO "POST /v1/chat/completions HTTP/1.1" 200 -
2026-09-17 09:45:06,474 INFO "POST /v1/chat/completions HTTP/1.1" 200 -
2026-09-17 09:45:07,049 INFO "POST /v1/chat/completions HTTP/1.1" 200 -
2026-09-17 09:45:07,624 INFO "POST /v1/chat/completions HTTP/1.1" 200 -
2026-09-17 09:45:08,204 INFO "POST /v1/chat/completions HTTP/1.1" 200 -
2026-09-17 09:45:08,777 INFO "POST /v1/chat/completions HTTP/1.1" 200 -
2026-09-17 09:45:09,351 INFO "POST /v1/chat/completions HTTP/1.1" 200 -
2026-09-17 09:45:09,922 INFO "POST /v1/chat/completions HTTP/1.1" 200 -
2026-09-17 09:45:10,498 INFO "POST /v1/chat/completions HTTP/1.1" 200 -
2026-09-17 09:45:11,068 INFO "POST /v1/chat/completions HTTP/1.1" 200 -
2026-09-17 09:45:11,645 INFO "POST /v1/chat/completions HTTP/1.1" 200 -
2026-09-17 09:45:12,221 INFO "POST /v1/chat/completions HTTP/1.1" 200 -
2026-09-17 09:45:12,798 INFO "POST /v1/chat/completions HTTP/1.1" 200 -
2026-09-17 09:45:15,323 INFO "POST /v1/chat/completions HTTP/1.1" 200 -
2026-09-17 09:45:15,328 INFO "POST /v1/chat/completions HTTP/1.1" 200 -
2026-09-17 09:45:15,377 INFO "POST /v1/chat/completions HTTP/1.1" 200 -
2026-09-17 09:45:15,378 INFO "POST /v1/chat/completions HTTP/1.1" 200 -
2026-09-17 09:45:15,422 INFO "POST /v1/chat/completions HTTP/1.1" 200 -
2026-09-17 09:45:15,462 INFO "POST /v1/chat/completions HTTP/1.1" 200 -
2026-09-17 09:45:15,509 INFO "POST /v1/chat/completions HTTP/1.1" 200 -
2026-09-17 09:45:15,509 INFO "POST /v1/chat/completions HTTP/1.1" 200 -
2026-09-17 09:45:15,549 INFO "POST /v1/chat/completions HTTP/1.1" 200 -
2026-09-17 09:45:15,549 INFO "POST /v1/chat/completions HTTP/1.1" 200 -
2026-09-17 09:45:15,585 INFO "POST /v1/chat/completions HTTP/1.1" 200 -
2026-09-17 09:45:15,585 INFO "POST /v1/chat/completions HTTP/1.1" 200 -
2026-09-17 09:45:15,614 INFO "POST /v1/chat/completions HTTP/1.1" 200 -
2026-09-17 09:45:15,646 INFO "POST /v1/chat/completions HTTP/1.1" 200 -
2026-09-17 09:45:15,646 INFO "POST /v1/chat/completions HTTP/1.1" 200 -
2026-09-17 09:45:15,674 INFO "POST /v1/chat/completions HTTP/1.1" 200 -
2026-09-17 09:45:15,674 INFO "POST /v1/chat/completions HTTP/1.1" 200 -
2026-09-17 09:45:15,695 INFO "POST /v1/chat/completions HTTP/1.1" 200 -
2026-09-17 09:45:15,713 INFO "POST /v1/chat/completions HTTP/1.1" 200 -
2026-09-17 09:45:15,713 INFO "POST /v1/chat/completions HTTP/1.1" 200 -
2026-09-17 09:45:15,714 INFO "GET /v1/status HTTP/1.1" 200 -
2026-09-17 09:45:15,770 INFO "GET /v1/status HTTP/1.1" 200 -
2026-09-17 09:45:15,827 INFO "GET /v1/status HTTP/1.1" 200 -
2026-09-17 09:45:15,883 INFO "GET /v1/status HTTP/1.1" 200 -
2026-09-17 09:45:15,941 INFO "GET /v1/status HTTP/1.1" 200 -
2026-09-17 09:45:15,999 INFO "GET /v1/status HTTP/1.1" 200 -
2026-09-17 09:45:16,057 INFO "GET /v1/status HTTP/1.1" 200 -
2026-09-17 09:45:16,110 INFO "GET /v1/status HTTP/1.1" 200 -
2026-09-17 09:45:16,168 INFO "GET /v1/status HTTP/1.1" 200 -
2026-09-17 09:45:16,223 INFO "GET /v1/status HTTP/1.1" 200 -
2026-09-17 09:45:16,280 INFO "GET /v1/status HTTP/1.1" 200 -
2026-09-17 09:45:16,338 INFO "GET /v1/status HTTP/1.1" 200 -
2026-09-17 09:45:16,397 INFO "GET /v1/status HTTP/1.1" 200 -
2026-09-17 09:45:16,449 INFO "GET /v1/status HTTP/1.1" 200 -
2026-09-17 09:45:16,506 INFO "GET /v1/status HTTP/1.1" 200 -
2026-09-17 09:45:16,564 INFO "GET /v1/status HTTP/1.1" 200 -
2026-09-17 09:45:16,621 INFO "GET /v1/status HTTP/1.1" 200 -
2026-09-17 09:45:16,653 INFO "GET /v1/status HTTP/1.1" 200 -
2026-09-17 09:45:17,217 INFO "POST /v1/chat/completions HTTP/1.1" 200 -
2026-09-17 09:45:17,761 INFO "POST /v1/chat/completions HTTP/1.1" 200 -
2026-09-17 09:45:18,342 INFO "POST /v1/chat/completions HTTP/1.1" 200 -
2026-09-17 09:45:18,880 INFO "POST /v1/chat/completions HTTP/1.1" 200 -
2026-09-17 09:45:19,420 INFO "POST /v1/chat/completions HTTP/1.1" 200 -
2026-09-17 09:45:20,001 INFO "POST /v1/chat/completions HTTP/1.1" 200 -
2026-09-17 09:45:20,546 INFO "POST /v1/chat/completions HTTP/1.1" 200 -
2026-09-17 09:45:21,123 INFO "POST /v1/chat/completions HTTP/1.1" 200 -
2026-09-17 09:45:21,663 INFO "POST /v1/chat/completions HTTP/1.1" 200 -
2026-09-17 09:45:22,242 INFO "POST /v1/chat/completions HTTP/1.1" 200 -
2026-09-17 09:45:22,827 INFO "POST /v1/chat/completions HTTP/1.1" 200 -
2026-09-17 09:45:23,374 INFO "POST /v1/chat/completions HTTP/1.1" 200 -
2026-09-17 09:45:23,962 INFO "POST /v1/chat/completions HTTP/1.1" 200 -
2026-09-17 09:45:24,545 INFO "POST /v1/chat/completions HTTP/1.1" 200 -
2026-09-17 09:45:25,121 INFO "POST /v1/chat/completions HTTP/1.1" 200 -
2026-09-17 09:45:25,668 INFO "POST /v1/chat/completions HTTP/1.1" 200 -
2026-09-17 09:45:26,260 INFO "POST /v1/chat/completions HTTP/1.1" 200 -
2026-09-17 09:45:26,856 INFO "POST /v1/chat/completions HTTP/1.1" 200 -
2026-09-17 09:45:27,454 INFO "POST /v1/chat/completions HTTP/1.1" 200 -
2026-09-17 09:45:28,084 INFO "POST /v1/chat/completions HTTP/1.1" 200 -
2026-09-17 09:45:30,729 INFO "POST /v1/chat/completions HTTP/1.1" 200 -
2026-09-17 09:45:30,784 INFO "POST /v1/chat/completions HTTP/1.1" 200 -
2026-09-17 09:45:30,784 INFO "POST /v1/chat/completions HTTP/1.1" 200 -
2026-09-17 09:45:30,834 INFO "POST /v1/chat/completions HTTP/1.1" 200 -
2026-09-17 09:45:30,834 INFO "POST /v1/chat/completions HTTP/1.1" 200 -
2026-09-17 09:45:30,877 INFO "POST /v1/chat/completions HTTP/1.1" 200 -
2026-09-17 09:45:30,923 INFO "POST /v1/chat/completions HTTP/1.1" 200 -
2026-09-17 09:45:30,923 INFO "POST /v1/chat/completions HTTP/1.1" 200 -
2026-09-17 09:45:30,965 INFO "POST /v1/chat/completions HTTP/1.1" 200 -
2026-09-17 09:45:30,965 INFO "POST /v1/chat/completions HTTP/1.1" 200 -
2026-09-17 09:45:30,999 INFO "POST /v1/chat/completions HTTP/1.1" 200 -
2026-09-17 09:45:31,034 INFO "POST /v1/chat/completions HTTP/1.1" 200 -
2026-09-17 09:45:31,034 INFO "POST /v1/chat/completions HTTP/1.1" 200 -
2026-09-17 09:45:31,062 INFO "POST /v1/chat/completions HTTP/1.1" 200 -
2026-09-17 09:45:31,089 INFO "POST /v1/chat/completions HTTP/1.1" 200 -
2026-09-17 09:45:31,093 INFO "POST /v1/chat/completions HTTP/1.1" 200 -
2026-09-17 09:45:31,115 INFO "POST /v1/chat/completions HTTP/1.1" 200 -
2026-09-17 09:45:31,139 INFO "POST /v1/chat/completions HTTP/1.1" 200 -
2026-09-17 09:45:31,139 INFO "POST /v1/chat/completions HTTP/1.1" 200 -
2026-09-17 09:45:31,151 INFO "POST /v1/chat/completions HTTP/1.1" 200 -
2026-09-17 09:45:31,153 INFO "GET /v1/status HTTP/1.1" 200 -
2026-09-17 09:45:31,207 INFO "GET /v1/status HTTP/1.1" 200 -
2026-09-17 09:45:31,263 INFO "GET /v1/status HTTP/1.1" 200 -
2026-09-17 09:45:31,318 INFO "GET /v1/status HTTP/1.1" 200 -
2026-09-17 09:45:31,372 INFO "GET /v1/status HTTP/1.1" 200 -
2026-09-17 09:45:31,431 INFO "GET /v1/status HTTP/1.1" 200 -
2026-09-17 09:45:31,490 INFO "GET /v1/status HTTP/1.1" 200 -
2026-09-17 09:45:31,548 INFO "GET /v1/status HTTP/1.1" 200 -
2026-09-17 09:45:31,605 INFO "GET /v1/status HTTP/1.1" 200 -
2026-09-17 09:45:31,662 INFO "GET /v1/status HTTP/1.1" 200 -
2026-09-17 09:45:31,721 INFO "GET /v1/status HTTP/1.1" 200 -
2026-09-17 09:45:31,752 INFO "GET /v1/status HTTP/1.1" 200 -
2026-09-17 09:45:32,343 INFO "POST /v1/chat/completions HTTP/1.1" 200 -
2026-09-17 09:45:32,887 INFO "POST /v1/chat/completions HTTP/1.1" 200 -
2026-09-17 09:45:33,501 INFO "POST /v1/chat/completions HTTP/1.1" 200 -
2026-09-17 09:45:34,043 INFO "POST /v1/chat/completions HTTP/1.1" 200 -
2026-09-17 09:45:34,591 INFO "POST /v1/chat/completions HTTP/1.1" 200 -
2026-09-17 09:45:35,177 INFO "POST /v1/chat/completions HTTP/1.1" 200 -
2026-09-17 09:45:35,774 INFO "POST /v1/chat/completions HTTP/1.1" 200 -
2026-09-17 09:45:36,321 INFO "POST /v1/chat/completions HTTP/1.1" 200 -
2026-09-17 09:45:36,946 INFO "POST /v1/chat/completions HTTP/1.1" 200 -
2026-09-17 09:45:37,536 INFO "POST /v1/chat/completions HTTP/1.1" 200 -
2026-09-17 09:45:38,125 INFO "POST /v1/chat/completions HTTP/1.1" 200 -
2026-09-17 09:45:38,719 INFO "POST /v1/chat/completions HTTP/1.1" 200 -
2026-09-17 09:45:39,304 INFO "POST /v1/chat/completions HTTP/1.1" 200 -
2026-09-17 09:45:39,932 INFO "POST /v1/chat/completions HTTP/1.1" 200 -
2026-09-17 09:45:40,497 INFO "POST /v1/chat/completions HTTP/1.1" 200 -
2026-09-17 09:45:41,040 INFO "POST /v1/chat/completions HTTP/1.1" 200 -
2026-09-17 09:45:41,637 INFO "POST /v1/chat/completions HTTP/1.1" 200 -
2026-09-17 09:45:42,258 INFO "POST /v1/chat/completions HTTP/1.1" 200 -
2026-09-17 09:45:42,854 INFO "POST /v1/chat/completions HTTP/1.1" 200 -
2026-09-17 09:45:43,441 INFO "POST /v1/chat/completions HTTP/1.1" 200 -
2026-09-17 09:45:46,293 INFO "POST /v1/chat/completions HTTP/1.1" 200 -
2026-09-17 09:45:46,293 INFO "POST /v1/chat/completions HTTP/1.1" 200 -
2026-09-17 09:45:46,349 INFO "POST /v1/chat/completions HTTP/1.1" 200 -
2026-09-17 09:45:46,350 INFO "POST /v1/chat/completions HTTP/1.1" 200 -
2026-09-17 09:45:46,396 INFO "POST /v1/chat/completions HTTP/1.1" 200 -
2026-09-17 09:45:46,443 INFO "POST /v1/chat/completions HTTP/1.1" 200 -
2026-09-17 09:45:46,447 INFO "POST /v1/chat/completions HTTP/1.1" 200 -
2026-09-17 09:45:46,494 INFO "POST /v1/chat/completions HTTP/1.1" 200 -
2026-09-17 09:45:46,494 INFO "POST /v1/chat/completions HTTP/1.1" 200 -
2026-09-17 09:45:46,536 INFO "POST /v1/chat/completions HTTP/1.1" 200 -
2026-09-17 09:45:46,536 INFO "POST /v1/chat/completions HTTP/1.1" 200 -
2026-09-17 09:45:46,569 INFO "POST /v1/chat/completions HTTP/1.1" 200 -
2026-09-17 09:45:46,601 INFO "POST /v1/chat/completions HTTP/1.1" 200 -
2026-09-17 09:45:46,630 INFO "POST /v1/chat/completions HTTP/1.1" 200 -
2026-09-17 09:45:46,662 INFO "POST /v1/chat/completions HTTP/1.1" 200 -
2026-09-17 09:45:46,662 INFO "POST /v1/chat/completions HTTP/1.1" 200 -
2026-09-17 09:45:46,689 INFO "POST /v1/chat/completions HTTP/1.1" 200 -
2026-09-17 09:45:46,689 INFO "POST /v1/chat/completions HTTP/1.1" 200 -
2026-09-17 09:45:46,708 INFO "POST /v1/chat/completions HTTP/1.1" 200 -
2026-09-17 09:45:46,708 INFO "POST /v1/chat/completions HTTP/1.1" 200 -
2026-09-17 09:45:46,710 INFO "GET /v1/status HTTP/1.1" 200 -
2026-09-17 09:45:46,767 INFO "GET /v1/status HTTP/1.1" 200 -
2026-09-17 09:45:46,805 INFO "GET /v1/status HTTP/1.1" 200 -
2026-09-17 09:45:46,837 INFO "GET /v1/status HTTP/1.1" 200 -
2026-09-17 09:45:47,422 INFO "POST /v1/chat/completions HTTP/1.1" 200 -
2026-09-17 09:45:47,967 INFO "POST /v1/chat/completions HTTP/1.1" 200 -
2026-09-17 09:45:48,513 INFO "POST /v1/chat/completions HTTP/1.1" 200 -
2026-09-17 09:45:49,053 INFO "POST /v1/chat/completions HTTP/1.1" 200 -
2026-09-17 09:45:49,601 INFO "POST /v1/chat/completions HTTP/1.1" 200 -
2026-09-17 09:45:50,146 INFO "POST /v1/chat/completions HTTP/1.1" 200 -
2026-09-17 09:45:50,688 INFO "POST /v1/chat/completions HTTP/1.1" 200 -
2026-09-17 09:45:51,236 INFO "POST /v1/chat/completions HTTP/1.1" 200 -
2026-09-17 09:45:51,799 INFO "POST /v1/chat/completions HTTP/1.1" 200 -
2026-09-17 09:45:52,340 INFO "POST /v1/chat/completions HTTP/1.1" 200 -
2026-09-17 09:45:52,919 INFO "POST /v1/chat/completions HTTP/1.1" 200 -
2026-09-17 09:45:53,461 INFO "POST /v1/chat/completions HTTP/1.1" 200 -
2026-09-17 09:45:54,005 INFO "POST /v1/chat/completions HTTP/1.1" 200 -
2026-09-17 09:45:54,550 INFO "POST /v1/chat/completions HTTP/1.1" 200 -
2026-09-17 09:45:55,148 INFO "POST /v1/chat/completions HTTP/1.1" 200 -
2026-09-17 09:45:55,739 INFO "POST /v1/chat/completions HTTP/1.1" 200 -
2026-09-17 09:45:56,337 INFO "POST /v1/chat/completions HTTP/1.1" 200 -
2026-09-17 09:45:56,949 INFO "POST /v1/chat/completions HTTP/1.1" 200 -
2026-09-17 09:45:57,544 INFO "POST /v1/chat/completions HTTP/1.1" 200 -
2026-09-17 09:45:58,137 INFO "POST /v1/chat/completions HTTP/1.1" 200 -
2026-09-17 09:46:01,087 INFO "POST /v1/chat/completions HTTP/1.1" 200 -
2026-09-17 09:46:01,087 INFO "POST /v1/chat/completions HTTP/1.1" 200 -
2026-09-17 09:46:01,141 INFO "POST /v1/chat/completions HTTP/1.1" 200 -
2026-09-17 09:46:01,196 INFO "POST /v1/chat/completions HTTP/1.1" 200 -
2026-09-17 09:46:01,196 INFO "POST /v1/chat/completions HTTP/1.1" 200 -
2026-09-17 09:46:01,242 INFO "POST /v1/chat/completions HTTP/1.1" 200 -
2026-09-17 09:46:01,246 INFO "POST /v1/chat/completions HTTP/1.1" 200 -
2026-09-17 09:46:01,288 INFO "POST /v1/chat/completions HTTP/1.1" 200 -
2026-09-17 09:46:01,330 INFO "POST /v1/chat/completions HTTP/1.1" 200 -
2026-09-17 09:46:01,334 INFO "POST /v1/chat/completions HTTP/1.1" 200 -
2026-09-17 09:46:01,373 INFO "POST /v1/chat/completions HTTP/1.1" 200 -
2026-09-17 09:46:01,373 INFO "POST /v1/chat/completions HTTP/1.1" 200 -
2026-09-17 09:46:01,404 INFO "POST /v1/chat/completions HTTP/1.1" 200 -
2026-09-17 09:46:01,438 INFO "POST /v1/chat/completions HTTP/1.1" 200 -
2026-09-17 09:46:01,438 INFO "POST /v1/chat/completions HTTP/1.1" 200 -
2026-09-17 09:46:01,467 INFO "POST /v1/chat/completions HTTP/1.1" 200 -
2026-09-17 09:46:01,468 INFO "POST /v1/chat/completions HTTP/1.1" 200 -
2026-09-17 09:46:01,493 INFO "POST /v1/chat/completions HTTP/1.1" 200 -
2026-09-17 09:46:01,493 INFO "POST /v1/chat/completions HTTP/1.1" 200 -
2026-09-17 09:46:01,517 INFO "POST /v1/chat/completions HTTP/1.1" 200 -
2026-09-17 09:46:01,518 INFO "GET /v1/status HTTP/1.1" 200 -
2026-09-17 09:46:01,575 INFO "GET /v1/status HTTP/1.1" 200 -
2026-09-17 09:46:01,632 INFO "GET /v1/status HTTP/1.1" 200 -
2026-09-17 09:46:01,689 INFO "GET /v1/status HTTP/1.1" 200 -
2026-09-17 09:46:01,746 INFO "GET /v1/status HTTP/1.1" 200 -
2026-09-17 09:46:01,800 INFO "GET /v1/status HTTP/1.1" 200 -
2026-09-17 09:46:01,858 INFO "GET /v1/status HTTP/1.1" 200 -
2026-09-17 09:46:01,917 INFO "GET /v1/status HTTP/1.1" 200 -
2026-09-17 09:46:01,974 INFO "GET /v1/status HTTP/1.1" 200 -
2026-09-17 09:46:02,031 INFO "GET /v1/status HTTP/1.1" 200 -
2026-09-17 09:46:02,064 INFO "GET /v1/status HTTP/1.1" 200 -
2026-09-17 09:46:02,662 INFO "POST /v1/chat/completions HTTP/1.1" 200 -
2026-09-17 09:46:03,207 INFO "POST /v1/chat/completions HTTP/1.1" 200 -
2026-09-17 09:46:03,822 INFO "POST /v1/chat/completions HTTP/1.1" 200 -
2026-09-17 09:46:04,363 INFO "POST /v1/chat/completions HTTP/1.1" 200 -
2026-09-17 09:46:04,901 INFO "POST /v1/chat/completions HTTP/1.1" 200 -
2026-09-17 09:46:05,441 INFO "POST /v1/chat/completions HTTP/1.1" 200 -
2026-09-17 09:46:06,020 INFO "POST /v1/chat/completions HTTP/1.1" 200 -
2026-09-17 09:46:06,560 INFO "POST /v1/chat/completions HTTP/1.1" 200 -
2026-09-17 09:46:07,139 INFO "POST /v1/chat/completions HTTP/1.1" 200 -
2026-09-17 09:46:07,689 INFO "POST /v1/chat/completions HTTP/1.1" 200 -
2026-09-17 09:46:08,281 INFO "POST /v1/chat/completions HTTP/1.1" 200 -
2026-09-17 09:46:08,859 INFO "POST /v1/chat/completions HTTP/1.1" 200 -
2026-09-17 09:46:09,437 INFO "POST /v1/chat/completions HTTP/1.1" 200 -
2026-09-17 09:46:10,018 INFO "POST /v1/chat/completions HTTP/1.1" 200 -
2026-09-17 09:46:10,585 INFO "POST /v1/chat/completions HTTP/1.1" 200 -
2026-09-17 09:46:11,125 INFO "POST /v1/chat/completions HTTP/1.1" 200 -
2026-09-17 09:46:11,706 INFO "POST /v1/chat/completions HTTP/1.1" 200 -
2026-09-17 09:46:12,287 INFO "POST /v1/chat/completions HTTP/1.1" 200 -
2026-09-17 09:46:12,867 INFO "POST /v1/chat/completions HTTP/1.1" 200 -
2026-09-17 09:46:13,450 INFO "POST /v1/chat/completions HTTP/1.1" 200 -
2026-09-17 09:46:16,358 INFO "POST /v1/chat/completions HTTP/1.1" 200 -
2026-09-17 09:46:16,418 INFO "POST /v1/chat/completions HTTP/1.1" 200 -
2026-09-17 09:46:16,418 INFO "POST /v1/chat/completions HTTP/1.1" 200 -
2026-09-17 09:46:16,469 INFO "POST /v1/chat/completions HTTP/1.1" 200 -
2026-09-17 09:46:16,473 INFO "POST /v1/chat/completions HTTP/1.1" 200 -
2026-09-17 09:46:16,519 INFO "POST /v1/chat/completions HTTP/1.1" 200 -
2026-09-17 09:46:16,566 INFO "POST /v1/chat/completions HTTP/1.1" 200 -
2026-09-17 09:46:16,566 INFO "POST /v1/chat/completions HTTP/1.1" 200 -
2026-09-17 09:46:16,606 INFO "POST /v1/chat/completions HTTP/1.1" 200 -
2026-09-17 09:46:16,647 INFO "POST /v1/chat/completions HTTP/1.1" 200 -
2026-09-17 09:46:16,647 INFO "POST /v1/chat/completions HTTP/1.1" 200 -
2026-09-17 09:46:16,684 INFO "POST /v1/chat/completions HTTP/1.1" 200 -
2026-09-17 09:46:16,684 INFO "POST /v1/chat/completions HTTP/1.1" 200 -
2026-09-17 09:46:16,714 INFO "POST /v1/chat/completions HTTP/1.1" 200 -
2026-09-17 09:46:16,746 INFO "POST /v1/chat/completions HTTP/1.1" 200 -
2026-09-17 09:46:16,746 INFO "POST /v1/chat/completions HTTP/1.1" 200 -
2026-09-17 09:46:16,772 INFO "POST /v1/chat/completions HTTP/1.1" 200 -
2026-09-17 09:46:16,772 INFO "POST /v1/chat/completions HTTP/1.1" 200 -
2026-09-17 09:46:16,790 INFO "POST /v1/chat/completions HTTP/1.1" 200 -
2026-09-17 09:46:16,790 INFO "POST /v1/chat/completions HTTP/1.1" 200 -
2026-09-17 09:46:16,792 INFO "GET /v1/status HTTP/1.1" 200 -
2026-09-17 09:46:16,848 INFO "GET /v1/status HTTP/1.1" 200 -
2026-09-17 09:46:16,905 INFO "GET /v1/status HTTP/1.1" 200 -
2026-09-17 09:46:16,963 INFO "GET /v1/status HTTP/1.1" 200 -
2026-09-17 09:46:17,021 INFO "GET /v1/status HTTP/1.1" 200 -
2026-09-17 09:46:17,078 INFO "GET /v1/status HTTP/1.1" 200 -
2026-09-17 09:46:17,137 INFO "GET /v1/status HTTP/1.1" 200 -
2026-09-17 09:46:17,192 INFO "GET /v1/status HTTP/1.1" 200 -
2026-09-17 09:46:17,243 INFO "GET /v1/status HTTP/1.1" 200 -
2026-09-17 09:46:17,277 INFO "GET /v1/status HTTP/1.1" 200 -
2026-09-17 09:46:17,895 INFO "POST /v1/chat/completions HTTP/1.1" 200 -
2026-09-17 09:46:18,439 INFO "POST /v1/chat/completions HTTP/1.1" 200 -
2026-09-17 09:46:18,979 INFO "POST /v1/chat/completions HTTP/1.1" 200 -
2026-09-17 09:46:19,519 INFO "POST /v1/chat/completions HTTP/1.1" 200 -
2026-09-17 09:46:20,058 INFO "POST /v1/chat/completions HTTP/1.1" 200 -
2026-09-17 09:46:20,599 INFO "POST /v1/chat/completions HTTP/1.1" 200 -
2026-09-17 09:46:21,136 INFO "POST /v1/chat/completions HTTP/1.1" 200 -
2026-09-17 09:46:21,700 INFO "POST /v1/chat/completions HTTP/1.1" 200 -
2026-09-17 09:46:22,247 INFO "POST /v1/chat/completions HTTP/1.1" 200 -
2026-09-17 09:46:22,798 INFO "POST /v1/chat/completions HTTP/1.1" 200 -
2026-09-17 09:46:23,338 INFO "POST /v1/chat/completions HTTP/1.1" 200 -
2026-09-17 09:46:23,882 INFO "POST /v1/chat/completions HTTP/1.1" 200 -
2026-09-17 09:46:24,461 INFO "POST /v1/chat/completions HTTP/1.1" 200 -
2026-09-17 09:46:25,042 INFO "POST /v1/chat/completions HTTP/1.1" 200 -
2026-09-17 09:46:25,583 INFO "POST /v1/chat/completions HTTP/1.1" 200 -
2026-09-17 09:46:26,161 INFO "POST /v1/chat/completions HTTP/1.1" 200 -
2026-09-17 09:46:26,739 INFO "POST /v1/chat/completions HTTP/1.1" 200 -
2026-09-17 09:46:27,335 INFO "POST /v1/chat/completions HTTP/1.1" 200 -
2026-09-17 09:46:27,918 INFO "POST /v1/chat/completions HTTP/1.1" 200 -
2026-09-17 09:46:28,510 INFO "POST /v1/chat/completions HTTP/1.1" 200 -
2026-09-17 09:46:31,409 INFO "POST /v1/chat/completions HTTP/1.1" 200 -
2026-09-17 09:46:31,469 INFO "POST /v1/chat/completions HTTP/1.1" 200 -
2026-09-17 09:46:31,469 INFO "POST /v1/chat/completions HTTP/1.1" 200 -
2026-09-17 09:46:31,524 INFO "POST /v1/chat/completions HTTP/1.1" 200 -
2026-09-17 09:46:31,524 INFO "POST /v1/chat/completions HTTP/1.1" 200 -
2026-09-17 09:46:31,571 INFO "POST /v1/chat/completions HTTP/1.1" 200 -
2026-09-17 09:46:31,575 INFO "POST /v1/chat/completions HTTP/1.1" 200 -
2026-09-17 09:46:31,618 INFO "POST /v1/chat/completions HTTP/1.1" 200 -
2026-09-17 09:46:31,622 INFO "POST /v1/chat/completions HTTP/1.1" 200 -
2026-09-17 09:46:31,660 INFO "POST /v1/chat/completions HTTP/1.1" 200 -
2026-09-17 09:46:31,664 INFO "POST /v1/chat/completions HTTP/1.1" 200 -
2026-09-17 09:46:31,701 INFO "POST /v1/chat/completions HTTP/1.1" 200 -
2026-09-17 09:46:31,701 INFO "POST /v1/chat/completions HTTP/1.1" 200 -
2026-09-17 09:46:31,731 INFO "POST /v1/chat/completions HTTP/1.1" 200 -
2026-09-17 09:46:31,763 INFO "POST /v1/chat/completions HTTP/1.1" 200 -
2026-09-17 09:46:31,763 INFO "POST /v1/chat/completions HTTP/1.1" 200 -
2026-09-17 09:46:31,790 INFO "POST /v1/chat/completions HTTP/1.1" 200 -
2026-09-17 09:46:31,790 INFO "POST /v1/chat/completions HTTP/1.1" 200 -
2026-09-17 09:46:31,821 INFO "POST /v1/chat/completions HTTP/1.1" 200 -
2026-09-17 09:46:31,821 INFO "POST /v1/chat/completions HTTP/1.1" 200 -
2026-09-17 09:46:31,823 INFO "GET /v1/status HTTP/1.1" 200 -
2026-09-17 09:46:31,880 INFO "GET /v1/status HTTP/1.1" 200 -
2026-09-17 09:46:31,937 INFO "GET /v1/status HTTP/1.1" 200 -
2026-09-17 09:46:31,991 INFO "GET /v1/status HTTP/1.1" 200 -
2026-09-17 09:46:32,046 INFO "GET /v1/status HTTP/1.1" 200 -
2026-09-17 09:46:32,112 INFO "GET /v1/status HTTP/1.1" 200 -
2026-09-17 09:46:32,168 INFO "GET /v1/status HTTP/1.1" 200 -
2026-09-17 09:46:32,226 INFO "GET /v1/status HTTP/1.1" 200 -
2026-09-17 09:46:32,283 INFO "GET /v1/status HTTP/1.1" 200 -
2026-09-17 09:46:32,342 INFO "GET /v1/status HTTP/1.1" 200 -
2026-09-17 09:46:32,396 INFO "GET /v1/status HTTP/1.1" 200 -
2026-09-17 09:46:32,431 INFO "GET /v1/status HTTP/1.1" 200 -
2026-09-17 09:46:33,046 INFO "POST /v1/chat/completions HTTP/1.1" 200 -
2026-09-17 09:46:33,588 INFO "POST /v1/chat/completions HTTP/1.1" 200 -
2026-09-17 09:46:34,128 INFO "POST /v1/chat/completions HTTP/1.1" 200 -
2026-09-17 09:46:34,708 INFO "POST /v1/chat/completions HTTP/1.1" 200 -
2026-09-17 09:46:35,245 INFO "POST /v1/chat/completions HTTP/1.1" 200 -
2026-09-17 09:46:35,787 INFO "POST /v1/chat/completions HTTP/1.1" 200 -
2026-09-17 09:46:36,328 INFO "POST /v1/chat/completions HTTP/1.1" 200 -
2026-09-17 09:46:36,907 INFO "POST /v1/chat/completions HTTP/1.1" 200 -
2026-09-17 09:46:37,446 INFO "POST /v1/chat/completions HTTP/1.1" 200 -
2026-09-17 09:46:38,021 INFO "POST /v1/chat/completions HTTP/1.1" 200 -
2026-09-17 09:46:38,597 INFO "POST /v1/chat/completions HTTP/1.1" 200 -
2026-09-17 09:46:39,179 INFO "POST /v1/chat/completions HTTP/1.1" 200 -
2026-09-17 09:46:39,758 INFO "POST /v1/chat/completions HTTP/1.1" 200 -
2026-09-17 09:46:40,303 INFO "POST /v1/chat/completions HTTP/1.1" 200 -
2026-09-17 09:46:40,842 INFO "POST /v1/chat/completions HTTP/1.1" 200 -
2026-09-17 09:46:41,421 INFO "POST /v1/chat/completions HTTP/1.1" 200 -
2026-09-17 09:46:41,998 INFO "POST /v1/chat/completions HTTP/1.1" 200 -
2026-09-17 09:46:42,577 INFO "POST /v1/chat/completions HTTP/1.1" 200 -
2026-09-17 09:46:43,153 INFO "POST /v1/chat/completions HTTP/1.1" 200 -
2026-09-17 09:46:43,738 INFO "POST /v1/chat/completions HTTP/1.1" 200 -
2026-09-17 09:46:46,561 INFO "POST /v1/chat/completions HTTP/1.1" 200 -
2026-09-17 09:46:46,561 INFO "POST /v1/chat/completions HTTP/1.1" 200 -
2026-09-17 09:46:46,618 INFO "POST /v1/chat/completions HTTP/1.1" 200 -
2026-09-17 09:46:46,618 INFO "POST /v1/chat/completions HTTP/1.1" 200 -
2026-09-17 09:46:46,706 INFO "POST /v1/chat/completions HTTP/1.1" 200 -
2026-09-17 09:46:46,706 INFO "POST /v1/chat/completions HTTP/1.1" 200 -
2026-09-17 09:46:46,754 INFO "POST /v1/chat/completions HTTP/1.1" 200 -
2026-09-17 09:46:46,754 INFO "POST /v1/chat/completions HTTP/1.1" 200 -
2026-09-17 09:46:46,795 INFO "POST /v1/chat/completions HTTP/1.1" 200 -
2026-09-17 09:46:46,837 INFO "POST /v1/chat/completions HTTP/1.1" 200 -
2026-09-17 09:46:46,837 INFO "POST /v1/chat/completions HTTP/1.1" 200 -
2026-09-17 09:46:46,873 INFO "POST /v1/chat/completions HTTP/1.1" 200 -
2026-09-17 09:46:46,873 INFO "POST /v1/chat/completions HTTP/1.1" 200 -
2026-09-17 09:46:46,907 INFO "POST /v1/chat/completions HTTP/1.1" 200 -
2026-09-17 09:46:46,907 INFO "POST /v1/chat/completions HTTP/1.1" 200 -
2026-09-17 09:46:46,936 INFO "POST /v1/chat/completions HTTP/1.1" 200 -
2026-09-17 09:46:46,936 INFO "POST /v1/chat/completions HTTP/1.1" 200 -
2026-09-17 09:46:46,957 INFO "POST /v1/chat/completions HTTP/1.1" 200 -
2026-09-17 09:46:46,977 INFO "POST /v1/chat/completions HTTP/1.1" 200 -
2026-09-17 09:46:46,977 INFO "POST /v1/chat/completions HTTP/1.1" 200 -
2026-09-17 09:46:46,978 INFO "GET /v1/status HTTP/1.1" 200 -
2026-09-17 09:46:47,035 INFO "GET /v1/status HTTP/1.1" 200 -
2026-09-17 09:46:47,091 INFO "GET /v1/status HTTP/1.1" 200 -
2026-09-17 09:46:47,148 INFO "GET /v1/status HTTP/1.1" 200 -
2026-09-17 09:46:47,206 INFO "GET /v1/status HTTP/1.1" 200 -
2026-09-17 09:46:47,265 INFO "GET /v1/status HTTP/1.1" 200 -
2026-09-17 09:46:47,321 INFO "GET /v1/status HTTP/1.1" 200 -
2026-09-17 09:46:47,381 INFO "GET /v1/status HTTP/1.1" 200 -
2026-09-17 09:46:47,441 INFO "GET /v1/status HTTP/1.1" 200 -
2026-09-17 09:46:47,499 INFO "GET /v1/status HTTP/1.1" 200 -
2026-09-17 09:46:47,557 INFO "GET /v1/status HTTP/1.1" 200 -
2026-09-17 09:46:47,612 INFO "GET /v1/status HTTP/1.1" 200 -
2026-09-17 09:46:47,645 INFO "GET /v1/status HTTP/1.1" 200 -
2026-09-17 09:46:48,219 INFO "POST /v1/chat/completions HTTP/1.1" 200 -
2026-09-17 09:46:48,780 INFO "POST /v1/chat/completions HTTP/1.1" 200 -
2026-09-17 09:46:49,355 INFO "POST /v1/chat/completions HTTP/1.1" 200 -
2026-09-17 09:46:49,924 INFO "POST /v1/chat/completions HTTP/1.1" 200 -
2026-09-17 09:46:50,503 INFO "POST /v1/chat/completions HTTP/1.1" 200 -
2026-09-17 09:46:51,045 INFO "POST /v1/chat/completions HTTP/1.1" 200 -
2026-09-17 09:46:51,596 INFO "POST /v1/chat/completions HTTP/1.1" 200 -
2026-09-17 09:46:52,186 INFO "POST /v1/chat/completions HTTP/1.1" 200 -
2026-09-17 09:46:52,763 INFO "POST /v1/chat/completions HTTP/1.1" 200 -
2026-09-17 09:46:53,307 INFO "POST /v1/chat/completions HTTP/1.1" 200 -
2026-09-17 09:46:53,860 INFO "POST /v1/chat/completions HTTP/1.1" 200 -
2026-09-17 09:46:54,445 INFO "POST /v1/chat/completions HTTP/1.1" 200 -
2026-09-17 09:46:55,007 INFO "POST /v1/chat/completions HTTP/1.1" 200 -
2026-09-17 09:46:55,605 INFO "POST /v1/chat/completions HTTP/1.1" 200 -
2026-09-17 09:46:56,191 INFO "POST /v1/chat/completions HTTP/1.1" 200 -
2026-09-17 09:46:56,735 INFO "POST /v1/chat/completions HTTP/1.1" 200 -
2026-09-17 09:46:57,313 INFO "POST /v1/chat/completions HTTP/1.1" 200 -
2026-09-17 09:46:57,889 INFO "POST /v1/chat/completions HTTP/1.1" 200 -
2026-09-17 09:46:58,469 INFO "POST /v1/chat/completions HTTP/1.1" 200 -
2026-09-17 09:46:59,049 INFO "POST /v1/chat/completions HTTP/1.1" 200 -
2026-09-17 09:47:01,940 INFO "POST /v1/chat/completions HTTP/1.1" 200 -
2026-09-17 09:47:01,940 INFO "POST /v1/chat/completions HTTP/1.1" 200 -
2026-09-17 09:47:01,992 INFO "POST /v1/chat/completions HTTP/1.1" 200 -
2026-09-17 09:47:02,047 INFO "POST /v1/chat/completions HTTP/1.1" 200 -
2026-09-17 09:47:02,047 INFO "POST /v1/chat/completions HTTP/1.1" 200 -
2026-09-17 09:47:02,097 INFO "POST /v1/chat/completions HTTP/1.1" 200 -
2026-09-17 09:47:02,097 INFO "POST /v1/chat/completions HTTP/1.1" 200 -
2026-09-17 09:47:02,144 INFO "POST /v1/chat/completions HTTP/1.1" 200 -
2026-09-17 09:47:02,144 INFO "POST /v1/chat/completions HTTP/1.1" 200 -
2026-09-17 09:47:02,182 INFO "POST /v1/chat/completions HTTP/1.1" 200 -
2026-09-17 09:47:02,217 INFO "POST /v1/chat/completions HTTP/1.1" 200 -
2026-09-17 09:47:02,254 INFO "POST /v1/chat/completions HTTP/1.1" 200 -
2026-09-17 09:47:02,254 INFO "POST /v1/chat/completions HTTP/1.1" 200 -
2026-09-17 09:47:02,287 INFO "POST /v1/chat/completions HTTP/1.1" 200 -
2026-09-17 09:47:02,287 INFO "POST /v1/chat/completions HTTP/1.1" 200 -
2026-09-17 09:47:02,317 INFO "POST /v1/chat/completions HTTP/1.1" 200 -
2026-09-17 09:47:02,317 INFO "POST /v1/chat/completions HTTP/1.1" 200 -
2026-09-17 09:47:02,338 INFO "POST /v1/chat/completions HTTP/1.1" 200 -
2026-09-17 09:47:02,355 INFO "POST /v1/chat/completions HTTP/1.1" 200 -
2026-09-17 09:47:02,357 INFO "POST /v1/chat/completions HTTP/1.1" 200 -
2026-09-17 09:47:02,358 INFO "GET /v1/status HTTP/1.1" 200 -
2026-09-17 09:47:02,415 INFO "GET /v1/status HTTP/1.1" 200 -
2026-09-17 09:47:02,472 INFO "GET /v1/status HTTP/1.1" 200 -
2026-09-17 09:47:02,529 INFO "GET /v1/status HTTP/1.1" 200 -
2026-09-17 09:47:02,586 INFO "GET /v1/status HTTP/1.1" 200 -
2026-09-17 09:47:02,641 INFO "GET /v1/status HTTP/1.1" 200 -
2026-09-17 09:47:02,699 INFO "GET /v1/status HTTP/1.1" 200 -
2026-09-17 09:47:02,752 INFO "GET /v1/status HTTP/1.1" 200 -
2026-09-17 09:47:02,786 INFO "GET /v1/status HTTP/1.1" 200 -
2026-09-17 09:47:03,395 INFO "POST /v1/chat/completions HTTP/1.1" 200 -
2026-09-17 09:47:03,938 INFO "POST /v1/chat/completions HTTP/1.1" 200 -
2026-09-17 09:47:04,490 INFO "POST /v1/chat/completions HTTP/1.1" 200 -
2026-09-17 09:47:05,030 INFO "POST /v1/chat/completions HTTP/1.1" 200 -
2026-09-17 09:47:05,605 INFO "POST /v1/chat/completions HTTP/1.1" 200 -
2026-09-17 09:47:06,144 INFO "POST /v1/chat/completions HTTP/1.1" 200 -
2026-09-17 09:47:06,682 INFO "POST /v1/chat/completions HTTP/1.1" 200 -
2026-09-17 09:47:07,263 INFO "POST /v1/chat/completions HTTP/1.1" 200 -
2026-09-17 09:47:07,803 INFO "POST /v1/chat/completions HTTP/1.1" 200 -
2026-09-17 09:47:08,347 INFO "POST /v1/chat/completions HTTP/1.1" 200 -
2026-09-17 09:47:08,924 INFO "POST /v1/chat/completions HTTP/1.1" 200 -
2026-09-17 09:47:09,503 INFO "POST /v1/chat/completions HTTP/1.1" 200 -
2026-09-17 09:47:10,078 INFO "POST /v1/chat/completions HTTP/1.1" 200 -
2026-09-17 09:47:10,621 INFO "POST /v1/chat/completions HTTP/1.1" 200 -
2026-09-17 09:47:11,163 INFO "POST /v1/chat/completions HTTP/1.1" 200 -
2026-09-17 09:47:11,744 INFO "POST /v1/chat/completions HTTP/1.1" 200 -
2026-09-17 09:47:12,327 INFO "POST /v1/chat/completions HTTP/1.1" 200 -
2026-09-17 09:47:12,911 INFO "POST /v1/chat/completions HTTP/1.1" 200 -
2026-09-17 09:47:13,490 INFO "POST /v1/chat/completions HTTP/1.1" 200 -
2026-09-17 09:47:14,071 INFO "POST /v1/chat/completions HTTP/1.1" 200 -
2026-09-17 09:47:17,049 INFO "POST /v1/chat/completions HTTP/1.1" 200 -
2026-09-17 09:47:17,107 INFO "POST /v1/chat/completions HTTP/1.1" 200 -
2026-09-17 09:47:17,107 INFO "POST /v1/chat/completions HTTP/1.1" 200 -
2026-09-17 09:47:17,160 INFO "POST /v1/chat/completions HTTP/1.1" 200 -
2026-09-17 09:47:17,163 INFO "POST /v1/chat/completions HTTP/1.1" 200 -
2026-09-17 09:47:17,210 INFO "POST /v1/chat/completions HTTP/1.1" 200 -
2026-09-17 09:47:17,258 INFO "POST /v1/chat/completions HTTP/1.1" 200 -
2026-09-17 09:47:17,258 INFO "POST /v1/chat/completions HTTP/1.1" 200 -
2026-09-17 09:47:17,299 INFO "POST /v1/chat/completions HTTP/1.1" 200 -
2026-09-17 09:47:17,340 INFO "POST /v1/chat/completions HTTP/1.1" 200 -
2026-09-17 09:47:17,340 INFO "POST /v1/chat/completions HTTP/1.1" 200 -
2026-09-17 09:47:17,374 INFO "POST /v1/chat/completions HTTP/1.1" 200 -
2026-09-17 09:47:17,377 INFO "POST /v1/chat/completions HTTP/1.1" 200 -
2026-09-17 09:47:17,409 INFO "POST /v1/chat/completions HTTP/1.1" 200 -
2026-09-17 09:47:17,412 INFO "POST /v1/chat/completions HTTP/1.1" 200 -
2026-09-17 09:47:17,437 INFO "POST /v1/chat/completions HTTP/1.1" 200 -
2026-09-17 09:47:17,464 INFO "POST /v1/chat/completions HTTP/1.1" 200 -
2026-09-17 09:47:17,464 INFO "POST /v1/chat/completions HTTP/1.1" 200 -
2026-09-17 09:47:17,483 INFO "POST /v1/chat/completions HTTP/1.1" 200 -
2026-09-17 09:47:17,496 INFO "POST /v1/chat/completions HTTP/1.1" 200 -
2026-09-17 09:47:17,498 INFO "GET /v1/status HTTP/1.1" 200 -
2026-09-17 09:47:17,554 INFO "GET /v1/status HTTP/1.1" 200 -
2026-09-17 09:47:17,607 INFO "GET /v1/status HTTP/1.1" 200 -
2026-09-17 09:47:17,664 INFO "GET /v1/status HTTP/1.1" 200 -
2026-09-17 09:47:17,721 INFO "GET /v1/status HTTP/1.1" 200 -
2026-09-17 09:47:17,777 INFO "GET /v1/status HTTP/1.1" 200 -
2026-09-17 09:47:17,835 INFO "GET /v1/status HTTP/1.1" 200 -
2026-09-17 09:47:17,892 INFO "GET /v1/status HTTP/1.1" 200 -
2026-09-17 09:47:17,923 INFO "GET /v1/status HTTP/1.1" 200 -
2026-09-17 09:47:18,542 INFO "POST /v1/chat/completions HTTP/1.1" 200 -
2026-09-17 09:47:19,083 INFO "POST /v1/chat/completions HTTP/1.1" 200 -
2026-09-17 09:47:19,627 INFO "POST /v1/chat/completions HTTP/1.1" 200 -
2026-09-17 09:47:20,167 INFO "POST /v1/chat/completions HTTP/1.1" 200 -
2026-09-17 09:47:20,747 INFO "POST /v1/chat/completions HTTP/1.1" 200 -
2026-09-17 09:47:21,283 INFO "POST /v1/chat/completions HTTP/1.1" 200 -
2026-09-17 09:47:21,864 INFO "POST /v1/chat/completions HTTP/1.1" 200 -
2026-09-17 09:47:22,399 INFO "POST /v1/chat/completions HTTP/1.1" 200 -
2026-09-17 09:47:22,984 INFO "POST /v1/chat/completions HTTP/1.1" 200 -
2026-09-17 09:47:23,525 INFO "POST /v1/chat/completions HTTP/1.1" 200 -
2026-09-17 09:47:24,105 INFO "POST /v1/chat/completions HTTP/1.1" 200 -
2026-09-17 09:47:24,643 INFO "POST /v1/chat/completions HTTP/1.1" 200 -
2026-09-17 09:47:25,187 INFO "POST /v1/chat/completions HTTP/1.1" 200 -
2026-09-17 09:47:25,725 INFO "POST /v1/chat/completions HTTP/1.1" 200 -
2026-09-17 09:47:26,311 INFO "POST /v1/chat/completions HTTP/1.1" 200 -
2026-09-17 09:47:26,849 INFO "POST /v1/chat/completions HTTP/1.1" 200 -
2026-09-17 09:47:27,430 INFO "POST /v1/chat/completions HTTP/1.1" 200 -
2026-09-17 09:47:28,022 INFO "POST /v1/chat/completions HTTP/1.1" 200 -
2026-09-17 09:47:28,608 INFO "POST /v1/chat/completions HTTP/1.1" 200 -
2026-09-17 09:47:29,193 INFO "POST /v1/chat/completions HTTP/1.1" 200 -
2026-09-17 09:47:32,213 INFO "POST /v1/chat/completions HTTP/1.1" 200 -
2026-09-17 09:47:32,213 INFO "POST /v1/chat/completions HTTP/1.1" 200 -
2026-09-17 09:47:32,272 INFO "POST /v1/chat/completions HTTP/1.1" 200 -
2026-09-17 09:47:32,272 INFO "POST /v1/chat/completions HTTP/1.1" 200 -
2026-09-17 09:47:32,325 INFO "POST /v1/chat/completions HTTP/1.1" 200 -
2026-09-17 09:47:32,326 INFO "POST /v1/chat/completions HTTP/1.1" 200 -
2026-09-17 09:47:32,371 INFO "POST /v1/chat/completions HTTP/1.1" 200 -
2026-09-17 09:47:32,418 INFO "POST /v1/chat/completions HTTP/1.1" 200 -
2026-09-17 09:47:32,418 INFO "POST /v1/chat/completions HTTP/1.1" 200 -
2026-09-17 09:47:32,455 INFO "POST /v1/chat/completions HTTP/1.1" 200 -
2026-09-17 09:47:32,493 INFO "POST /v1/chat/completions HTTP/1.1" 200 -
2026-09-17 09:47:32,493 INFO "POST /v1/chat/completions HTTP/1.1" 200 -
2026-09-17 09:47:32,524 INFO "POST /v1/chat/completions HTTP/1.1" 200 -
2026-09-17 09:47:32,527 INFO "POST /v1/chat/completions HTTP/1.1" 200 -
2026-09-17 09:47:32,559 INFO "POST /v1/chat/completions HTTP/1.1" 200 -
2026-09-17 09:47:32,559 INFO "POST /v1/chat/completions HTTP/1.1" 200 -
2026-09-17 09:47:32,582 INFO "POST /v1/chat/completions HTTP/1.1" 200 -
2026-09-17 09:47:32,604 INFO "POST /v1/chat/completions HTTP/1.1" 200 -
2026-09-17 09:47:32,607 INFO "POST /v1/chat/completions HTTP/1.1" 200 -
2026-09-17 09:47:32,631 INFO "POST /v1/chat/completions HTTP/1.1" 200 -
2026-09-17 09:47:32,632 INFO "GET /v1/status HTTP/1.1" 200 -
2026-09-17 09:47:32,689 INFO "GET /v1/status HTTP/1.1" 200 -
2026-09-17 09:47:32,746 INFO "GET /v1/status HTTP/1.1" 200 -
2026-09-17 09:47:32,798 INFO "GET /v1/status HTTP/1.1" 200 -
2026-09-17 09:47:32,851 INFO "GET /v1/status HTTP/1.1" 200 -
2026-09-17 09:47:32,908 INFO "GET /v1/status HTTP/1.1" 200 -
2026-09-17 09:47:32,962 INFO "GET /v1/status HTTP/1.1" 200 -
2026-09-17 09:47:33,016 INFO "GET /v1/status HTTP/1.1" 200 -
2026-09-17 09:47:33,071 INFO "GET /v1/status HTTP/1.1" 200 -
2026-09-17 09:47:33,105 INFO "GET /v1/status HTTP/1.1" 200 -
2026-09-17 09:47:33,725 INFO "POST /v1/chat/completions HTTP/1.1" 200 -
2026-09-17 09:47:34,313 INFO "POST /v1/chat/completions HTTP/1.1" 200 -
2026-09-17 09:47:34,863 INFO "POST /v1/chat/completions HTTP/1.1" 200 -
2026-09-17 09:47:35,423 INFO "POST /v1/chat/completions HTTP/1.1" 200 -
2026-09-17 09:47:35,980 INFO "POST /v1/chat/completions HTTP/1.1" 200 -
2026-09-17 09:47:36,572 INFO "POST /v1/chat/completions HTTP/1.1" 200 -
2026-09-17 09:47:37,120 INFO "POST /v1/chat/completions HTTP/1.1" 200 -
2026-09-17 09:47:37,703 INFO "POST /v1/chat/completions HTTP/1.1" 200 -
2026-09-17 09:47:38,252 INFO "POST /v1/chat/completions HTTP/1.1" 200 -
2026-09-17 09:47:38,835 INFO "POST /v1/chat/completions HTTP/1.1" 200 -
2026-09-17 09:47:39,421 INFO "POST /v1/chat/completions HTTP/1.1" 200 -
2026-09-17 09:47:39,967 INFO "POST /v1/chat/completions HTTP/1.1" 200 -
2026-09-17 09:47:40,524 INFO "POST /v1/chat/completions HTTP/1.1" 200 -
2026-09-17 09:47:41,112 INFO "POST /v1/chat/completions HTTP/1.1" 200 -
2026-09-17 09:47:41,713 INFO "POST /v1/chat/completions HTTP/1.1" 200 -
2026-09-17 09:47:42,313 INFO "POST /v1/chat/completions HTTP/1.1" 200 -
2026-09-17 09:47:42,917 INFO "POST /v1/chat/completions HTTP/1.1" 200 -
2026-09-17 09:47:43,504 INFO "POST /v1/chat/completions HTTP/1.1" 200 -
2026-09-17 09:47:44,096 INFO "POST /v1/chat/completions HTTP/1.1" 200 -
2026-09-17 09:47:44,681 INFO "POST /v1/chat/completions HTTP/1.1" 200 -
2026-09-17 09:47:47,684 INFO "POST /v1/chat/completions HTTP/1.1" 200 -
2026-09-17 09:47:47,684 INFO "POST /v1/chat/completions HTTP/1.1" 200 -
2026-09-17 09:47:47,738 INFO "POST /v1/chat/completions HTTP/1.1" 200 -
2026-09-17 09:47:47,792 INFO "POST /v1/chat/completions HTTP/1.1" 200 -
2026-09-17 09:47:47,792 INFO "POST /v1/chat/completions HTTP/1.1" 200 -
2026-09-17 09:47:47,838 INFO "POST /v1/chat/completions HTTP/1.1" 200 -
2026-09-17 09:47:47,883 INFO "POST /v1/chat/completions HTTP/1.1" 200 -
2026-09-17 09:47:47,930 INFO "POST /v1/chat/completions HTTP/1.1" 200 -
2026-09-17 09:47:47,930 INFO "POST /v1/chat/completions HTTP/1.1" 200 -
2026-09-17 09:47:47,968 INFO "POST /v1/chat/completions HTTP/1.1" 200 -
2026-09-17 09:47:48,006 INFO "POST /v1/chat/completions HTTP/1.1" 200 -
2026-09-17 09:47:48,006 INFO "POST /v1/chat/completions HTTP/1.1" 200 -
2026-09-17 09:47:48,041 INFO "POST /v1/chat/completions HTTP/1.1" 200 -
2026-09-17 09:47:48,041 INFO "POST /v1/chat/completions HTTP/1.1" 200 -
2026-09-17 09:47:48,068 INFO "POST /v1/chat/completions HTTP/1.1" 200 -
2026-09-17 09:47:48,096 INFO "POST /v1/chat/completions HTTP/1.1" 200 -
2026-09-17 09:47:48,096 INFO "POST /v1/chat/completions HTTP/1.1" 200 -
2026-09-17 09:47:48,119 INFO "POST /v1/chat/completions HTTP/1.1" 200 -
2026-09-17 09:47:48,122 INFO "POST /v1/chat/completions HTTP/1.1" 200 -
2026-09-17 09:47:48,136 INFO "POST /v1/chat/completions HTTP/1.1" 200 -
2026-09-17 09:47:48,137 INFO "GET /v1/status HTTP/1.1" 200 -
2026-09-17 09:47:48,194 INFO "GET /v1/status HTTP/1.1" 200 -
2026-09-17 09:47:48,228 INFO "GET /v1/status HTTP/1.1" 200 -
2026-09-17 09:47:48,259 INFO "GET /v1/status HTTP/1.1" 200 -
2026-09-17 09:47:48,811 INFO "POST /v1/chat/completions HTTP/1.1" 200 -
2026-09-17 09:47:49,358 INFO "POST /v1/chat/completions HTTP/1.1" 200 -
2026-09-17 09:47:49,969 INFO "POST /v1/chat/completions HTTP/1.1" 200 -
2026-09-17 09:47:50,508 INFO "POST /v1/chat/completions HTTP/1.1" 200 -
2026-09-17 09:47:51,085 INFO "POST /v1/chat/completions HTTP/1.1" 200 -
2026-09-17 09:47:51,632 INFO "POST /v1/chat/completions HTTP/1.1" 200 -
2026-09-17 09:47:52,174 INFO "POST /v1/chat/completions HTTP/1.1" 200 -
2026-09-17 09:47:52,755 INFO "POST /v1/chat/completions HTTP/1.1" 200 -
2026-09-17 09:47:53,291 INFO "POST /v1/chat/completions HTTP/1.1" 200 -
2026-09-17 09:47:53,831 INFO "POST /v1/chat/completions HTTP/1.1" 200 -
2026-09-17 09:47:54,411 INFO "POST /v1/chat/completions HTTP/1.1" 200 -
2026-09-17 09:47:55,004 INFO "POST /v1/chat/completions HTTP/1.1" 200 -
2026-09-17 09:47:55,554 INFO "POST /v1/chat/completions HTTP/1.1" 200 -
2026-09-17 09:47:56,173 INFO "POST /v1/chat/completions HTTP/1.1" 200 -
2026-09-17 09:47:56,765 INFO "POST /v1/chat/completions HTTP/1.1" 200 -
2026-09-17 09:47:57,314 INFO "POST /v1/chat/completions HTTP/1.1" 200 -
2026-09-17 09:47:57,899 INFO "POST /v1/chat/completions HTTP/1.1" 200 -
2026-09-17 09:47:58,487 INFO "POST /v1/chat/completions HTTP/1.1" 200 -
2026-09-17 09:47:59,071 INFO "POST /v1/chat/completions HTTP/1.1" 200 -
2026-09-17 09:47:59,663 INFO "POST /v1/chat/completions HTTP/1.1" 200 -
2026-09-17 09:48:02,595 INFO "POST /v1/chat/completions HTTP/1.1" 200 -
2026-09-17 09:48:02,595 INFO "POST /v1/chat/completions HTTP/1.1" 200 -
2026-09-17 09:48:02,645 INFO "POST /v1/chat/completions HTTP/1.1" 200 -
2026-09-17 09:48:02,699 INFO "POST /v1/chat/completions HTTP/1.1" 200 -
2026-09-17 09:48:02,699 INFO "POST /v1/chat/completions HTTP/1.1" 200 -
2026-09-17 09:48:02,748 INFO "POST /v1/chat/completions HTTP/1.1" 200 -
2026-09-17 09:48:02,748 INFO "POST /v1/chat/completions HTTP/1.1" 200 -
2026-09-17 09:48:02,790 INFO "POST /v1/chat/completions HTTP/1.1" 200 -
2026-09-17 09:48:02,833 INFO "POST /v1/chat/completions HTTP/1.1" 200 -
2026-09-17 09:48:02,833 INFO "POST /v1/chat/completions HTTP/1.1" 200 -
2026-09-17 09:48:02,867 INFO "POST /v1/chat/completions HTTP/1.1" 200 -
2026-09-17 09:48:02,904 INFO "POST /v1/chat/completions HTTP/1.1" 200 -
2026-09-17 09:48:02,904 INFO "POST /v1/chat/completions HTTP/1.1" 200 -
2026-09-17 09:48:02,937 INFO "POST /v1/chat/completions HTTP/1.1" 200 -
2026-09-17 09:48:02,937 INFO "POST /v1/chat/completions HTTP/1.1" 200 -
2026-09-17 09:48:02,961 INFO "POST /v1/chat/completions HTTP/1.1" 200 -
2026-09-17 09:48:02,987 INFO "POST /v1/chat/completions HTTP/1.1" 200 -
2026-09-17 09:48:02,987 INFO "POST /v1/chat/completions HTTP/1.1" 200 -
2026-09-17 09:48:03,004 INFO "POST /v1/chat/completions HTTP/1.1" 200 -
2026-09-17 09:48:03,006 INFO "POST /v1/chat/completions HTTP/1.1" 200 -
2026-09-17 09:48:03,008 INFO "GET /v1/status HTTP/1.1" 200 -
2026-09-17 09:48:03,064 INFO "GET /v1/status HTTP/1.1" 200 -
2026-09-17 09:48:03,122 INFO "GET /v1/status HTTP/1.1" 200 -
2026-09-17 09:48:03,179 INFO "GET /v1/status HTTP/1.1" 200 -
2026-09-17 09:48:03,235 INFO "GET /v1/status HTTP/1.1" 200 -
2026-09-17 09:48:03,291 INFO "GET /v1/status HTTP/1.1" 200 -
2026-09-17 09:48:03,346 INFO "GET /v1/status HTTP/1.1" 200 -
2026-09-17 09:48:03,401 INFO "GET /v1/status HTTP/1.1" 200 -
2026-09-17 09:48:03,435 INFO "GET /v1/status HTTP/1.1" 200 -
2026-09-17 09:48:04,059 INFO "POST /v1/chat/completions HTTP/1.1" 200 -
2026-09-17 09:48:04,603 INFO "POST /v1/chat/completions HTTP/1.1" 200 -
2026-09-17 09:48:05,153 INFO "POST /v1/chat/completions HTTP/1.1" 200 -
2026-09-17 09:48:05,701 INFO "POST /v1/chat/completions HTTP/1.1" 200 -
2026-09-17 09:48:06,292 INFO "POST /v1/chat/completions HTTP/1.1" 200 -
2026-09-17 09:48:06,878 INFO "POST /v1/chat/completions HTTP/1.1" 200 -
2026-09-17 09:48:07,426 INFO "POST /v1/chat/completions HTTP/1.1" 200 -
2026-09-17 09:48:08,010 INFO "POST /v1/chat/completions HTTP/1.1" 200 -
2026-09-17 09:48:08,557 INFO "POST /v1/chat/completions HTTP/1.1" 200 -
2026-09-17 09:48:09,136 INFO "POST /v1/chat/completions HTTP/1.1" 200 -
2026-09-17 09:48:09,686 INFO "POST /v1/chat/completions HTTP/1.1" 200 -
2026-09-17 09:48:10,229 INFO "POST /v1/chat/completions HTTP/1.1" 200 -
2026-09-17 09:48:10,773 INFO "POST /v1/chat/completions HTTP/1.1" 200 -
2026-09-17 09:48:11,315 INFO "POST /v1/chat/completions HTTP/1.1" 200 -
2026-09-17 09:48:11,910 INFO "POST /v1/chat/completions HTTP/1.1" 200 -
2026-09-17 09:48:12,505 INFO "POST /v1/chat/completions HTTP/1.1" 200 -
2026-09-17 09:48:13,086 INFO "POST /v1/chat/completions HTTP/1.1" 200 -
2026-09-17 09:48:13,681 INFO "POST /v1/chat/completions HTTP/1.1" 200 -
2026-09-17 09:48:14,269 INFO "POST /v1/chat/completions HTTP/1.1" 200 -
2026-09-17 09:48:14,864 INFO "POST /v1/chat/completions HTTP/1.1" 200 -
2026-09-17 09:48:17,775 INFO "POST /v1/chat/completions HTTP/1.1" 200 -
2026-09-17 09:48:17,836 INFO "POST /v1/chat/completions HTTP/1.1" 200 -
2026-09-17 09:48:17,836 INFO "POST /v1/chat/completions HTTP/1.1" 200 -
2026-09-17 09:48:17,886 INFO "POST /v1/chat/completions HTTP/1.1" 200 -
2026-09-17 09:48:17,937 INFO "POST /v1/chat/completions HTTP/1.1" 200 -
2026-09-17 09:48:17,937 INFO "POST /v1/chat/completions HTTP/1.1" 200 -
2026-09-17 09:48:17,979 INFO "POST /v1/chat/completions HTTP/1.1" 200 -
2026-09-17 09:48:18,026 INFO "POST /v1/chat/completions HTTP/1.1" 200 -
2026-09-17 09:48:18,026 INFO "POST /v1/chat/completions HTTP/1.1" 200 -
2026-09-17 09:48:18,066 INFO "POST /v1/chat/completions HTTP/1.1" 200 -
2026-09-17 09:48:18,066 INFO "POST /v1/chat/completions HTTP/1.1" 200 -
2026-09-17 09:48:18,098 INFO "POST /v1/chat/completions HTTP/1.1" 200 -
2026-09-17 09:48:18,131 INFO "POST /v1/chat/completions HTTP/1.1" 200 -
2026-09-17 09:48:18,132 INFO "POST /v1/chat/completions HTTP/1.1" 200 -
2026-09-17 09:48:18,160 INFO "POST /v1/chat/completions HTTP/1.1" 200 -
2026-09-17 09:48:18,163 INFO "POST /v1/chat/completions HTTP/1.1" 200 -
2026-09-17 09:48:18,189 INFO "POST /v1/chat/completions HTTP/1.1" 200 -
2026-09-17 09:48:18,189 INFO "POST /v1/chat/completions HTTP/1.1" 200 -
2026-09-17 09:48:18,207 INFO "POST /v1/chat/completions HTTP/1.1" 200 -
2026-09-17 09:48:18,207 INFO "POST /v1/chat/completions HTTP/1.1" 200 -
2026-09-17 09:48:18,209 INFO "GET /v1/status HTTP/1.1" 200 -
2026-09-17 09:48:18,265 INFO "GET /v1/status HTTP/1.1" 200 -
2026-09-17 09:48:18,323 INFO "GET /v1/status HTTP/1.1" 200 -
2026-09-17 09:48:18,380 INFO "GET /v1/status HTTP/1.1" 200 -
2026-09-17 09:48:18,438 INFO "GET /v1/status HTTP/1.1" 200 -
2026-09-17 09:48:18,497 INFO "GET /v1/status HTTP/1.1" 200 -
2026-09-17 09:48:18,554 INFO "GET /v1/status HTTP/1.1" 200 -
2026-09-17 09:48:18,587 INFO "GET /v1/status HTTP/1.1" 200 -
2026-09-17 09:48:19,145 INFO "POST /v1/chat/completions HTTP/1.1" 200 -
2026-09-17 09:48:19,698 INFO "POST /v1/chat/completions HTTP/1.1" 200 -
2026-09-17 09:48:20,249 INFO "POST /v1/chat/completions HTTP/1.1" 200 -
2026-09-17 09:48:20,911 INFO "POST /v1/chat/completions HTTP/1.1" 200 -
2026-09-17 09:48:21,448 INFO "POST /v1/chat/completions HTTP/1.1" 200 -
2026-09-17 09:48:22,032 INFO "POST /v1/chat/completions HTTP/1.1" 200 -
2026-09-17 09:48:22,611 INFO "POST /v1/chat/completions HTTP/1.1" 200 -
2026-09-17 09:48:23,203 INFO "POST /v1/chat/completions HTTP/1.1" 200 -
2026-09-17 09:48:23,750 INFO "POST /v1/chat/completions HTTP/1.1" 200 -
2026-09-17 09:48:24,330 INFO "POST /v1/chat/completions HTTP/1.1" 200 -
2026-09-17 09:48:24,914 INFO "POST /v1/chat/completions HTTP/1.1" 200 -
2026-09-17 09:48:25,452 INFO "POST /v1/chat/completions HTTP/1.1" 200 -
2026-09-17 09:48:26,011 INFO "POST /v1/chat/completions HTTP/1.1" 200 -
2026-09-17 09:48:26,555 INFO "POST /v1/chat/completions HTTP/1.1" 200 -
2026-09-17 09:48:27,154 INFO "POST /v1/chat/completions HTTP/1.1" 200 -
2026-09-17 09:48:27,744 INFO "POST /v1/chat/completions HTTP/1.1" 200 -
2026-09-17 09:48:28,347 INFO "POST /v1/chat/completions HTTP/1.1" 200 -
2026-09-17 09:48:28,959 INFO "POST /v1/chat/completions HTTP/1.1" 200 -
2026-09-17 09:48:29,553 INFO "POST /v1/chat/completions HTTP/1.1" 200 -
2026-09-17 09:48:30,139 INFO "POST /v1/chat/completions HTTP/1.1" 200 -
2026-09-17 09:48:33,103 INFO "POST /v1/chat/completions HTTP/1.1" 200 -
2026-09-17 09:48:33,103 INFO "POST /v1/chat/completions HTTP/1.1" 200 -
2026-09-17 09:48:33,162 INFO "POST /v1/chat/completions HTTP/1.1" 200 -
2026-09-17 09:48:33,163 INFO "POST /v1/chat/completions HTTP/1.1" 200 -
2026-09-17 09:48:33,215 INFO "POST /v1/chat/completions HTTP/1.1" 200 -
2026-09-17 09:48:33,215 INFO "POST /v1/chat/completions HTTP/1.1" 200 -
2026-09-17 09:48:33,263 INFO "POST /v1/chat/completions HTTP/1.1" 200 -
2026-09-17 09:48:33,263 INFO "POST /v1/chat/completions HTTP/1.1" 200 -
2026-09-17 09:48:33,307 INFO "POST /v1/chat/completions HTTP/1.1" 200 -
2026-09-17 09:48:33,307 INFO "POST /v1/chat/completions HTTP/1.1" 200 -
2026-09-17 09:48:33,342 INFO "POST /v1/chat/completions HTTP/1.1" 200 -
2026-09-17 09:48:33,379 INFO "POST /v1/chat/completions HTTP/1.1" 200 -
2026-09-17 09:48:33,379 INFO "POST /v1/chat/completions HTTP/1.1" 200 -
2026-09-17 09:48:33,413 INFO "POST /v1/chat/completions HTTP/1.1" 200 -
2026-09-17 09:48:33,413 INFO "POST /v1/chat/completions HTTP/1.1" 200 -
2026-09-17 09:48:33,439 INFO "POST /v1/chat/completions HTTP/1.1" 200 -
2026-09-17 09:48:33,466 INFO "POST /v1/chat/completions HTTP/1.1" 200 -
2026-09-17 09:48:33,466 INFO "POST /v1/chat/completions HTTP/1.1" 200 -
2026-09-17 09:48:33,497 INFO "POST /v1/chat/completions HTTP/1.1" 200 -
2026-09-17 09:48:33,497 INFO "POST /v1/chat/completions HTTP/1.1" 200 -
2026-09-17 09:48:33,498 INFO "GET /v1/status HTTP/1.1" 200 -
2026-09-17 09:48:33,555 INFO "GET /v1/status HTTP/1.1" 200 -
2026-09-17 09:48:33,611 INFO "GET /v1/status HTTP/1.1" 200 -
2026-09-17 09:48:33,651 INFO "GET /v1/status HTTP/1.1" 200 -
2026-09-17 09:48:33,685 INFO "GET /v1/status HTTP/1.1" 200 -
2026-09-17 09:48:34,287 INFO "POST /v1/chat/completions HTTP/1.1" 200 -
2026-09-17 09:48:34,843 INFO "POST /v1/chat/completions HTTP/1.1" 200 -
2026-09-17 09:48:35,423 INFO "POST /v1/chat/completions HTTP/1.1" 200 -
2026-09-17 09:48:35,978 INFO "POST /v1/chat/completions HTTP/1.1" 200 -
2026-09-17 09:48:36,565 INFO "POST /v1/chat/completions HTTP/1.1" 200 -
2026-09-17 09:48:37,123 INFO "POST /v1/chat/completions HTTP/1.1" 200 -
2026-09-17 09:48:37,682 INFO "POST /v1/chat/completions HTTP/1.1" 200 -
2026-09-17 09:48:38,247 INFO "POST /v1/chat/completions HTTP/1.1" 200 -
2026-09-17 09:48:38,828 INFO "POST /v1/chat/completions HTTP/1.1" 200 -
2026-09-17 09:48:39,429 INFO "POST /v1/chat/completions HTTP/1.1" 200 -
2026-09-17 09:48:40,017 INFO "POST /v1/chat/completions HTTP/1.1" 200 -
2026-09-17 09:48:40,605 INFO "POST /v1/chat/completions HTTP/1.1" 200 -
2026-09-17 09:48:41,188 INFO "POST /v1/chat/completions HTTP/1.1" 200 -
2026-09-17 09:48:41,753 INFO "POST /v1/chat/completions HTTP/1.1" 200 -
2026-09-17 09:48:42,352 INFO "POST /v1/chat/completions HTTP/1.1" 200 -
2026-09-17 09:48:42,962 INFO "POST /v1/chat/completions HTTP/1.1" 200 -
2026-09-17 09:48:43,555 INFO "POST /v1/chat/completions HTTP/1.1" 200 -
2026-09-17 09:48:44,155 INFO "POST /v1/chat/completions HTTP/1.1" 200 -
2026-09-17 09:48:44,748 INFO "POST /v1/chat/completions HTTP/1.1" 200 -
2026-09-17 09:48:45,337 INFO "POST /v1/chat/completions HTTP/1.1" 200 -
2026-09-17 09:48:48,242 INFO "POST /v1/chat/completions HTTP/1.1" 200 -
2026-09-17 09:48:48,298 INFO "POST /v1/chat/completions HTTP/1.1" 200 -
2026-09-17 09:48:48,298 INFO "POST /v1/chat/completions HTTP/1.1" 200 -
2026-09-17 09:48:48,347 INFO "POST /v1/chat/completions HTTP/1.1" 200 -
2026-09-17 09:48:48,395 INFO "POST /v1/chat/completions HTTP/1.1" 200 -
2026-09-17 09:48:48,442 INFO "POST /v1/chat/completions HTTP/1.1" 200 -
2026-09-17 09:48:48,465 INFO "POST /v1/chat/completions HTTP/1.1" 200 -
2026-09-17 09:48:48,511 INFO "POST /v1/chat/completions HTTP/1.1" 200 -
2026-09-17 09:48:48,511 INFO "POST /v1/chat/completions HTTP/1.1" 200 -
2026-09-17 09:48:48,548 INFO "POST /v1/chat/completions HTTP/1.1" 200 -
2026-09-17 09:48:48,552 INFO "POST /v1/chat/completions HTTP/1.1" 200 -
2026-09-17 09:48:48,586 INFO "POST /v1/chat/completions HTTP/1.1" 200 -
2026-09-17 09:48:48,590 INFO "POST /v1/chat/completions HTTP/1.1" 200 -
2026-09-17 09:48:48,625 INFO "POST /v1/chat/completions HTTP/1.1" 200 -
2026-09-17 09:48:48,625 INFO "POST /v1/chat/completions HTTP/1.1" 200 -
2026-09-17 09:48:48,655 INFO "POST /v1/chat/completions HTTP/1.1" 200 -
2026-09-17 09:48:48,655 INFO "POST /v1/chat/completions HTTP/1.1" 200 -
2026-09-17 09:48:48,697 INFO "POST /v1/chat/completions HTTP/1.1" 200 -
2026-09-17 09:48:48,697 INFO "POST /v1/chat/completions HTTP/1.1" 200 -
2026-09-17 09:48:48,710 INFO "POST /v1/chat/completions HTTP/1.1" 200 -
2026-09-17 09:48:48,712 INFO "GET /v1/status HTTP/1.1" 200 -
2026-09-17 09:48:48,768 INFO "GET /v1/status HTTP/1.1" 200 -
2026-09-17 09:48:48,806 INFO "GET /v1/status HTTP/1.1" 200 -
2026-09-17 09:48:48,837 INFO "GET /v1/status HTTP/1.1" 200 -
2026-09-17 09:48:49,403 INFO "POST /v1/chat/completions HTTP/1.1" 200 -
2026-09-17 09:48:50,030 INFO "POST /v1/chat/completions HTTP/1.1" 200 -
2026-09-17 09:48:50,577 INFO "POST /v1/chat/completions HTTP/1.1" 200 -
2026-09-17 09:48:51,172 INFO "POST /v1/chat/completions HTTP/1.1" 200 -
2026-09-17 09:48:51,720 INFO "POST /v1/chat/completions HTTP/1.1" 200 -
2026-09-17 09:48:52,267 INFO "POST /v1/chat/completions HTTP/1.1" 200 -
2026-09-17 09:48:52,814 INFO "POST /v1/chat/completions HTTP/1.1" 200 -
2026-09-17 09:48:53,362 INFO "POST /v1/chat/completions HTTP/1.1" 200 -
2026-09-17 09:48:53,955 INFO "POST /v1/chat/completions HTTP/1.1" 200 -
2026-09-17 09:48:54,538 INFO "POST /v1/chat/completions HTTP/1.1" 200 -
2026-09-17 09:48:55,126 INFO "POST /v1/chat/completions HTTP/1.1" 200 -
2026-09-17 09:48:55,720 INFO "POST /v1/chat/completions HTTP/1.1" 200 -
2026-09-17 09:48:56,328 INFO "POST /v1/chat/completions HTTP/1.1" 200 -
2026-09-17 09:48:56,873 INFO "POST /v1/chat/completions HTTP/1.1" 200 -
2026-09-17 09:48:57,461 INFO "POST /v1/chat/completions HTTP/1.1" 200 -
2026-09-17 09:48:58,053 INFO "POST /v1/chat/completions HTTP/1.1" 200 -
2026-09-17 09:48:58,646 INFO "POST /v1/chat/completions HTTP/1.1" 200 -
2026-09-17 09:48:59,229 INFO "POST /v1/chat/completions HTTP/1.1" 200 -
2026-09-17 09:48:59,822 INFO "POST /v1/chat/completions HTTP/1.1" 200 -
2026-09-17 09:49:00,413 INFO "POST /v1/chat/completions HTTP/1.1" 200 -
2026-09-17 09:49:03,328 INFO "POST /v1/chat/completions HTTP/1.1" 200 -
2026-09-17 09:49:03,388 INFO "POST /v1/chat/completions HTTP/1.1" 200 -
2026-09-17 09:49:03,388 INFO "POST /v1/chat/completions HTTP/1.1" 200 -
2026-09-17 09:49:03,441 INFO "POST /v1/chat/completions HTTP/1.1" 200 -
2026-09-17 09:49:03,441 INFO "POST /v1/chat/completions HTTP/1.1" 200 -
2026-09-17 09:49:03,488 INFO "POST /v1/chat/completions HTTP/1.1" 200 -
2026-09-17 09:49:03,537 INFO "POST /v1/chat/completions HTTP/1.1" 200 -
2026-09-17 09:49:03,537 INFO "POST /v1/chat/completions HTTP/1.1" 200 -
2026-09-17 09:49:03,581 INFO "POST /v1/chat/completions HTTP/1.1" 200 -
2026-09-17 09:49:03,581 INFO "POST /v1/chat/completions HTTP/1.1" 200 -
2026-09-17 09:49:03,620 INFO "POST /v1/chat/completions HTTP/1.1" 200 -
2026-09-17 09:49:03,620 INFO "POST /v1/chat/completions HTTP/1.1" 200 -
2026-09-17 09:49:03,655 INFO "POST /v1/chat/completions HTTP/1.1" 200 -
2026-09-17 09:49:03,656 INFO "POST /v1/chat/completions HTTP/1.1" 200 -
2026-09-17 09:49:03,704 INFO "POST /v1/chat/completions HTTP/1.1" 200 -
2026-09-17 09:49:03,704 INFO "POST /v1/chat/completions HTTP/1.1" 200 -
2026-09-17 09:49:03,727 INFO "POST /v1/chat/completions HTTP/1.1" 200 -
2026-09-17 09:49:03,751 INFO "POST /v1/chat/completions HTTP/1.1" 200 -
2026-09-17 09:49:03,751 INFO "POST /v1/chat/completions HTTP/1.1" 200 -
2026-09-17 09:49:03,764 INFO "POST /v1/chat/completions HTTP/1.1" 200 -
2026-09-17 09:49:03,766 INFO "GET /v1/status HTTP/1.1" 200 -
2026-09-17 09:49:03,822 INFO "GET /v1/status HTTP/1.1" 200 -
2026-09-17 09:49:03,880 INFO "GET /v1/status HTTP/1.1" 200 -
2026-09-17 09:49:03,937 INFO "GET /v1/status HTTP/1.1" 200 -
2026-09-17 09:49:03,987 INFO "GET /v1/status HTTP/1.1" 200 -
2026-09-17 09:49:04,020 INFO "GET /v1/status HTTP/1.1" 200 -
2026-09-17 09:49:04,603 INFO "POST /v1/chat/completions HTTP/1.1" 200 -
2026-09-17 09:49:05,149 INFO "POST /v1/chat/completions HTTP/1.1" 200 -
2026-09-17 09:49:05,698 INFO "POST /v1/chat/completions HTTP/1.1" 200 -
2026-09-17 09:49:06,313 INFO "POST /v1/chat/completions HTTP/1.1" 200 -
2026-09-17 09:49:06,895 INFO "POST /v1/chat/completions HTTP/1.1" 200 -
2026-09-17 09:49:07,446 INFO "POST /v1/chat/completions HTTP/1.1" 200 -
2026-09-17 09:49:07,984 INFO "POST /v1/chat/completions HTTP/1.1" 200 -
2026-09-17 09:49:08,533 INFO "POST /v1/chat/completions HTTP/1.1" 200 -
2026-09-17 09:49:09,067 INFO "POST /v1/chat/completions HTTP/1.1" 200 -
2026-09-17 09:49:09,615 INFO "POST /v1/chat/completions HTTP/1.1" 200 -
2026-09-17 09:49:10,149 INFO "POST /v1/chat/completions HTTP/1.1" 200 -
2026-09-17 09:49:10,728 INFO "POST /v1/chat/completions HTTP/1.1" 200 -
2026-09-17 09:49:11,264 INFO "POST /v1/chat/completions HTTP/1.1" 200 -
2026-09-17 09:49:11,853 INFO "POST /v1/chat/completions HTTP/1.1" 200 -
2026-09-17 09:49:12,432 INFO "POST /v1/chat/completions HTTP/1.1" 200 -
2026-09-17 09:49:13,032 INFO "POST /v1/chat/completions HTTP/1.1" 200 -
2026-09-17 09:49:13,615 INFO "POST /v1/chat/completions HTTP/1.1" 200 -
2026-09-17 09:49:14,197 INFO "POST /v1/chat/completions HTTP/1.1" 200 -
2026-09-17 09:49:14,785 INFO "POST /v1/chat/completions HTTP/1.1" 200 -
2026-09-17 09:49:15,381 INFO "POST /v1/chat/completions HTTP/1.1" 200 -
2026-09-17 09:49:18,290 INFO "POST /v1/chat/completions HTTP/1.1" 200 -
2026-09-17 09:49:18,295 INFO "POST /v1/chat/completions HTTP/1.1" 200 -
2026-09-17 09:49:18,352 INFO "POST /v1/chat/completions HTTP/1.1" 200 -
2026-09-17 09:49:18,352 INFO "POST /v1/chat/completions HTTP/1.1" 200 -
2026-09-17 09:49:18,405 INFO "POST /v1/chat/completions HTTP/1.1" 200 -
2026-09-17 09:49:18,406 INFO "POST /v1/chat/completions HTTP/1.1" 200 -
2026-09-17 09:49:18,449 INFO "POST /v1/chat/completions HTTP/1.1" 200 -
2026-09-17 09:49:18,493 INFO "POST /v1/chat/completions HTTP/1.1" 200 -
2026-09-17 09:49:18,537 INFO "POST /v1/chat/completions HTTP/1.1" 200 -
2026-09-17 09:49:18,537 INFO "POST /v1/chat/completions HTTP/1.1" 200 -
2026-09-17 09:49:18,575 INFO "POST /v1/chat/completions HTTP/1.1" 200 -
2026-09-17 09:49:18,575 INFO "POST /v1/chat/completions HTTP/1.1" 200 -
2026-09-17 09:49:18,606 INFO "POST /v1/chat/completions HTTP/1.1" 200 -
2026-09-17 09:49:18,640 INFO "POST /v1/chat/completions HTTP/1.1" 200 -
2026-09-17 09:49:18,640 INFO "POST /v1/chat/completions HTTP/1.1" 200 -
2026-09-17 09:49:18,691 INFO "POST /v1/chat/completions HTTP/1.1" 200 -
2026-09-17 09:49:18,695 INFO "POST /v1/chat/completions HTTP/1.1" 200 -
2026-09-17 09:49:18,717 INFO "POST /v1/chat/completions HTTP/1.1" 200 -
2026-09-17 09:49:18,735 INFO "POST /v1/chat/completions HTTP/1.1" 200 -
2026-09-17 09:49:18,737 INFO "POST /v1/chat/completions HTTP/1.1" 200 -
2026-09-17 09:49:18,738 INFO "GET /v1/status HTTP/1.1" 200 -
2026-09-17 09:49:18,795 INFO "GET /v1/status HTTP/1.1" 200 -
2026-09-17 09:49:18,851 INFO "GET /v1/status HTTP/1.1" 200 -
2026-09-17 09:49:18,909 INFO "GET /v1/status HTTP/1.1" 200 -
2026-09-17 09:49:18,966 INFO "GET /v1/status HTTP/1.1" 200 -
2026-09-17 09:49:19,026 INFO "GET /v1/status HTTP/1.1" 200 -
2026-09-17 09:49:19,084 INFO "GET /v1/status HTTP/1.1" 200 -
2026-09-17 09:49:19,138 INFO "GET /v1/status HTTP/1.1" 200 -
2026-09-17 09:49:19,172 INFO "GET /v1/status HTTP/1.1" 200 -
2026-09-17 09:49:19,745 INFO "POST /v1/chat/completions HTTP/1.1" 200 -
2026-09-17 09:49:20,290 INFO "POST /v1/chat/completions HTTP/1.1" 200 -
2026-09-17 09:49:20,840 INFO "POST /v1/chat/completions HTTP/1.1" 200 -
2026-09-17 09:49:21,381 INFO "POST /v1/chat/completions HTTP/1.1" 200 -
2026-09-17 09:49:21,936 INFO "POST /v1/chat/completions HTTP/1.1" 200 -
2026-09-17 09:49:22,495 INFO "POST /v1/chat/completions HTTP/1.1" 200 -
2026-09-17 09:49:23,043 INFO "POST /v1/chat/completions HTTP/1.1" 200 -
2026-09-17 09:49:23,651 INFO "POST /v1/chat/completions HTTP/1.1" 200 -
2026-09-17 09:49:24,221 INFO "POST /v1/chat/completions HTTP/1.1" 200 -
2026-09-17 09:49:24,783 INFO "POST /v1/chat/completions HTTP/1.1" 200 -
2026-09-17 09:49:25,386 INFO "POST /v1/chat/completions HTTP/1.1" 200 -
2026-09-17 09:49:25,923 INFO "POST /v1/chat/completions HTTP/1.1" 200 -
2026-09-17 09:49:26,461 INFO "POST /v1/chat/completions HTTP/1.1" 200 -
2026-09-17 09:49:27,005 INFO "POST /v1/chat/completions HTTP/1.1" 200 -
2026-09-17 09:49:27,590 INFO "POST /v1/chat/completions HTTP/1.1" 200 -
2026-09-17 09:49:28,183 INFO "POST /v1/chat/completions HTTP/1.1" 200 -
2026-09-17 09:49:28,770 INFO "POST /v1/chat/completions HTTP/1.1" 200 -
2026-09-17 09:49:29,413 INFO "POST /v1/chat/completions HTTP/1.1" 200 -
2026-09-17 09:49:30,012 INFO "POST /v1/chat/completions HTTP/1.1" 200 -
2026-09-17 09:49:30,608 INFO "POST /v1/chat/completions HTTP/1.1" 200 -
2026-09-17 09:49:33,524 INFO "POST /v1/chat/completions HTTP/1.1" 200 -
2026-09-17 09:49:33,524 INFO "POST /v1/chat/completions HTTP/1.1" 200 -
2026-09-17 09:49:33,578 INFO "POST /v1/chat/completions HTTP/1.1" 200 -
2026-09-17 09:49:33,630 INFO "POST /v1/chat/completions HTTP/1.1" 200 -
2026-09-17 09:49:33,634 INFO "POST /v1/chat/completions HTTP/1.1" 200 -
2026-09-17 09:49:33,680 INFO "POST /v1/chat/completions HTTP/1.1" 200 -
2026-09-17 09:49:33,730 INFO "POST /v1/chat/completions HTTP/1.1" 200 -
2026-09-17 09:49:33,730 INFO "POST /v1/chat/completions HTTP/1.1" 200 -
2026-09-17 09:49:33,776 INFO "POST /v1/chat/completions HTTP/1.1" 200 -
2026-09-17 09:49:33,776 INFO "POST /v1/chat/completions HTTP/1.1" 200 -
2026-09-17 09:49:33,816 INFO "POST /v1/chat/completions HTTP/1.1" 200 -
2026-09-17 09:49:33,816 INFO "POST /v1/chat/completions HTTP/1.1" 200 -
2026-09-17 09:49:33,853 INFO "POST /v1/chat/completions HTTP/1.1" 200 -
2026-09-17 09:49:33,853 INFO "POST /v1/chat/completions HTTP/1.1" 200 -
2026-09-17 09:49:33,882 INFO "POST /v1/chat/completions HTTP/1.1" 200 -
2026-09-17 09:49:33,908 INFO "POST /v1/chat/completions HTTP/1.1" 200 -
2026-09-17 09:49:33,936 INFO "POST /v1/chat/completions HTTP/1.1" 200 -
2026-09-17 09:49:33,936 INFO "POST /v1/chat/completions HTTP/1.1" 200 -
2026-09-17 09:49:33,955 INFO "POST /v1/chat/completions HTTP/1.1" 200 -
2026-09-17 09:49:33,955 INFO "POST /v1/chat/completions HTTP/1.1" 200 -
2026-09-17 09:49:33,957 INFO "GET /v1/status HTTP/1.1" 200 -
2026-09-17 09:49:34,013 INFO "GET /v1/status HTTP/1.1" 200 -
2026-09-17 09:49:34,070 INFO "GET /v1/status HTTP/1.1" 200 -
2026-09-17 09:49:34,124 INFO "GET /v1/status HTTP/1.1" 200 -
2026-09-17 09:49:34,183 INFO "GET /v1/status HTTP/1.1" 200 -
2026-09-17 09:49:34,241 INFO "GET /v1/status HTTP/1.1" 200 -
2026-09-17 09:49:34,300 INFO "GET /v1/status HTTP/1.1" 200 -
2026-09-17 09:49:34,355 INFO "GET /v1/status HTTP/1.1" 200 -
2026-09-17 09:49:34,388 INFO "GET /v1/status HTTP/1.1" 200 -
2026-09-17 09:49:35,038 INFO "POST /v1/chat/completions HTTP/1.1" 200 -
2026-09-17 09:49:35,583 INFO "POST /v1/chat/completions HTTP/1.1" 200 -
2026-09-17 09:49:36,147 INFO "POST /v1/chat/completions HTTP/1.1" 200 -
2026-09-17 09:49:36,687 INFO "POST /v1/chat/completions HTTP/1.1" 200 -
2026-09-17 09:49:37,270 INFO "POST /v1/chat/completions HTTP/1.1" 200 -
2026-09-17 09:49:37,810 INFO "POST /v1/chat/completions HTTP/1.1" 200 -
2026-09-17 09:49:38,357 INFO "POST /v1/chat/completions HTTP/1.1" 200 -
2026-09-17 09:49:38,896 INFO "POST /v1/chat/completions HTTP/1.1" 200 -
2026-09-17 09:49:39,480 INFO "POST /v1/chat/completions HTTP/1.1" 200 -
2026-09-17 09:49:40,062 INFO "POST /v1/chat/completions HTTP/1.1" 200 -
2026-09-17 09:49:40,652 INFO "POST /v1/chat/completions HTTP/1.1" 200 -
2026-09-17 09:49:41,192 INFO "POST /v1/chat/completions HTTP/1.1" 200 -
2026-09-17 09:49:41,736 INFO "POST /v1/chat/completions HTTP/1.1" 200 -
2026-09-17 09:49:42,274 INFO "POST /v1/chat/completions HTTP/1.1" 200 -
2026-09-17 09:49:42,863 INFO "POST /v1/chat/completions HTTP/1.1" 200 -
2026-09-17 09:49:43,454 INFO "POST /v1/chat/completions HTTP/1.1" 200 -
2026-09-17 09:49:44,046 INFO "POST /v1/chat/completions HTTP/1.1" 200 -
2026-09-17 09:49:44,634 INFO "POST /v1/chat/completions HTTP/1.1" 200 -
2026-09-17 09:49:45,229 INFO "POST /v1/chat/completions HTTP/1.1" 200 -
2026-09-17 09:49:45,814 INFO "POST /v1/chat/completions HTTP/1.1" 200 -
2026-09-17 09:49:48,712 INFO "POST /v1/chat/completions HTTP/1.1" 200 -
2026-09-17 09:49:48,773 INFO "POST /v1/chat/completions HTTP/1.1" 200 -
2026-09-17 09:49:48,773 INFO "POST /v1/chat/completions HTTP/1.1" 200 -
2026-09-17 09:49:48,827 INFO "POST /v1/chat/completions HTTP/1.1" 200 -
2026-09-17 09:49:48,827 INFO "POST /v1/chat/completions HTTP/1.1" 200 -
2026-09-17 09:49:48,873 INFO "POST /v1/chat/completions HTTP/1.1" 200 -
2026-09-17 09:49:48,921 INFO "POST /v1/chat/completions HTTP/1.1" 200 -
2026-09-17 09:49:48,921 INFO "POST /v1/chat/completions HTTP/1.1" 200 -
2026-09-17 09:49:48,961 INFO "POST /v1/chat/completions HTTP/1.1" 200 -
2026-09-17 09:49:49,004 INFO "POST /v1/chat/completions HTTP/1.1" 200 -
2026-09-17 09:49:49,004 INFO "POST /v1/chat/completions HTTP/1.1" 200 -
2026-09-17 09:49:49,041 INFO "POST /v1/chat/completions HTTP/1.1" 200 -
2026-09-17 09:49:49,041 INFO "POST /v1/chat/completions HTTP/1.1" 200 -
2026-09-17 09:49:49,071 INFO "POST /v1/chat/completions HTTP/1.1" 200 -
2026-09-17 09:49:49,102 INFO "POST /v1/chat/completions HTTP/1.1" 200 -
2026-09-17 09:49:49,102 INFO "POST /v1/chat/completions HTTP/1.1" 200 -
2026-09-17 09:49:49,129 INFO "POST /v1/chat/completions HTTP/1.1" 200 -
2026-09-17 09:49:49,129 INFO "POST /v1/chat/completions HTTP/1.1" 200 -
2026-09-17 09:49:49,146 INFO "POST /v1/chat/completions HTTP/1.1" 200 -
2026-09-17 09:49:49,148 INFO "POST /v1/chat/completions HTTP/1.1" 200 -
2026-09-17 09:49:49,149 INFO "GET /v1/status HTTP/1.1" 200 -
2026-09-17 09:49:49,206 INFO "GET /v1/status HTTP/1.1" 200 -
2026-09-17 09:49:49,263 INFO "GET /v1/status HTTP/1.1" 200 -
2026-09-17 09:49:49,320 INFO "GET /v1/status HTTP/1.1" 200 -
2026-09-17 09:49:49,379 INFO "GET /v1/status HTTP/1.1" 200 -
2026-09-17 09:49:49,436 INFO "GET /v1/status HTTP/1.1" 200 -
2026-09-17 09:49:49,491 INFO "GET /v1/status HTTP/1.1" 200 -
2026-09-17 09:49:49,547 INFO "GET /v1/status HTTP/1.1" 200 -
2026-09-17 09:49:49,581 INFO "GET /v1/status HTTP/1.1" 200 -
2026-09-17 09:49:50,142 INFO "POST /v1/chat/completions HTTP/1.1" 200 -
2026-09-17 09:49:50,711 INFO "POST /v1/chat/completions HTTP/1.1" 200 -
2026-09-17 09:49:51,261 INFO "POST /v1/chat/completions HTTP/1.1" 200 -
2026-09-17 09:49:51,888 INFO "POST /v1/chat/completions HTTP/1.1" 200 -
2026-09-17 09:49:52,430 INFO "POST /v1/chat/completions HTTP/1.1" 200 -
2026-09-17 09:49:52,977 INFO "POST /v1/chat/completions HTTP/1.1" 200 -
2026-09-17 09:49:53,518 INFO "POST /v1/chat/completions HTTP/1.1" 200 -
2026-09-17 09:49:54,062 INFO "POST /v1/chat/completions HTTP/1.1" 200 -
2026-09-17 09:49:54,601 INFO "POST /v1/chat/completions HTTP/1.1" 200 -
2026-09-17 09:49:55,185 INFO "POST /v1/chat/completions HTTP/1.1" 200 -
2026-09-17 09:49:55,729 INFO "POST /v1/chat/completions HTTP/1.1" 200 -
2026-09-17 09:49:56,320 INFO "POST /v1/chat/completions HTTP/1.1" 200 -
2026-09-17 09:49:56,867 INFO "POST /v1/chat/completions HTTP/1.1" 200 -
2026-09-17 09:49:57,452 INFO "POST /v1/chat/completions HTTP/1.1" 200 -
2026-09-17 09:49:58,029 INFO "POST /v1/chat/completions HTTP/1.1" 200 -
2026-09-17 09:49:58,575 INFO "POST /v1/chat/completions HTTP/1.1" 200 -
2026-09-17 09:49:59,155 INFO "POST /v1/chat/completions HTTP/1.1" 200 -
2026-09-17 09:49:59,745 INFO "POST /v1/chat/completions HTTP/1.1" 200 -
2026-09-17 09:50:00,334 INFO "POST /v1/chat/completions HTTP/1.1" 200 -
2026-09-17 09:50:00,922 INFO "POST /v1/chat/completions HTTP/1.1" 200 -
2026-09-17 09:50:03,780 INFO "POST /v1/chat/completions HTTP/1.1" 200 -
2026-09-17 09:50:03,784 INFO "POST /v1/chat/completions HTTP/1.1" 200 -
2026-09-17 09:50:03,837 INFO "POST /v1/chat/completions HTTP/1.1" 200 -
2026-09-17 09:50:03,889 INFO "POST /v1/chat/completions HTTP/1.1" 200 -
2026-09-17 09:50:03,893 INFO "POST /v1/chat/completions HTTP/1.1" 200 -
2026-09-17 09:50:03,943 INFO "POST /v1/chat/completions HTTP/1.1" 200 -
2026-09-17 09:50:03,943 INFO "POST /v1/chat/completions HTTP/1.1" 200 -
2026-09-17 09:50:03,987 INFO "POST /v1/chat/completions HTTP/1.1" 200 -
2026-09-17 09:50:03,991 INFO "POST /v1/chat/completions HTTP/1.1" 200 -
2026-09-17 09:50:04,034 INFO "POST /v1/chat/completions HTTP/1.1" 200 -
2026-09-17 09:50:04,034 INFO "POST /v1/chat/completions HTTP/1.1" 200 -
2026-09-17 09:50:04,067 INFO "POST /v1/chat/completions HTTP/1.1" 200 -
2026-09-17 09:50:04,100 INFO "POST /v1/chat/completions HTTP/1.1" 200 -
2026-09-17 09:50:04,100 INFO "POST /v1/chat/completions HTTP/1.1" 200 -
2026-09-17 09:50:04,150 INFO "POST /v1/chat/completions HTTP/1.1" 200 -
2026-09-17 09:50:04,150 INFO "POST /v1/chat/completions HTTP/1.1" 200 -
2026-09-17 09:50:04,176 INFO "POST /v1/chat/completions HTTP/1.1" 200 -
2026-09-17 09:50:04,177 INFO "POST /v1/chat/completions HTTP/1.1" 200 -
2026-09-17 09:50:04,194 INFO "POST /v1/chat/completions HTTP/1.1" 200 -
2026-09-17 09:50:04,196 INFO "POST /v1/chat/completions HTTP/1.1" 200 -
2026-09-17 09:50:04,197 INFO "GET /v1/status HTTP/1.1" 200 -
2026-09-17 09:50:04,253 INFO "GET /v1/status HTTP/1.1" 200 -
2026-09-17 09:50:04,306 INFO "GET /v1/status HTTP/1.1" 200 -
2026-09-17 09:50:04,359 INFO "GET /v1/status HTTP/1.1" 200 -
2026-09-17 09:50:04,415 INFO "GET /v1/status HTTP/1.1" 200 -
2026-09-17 09:50:04,472 INFO "GET /v1/status HTTP/1.1" 200 -
2026-09-17 09:50:04,531 INFO "GET /v1/status HTTP/1.1" 200 -
2026-09-17 09:50:04,586 INFO "GET /v1/status HTTP/1.1" 200 -
[transformers] PyTorch was not found. Models won't be available and only tokenizers, configuration and file/data utilities can be used.
2026-09-17 10:12:54,598 INFO "GET /v1/status HTTP/1.1" 200 -
2026-09-17 10:12:55,605 INFO "GET /v1/status HTTP/1.1" 200 -
2026-09-17 10:12:55,930 INFO ubc_evict: evicted 4772.0 MB from UBC for ~/mlx-models/Qwen3.6-35B-A3B-uncensored-heretic-Native-MTP-Preserved-oQ4e-mtp/model-00001-of-00005.safetensors
2026-09-17 10:12:55,968 INFO ubc_evict: evicted 4896.0 MB from UBC for ~/mlx-models/Qwen3.6-35B-A3B-uncensored-heretic-Native-MTP-Preserved-oQ4e-mtp/model-00002-of-00005.safetensors
2026-09-17 10:12:56,007 INFO ubc_evict: evicted 4896.0 MB from UBC for ~/mlx-models/Qwen3.6-35B-A3B-uncensored-heretic-Native-MTP-Preserved-oQ4e-mtp/model-00003-of-00005.safetensors
2026-09-17 10:12:56,046 INFO ubc_evict: evicted 4896.0 MB from UBC for ~/mlx-models/Qwen3.6-35B-A3B-uncensored-heretic-Native-MTP-Preserved-oQ4e-mtp/model-00004-of-00005.safetensors
2026-09-17 10:12:56,055 INFO ubc_evict: evicted 1152.0 MB from UBC for ~/mlx-models/Qwen3.6-35B-A3B-uncensored-heretic-Native-MTP-Preserved-oQ4e-mtp/model-00005-of-00005.safetensors
2026-09-17 10:12:56,055 INFO ubc_evict: pass complete total_mb=20612.0 elapsed_s=0.16
2026-09-17 10:12:56,612 INFO "GET /v1/status HTTP/1.1" 200 -
2026-09-17 10:12:56,644 INFO "GET /v1/status HTTP/1.1" 200 -
2026-09-17 10:12:57,363 INFO "POST /v1/chat/completions HTTP/1.1" 200 -
2026-09-17 10:12:57,934 INFO "POST /v1/chat/completions HTTP/1.1" 200 -
2026-09-17 10:12:58,501 INFO "POST /v1/chat/completions HTTP/1.1" 200 -
2026-09-17 10:12:59,074 INFO "POST /v1/chat/completions HTTP/1.1" 200 -
2026-09-17 10:12:59,643 INFO "POST /v1/chat/completions HTTP/1.1" 200 -
2026-09-17 10:13:00,211 INFO "POST /v1/chat/completions HTTP/1.1" 200 -
2026-09-17 10:13:00,775 INFO "POST /v1/chat/completions HTTP/1.1" 200 -
2026-09-17 10:13:01,346 INFO "POST /v1/chat/completions HTTP/1.1" 200 -
2026-09-17 10:13:01,910 INFO "POST /v1/chat/completions HTTP/1.1" 200 -
2026-09-17 10:13:02,481 INFO "POST /v1/chat/completions HTTP/1.1" 200 -
2026-09-17 10:13:03,053 INFO "POST /v1/chat/completions HTTP/1.1" 200 -
2026-09-17 10:13:03,630 INFO "POST /v1/chat/completions HTTP/1.1" 200 -
2026-09-17 10:13:04,200 INFO "POST /v1/chat/completions HTTP/1.1" 200 -
2026-09-17 10:13:04,773 INFO "POST /v1/chat/completions HTTP/1.1" 200 -
2026-09-17 10:13:05,345 INFO "POST /v1/chat/completions HTTP/1.1" 200 -
2026-09-17 10:13:05,918 INFO "POST /v1/chat/completions HTTP/1.1" 200 -
2026-09-17 10:13:06,488 INFO "POST /v1/chat/completions HTTP/1.1" 200 -
2026-09-17 10:13:07,062 INFO "POST /v1/chat/completions HTTP/1.1" 200 -
2026-09-17 10:13:07,638 INFO "POST /v1/chat/completions HTTP/1.1" 200 -
2026-09-17 10:13:08,209 INFO "POST /v1/chat/completions HTTP/1.1" 200 -
2026-09-17 10:13:10,553 INFO "POST /v1/chat/completions HTTP/1.1" 200 -
2026-09-17 10:13:10,553 INFO "POST /v1/chat/completions HTTP/1.1" 200 -
2026-09-17 10:13:10,603 INFO "POST /v1/chat/completions HTTP/1.1" 200 -
2026-09-17 10:13:10,603 INFO "POST /v1/chat/completions HTTP/1.1" 200 -
2026-09-17 10:13:10,649 INFO "POST /v1/chat/completions HTTP/1.1" 200 -
2026-09-17 10:13:10,649 INFO "POST /v1/chat/completions HTTP/1.1" 200 -
2026-09-17 10:13:10,692 INFO "POST /v1/chat/completions HTTP/1.1" 200 -
2026-09-17 10:13:10,692 INFO "POST /v1/chat/completions HTTP/1.1" 200 -
2026-09-17 10:13:10,731 INFO "POST /v1/chat/completions HTTP/1.1" 200 -
2026-09-17 10:13:10,731 INFO "POST /v1/chat/completions HTTP/1.1" 200 -
2026-09-17 10:13:10,766 INFO "POST /v1/chat/completions HTTP/1.1" 200 -
2026-09-17 10:13:10,766 INFO "POST /v1/chat/completions HTTP/1.1" 200 -
2026-09-17 10:13:10,798 INFO "POST /v1/chat/completions HTTP/1.1" 200 -
2026-09-17 10:13:10,798 INFO "POST /v1/chat/completions HTTP/1.1" 200 -
2026-09-17 10:13:10,823 INFO "POST /v1/chat/completions HTTP/1.1" 200 -
2026-09-17 10:13:10,826 INFO "POST /v1/chat/completions HTTP/1.1" 200 -
2026-09-17 10:13:10,852 INFO "POST /v1/chat/completions HTTP/1.1" 200 -
2026-09-17 10:13:10,852 INFO "POST /v1/chat/completions HTTP/1.1" 200 -
2026-09-17 10:13:10,870 INFO "POST /v1/chat/completions HTTP/1.1" 200 -
2026-09-17 10:13:10,870 INFO "POST /v1/chat/completions HTTP/1.1" 200 -
2026-09-17 10:13:10,871 INFO "GET /v1/status HTTP/1.1" 200 -
2026-09-17 10:13:10,924 INFO "GET /v1/status HTTP/1.1" 200 -
2026-09-17 10:13:11,064 INFO "GET /v1/status HTTP/1.1" 200 -
2026-09-17 10:13:11,096 INFO "GET /v1/status HTTP/1.1" 200 -
2026-09-17 10:13:11,641 INFO "POST /v1/chat/completions HTTP/1.1" 200 -
2026-09-17 10:13:12,184 INFO "POST /v1/chat/completions HTTP/1.1" 200 -
2026-09-17 10:13:12,751 INFO "POST /v1/chat/completions HTTP/1.1" 200 -
2026-09-17 10:13:13,288 INFO "POST /v1/chat/completions HTTP/1.1" 200 -
2026-09-17 10:13:13,820 INFO "POST /v1/chat/completions HTTP/1.1" 200 -
2026-09-17 10:13:14,356 INFO "POST /v1/chat/completions HTTP/1.1" 200 -
2026-09-17 10:13:14,894 INFO "POST /v1/chat/completions HTTP/1.1" 200 -
2026-09-17 10:13:15,434 INFO "POST /v1/chat/completions HTTP/1.1" 200 -
2026-09-17 10:13:15,967 INFO "POST /v1/chat/completions HTTP/1.1" 200 -
2026-09-17 10:13:16,504 INFO "POST /v1/chat/completions HTTP/1.1" 200 -
2026-09-17 10:13:17,041 INFO "POST /v1/chat/completions HTTP/1.1" 200 -
2026-09-17 10:13:17,578 INFO "POST /v1/chat/completions HTTP/1.1" 200 -
2026-09-17 10:13:18,111 INFO "POST /v1/chat/completions HTTP/1.1" 200 -
2026-09-17 10:13:18,649 INFO "POST /v1/chat/completions HTTP/1.1" 200 -
2026-09-17 10:13:19,186 INFO "POST /v1/chat/completions HTTP/1.1" 200 -
2026-09-17 10:13:19,725 INFO "POST /v1/chat/completions HTTP/1.1" 200 -
2026-09-17 10:13:20,257 INFO "POST /v1/chat/completions HTTP/1.1" 200 -
2026-09-17 10:13:20,838 INFO "POST /v1/chat/completions HTTP/1.1" 200 -
2026-09-17 10:13:21,378 INFO "POST /v1/chat/completions HTTP/1.1" 200 -
2026-09-17 10:13:21,923 INFO "POST /v1/chat/completions HTTP/1.1" 200 -
2026-09-17 10:13:24,290 INFO "POST /v1/chat/completions HTTP/1.1" 200 -
2026-09-17 10:13:24,290 INFO "POST /v1/chat/completions HTTP/1.1" 200 -
2026-09-17 10:13:24,342 INFO "POST /v1/chat/completions HTTP/1.1" 200 -
2026-09-17 10:13:24,342 INFO "POST /v1/chat/completions HTTP/1.1" 200 -
2026-09-17 10:13:24,390 INFO "POST /v1/chat/completions HTTP/1.1" 200 -
2026-09-17 10:13:24,390 INFO "POST /v1/chat/completions HTTP/1.1" 200 -
2026-09-17 10:13:24,434 INFO "POST /v1/chat/completions HTTP/1.1" 200 -
2026-09-17 10:13:24,434 INFO "POST /v1/chat/completions HTTP/1.1" 200 -
2026-09-17 10:13:24,473 INFO "POST /v1/chat/completions HTTP/1.1" 200 -
2026-09-17 10:13:24,473 INFO "POST /v1/chat/completions HTTP/1.1" 200 -
2026-09-17 10:13:24,508 INFO "POST /v1/chat/completions HTTP/1.1" 200 -
2026-09-17 10:13:24,508 INFO "POST /v1/chat/completions HTTP/1.1" 200 -
2026-09-17 10:13:24,536 INFO "POST /v1/chat/completions HTTP/1.1" 200 -
2026-09-17 10:13:24,540 INFO "POST /v1/chat/completions HTTP/1.1" 200 -
2026-09-17 10:13:24,569 INFO "POST /v1/chat/completions HTTP/1.1" 200 -
2026-09-17 10:13:24,569 INFO "POST /v1/chat/completions HTTP/1.1" 200 -
2026-09-17 10:13:24,594 INFO "POST /v1/chat/completions HTTP/1.1" 200 -
2026-09-17 10:13:24,595 INFO "POST /v1/chat/completions HTTP/1.1" 200 -
2026-09-17 10:13:24,613 INFO "POST /v1/chat/completions HTTP/1.1" 200 -
2026-09-17 10:13:24,613 INFO "POST /v1/chat/completions HTTP/1.1" 200 -
2026-09-17 10:13:24,614 INFO "GET /v1/status HTTP/1.1" 200 -
2026-09-17 10:13:24,671 INFO "GET /v1/status HTTP/1.1" 200 -
2026-09-17 10:13:24,724 INFO "GET /v1/status HTTP/1.1" 200 -
2026-09-17 10:13:24,781 INFO "GET /v1/status HTTP/1.1" 200 -
2026-09-17 10:13:24,835 INFO "GET /v1/status HTTP/1.1" 200 -
2026-09-17 10:13:24,892 INFO "GET /v1/status HTTP/1.1" 200 -
2026-09-17 10:13:24,949 INFO "GET /v1/status HTTP/1.1" 200 -
2026-09-17 10:13:25,002 INFO "GET /v1/status HTTP/1.1" 200 -
2026-09-17 10:13:25,176 INFO "GET /v1/status HTTP/1.1" 200 -
2026-09-17 10:13:25,211 INFO "GET /v1/status HTTP/1.1" 200 -
2026-09-17 10:13:25,788 INFO "POST /v1/chat/completions HTTP/1.1" 200 -
2026-09-17 10:13:26,338 INFO "POST /v1/chat/completions HTTP/1.1" 200 -
2026-09-17 10:13:26,879 INFO "POST /v1/chat/completions HTTP/1.1" 200 -
2026-09-17 10:13:27,424 INFO "POST /v1/chat/completions HTTP/1.1" 200 -
2026-09-17 10:13:27,960 INFO "POST /v1/chat/completions HTTP/1.1" 200 -
2026-09-17 10:13:28,525 INFO "POST /v1/chat/completions HTTP/1.1" 200 -
2026-09-17 10:13:29,059 INFO "POST /v1/chat/completions HTTP/1.1" 200 -
2026-09-17 10:13:29,597 INFO "POST /v1/chat/completions HTTP/1.1" 200 -
2026-09-17 10:13:30,129 INFO "POST /v1/chat/completions HTTP/1.1" 200 -
2026-09-17 10:13:30,670 INFO "POST /v1/chat/completions HTTP/1.1" 200 -
2026-09-17 10:13:31,216 INFO "POST /v1/chat/completions HTTP/1.1" 200 -
2026-09-17 10:13:31,780 INFO "POST /v1/chat/completions HTTP/1.1" 200 -
2026-09-17 10:13:32,317 INFO "POST /v1/chat/completions HTTP/1.1" 200 -
2026-09-17 10:13:32,860 INFO "POST /v1/chat/completions HTTP/1.1" 200 -
2026-09-17 10:13:33,431 INFO "POST /v1/chat/completions HTTP/1.1" 200 -
2026-09-17 10:13:33,967 INFO "POST /v1/chat/completions HTTP/1.1" 200 -
2026-09-17 10:13:34,502 INFO "POST /v1/chat/completions HTTP/1.1" 200 -
2026-09-17 10:13:35,043 INFO "POST /v1/chat/completions HTTP/1.1" 200 -
2026-09-17 10:13:35,578 INFO "POST /v1/chat/completions HTTP/1.1" 200 -
2026-09-17 10:13:36,117 INFO "POST /v1/chat/completions HTTP/1.1" 200 -
2026-09-17 10:13:38,564 INFO "POST /v1/chat/completions HTTP/1.1" 200 -
2026-09-17 10:13:38,564 INFO "POST /v1/chat/completions HTTP/1.1" 200 -
2026-09-17 10:13:38,618 INFO "POST /v1/chat/completions HTTP/1.1" 200 -
2026-09-17 10:13:38,619 INFO "POST /v1/chat/completions HTTP/1.1" 200 -
2026-09-17 10:13:38,668 INFO "POST /v1/chat/completions HTTP/1.1" 200 -
2026-09-17 10:13:38,668 INFO "POST /v1/chat/completions HTTP/1.1" 200 -
2026-09-17 10:13:38,714 INFO "POST /v1/chat/completions HTTP/1.1" 200 -
2026-09-17 10:13:38,714 INFO "POST /v1/chat/completions HTTP/1.1" 200 -
2026-09-17 10:13:38,753 INFO "POST /v1/chat/completions HTTP/1.1" 200 -
2026-09-17 10:13:38,757 INFO "POST /v1/chat/completions HTTP/1.1" 200 -
2026-09-17 10:13:38,793 INFO "POST /v1/chat/completions HTTP/1.1" 200 -
2026-09-17 10:13:38,793 INFO "POST /v1/chat/completions HTTP/1.1" 200 -
2026-09-17 10:13:38,827 INFO "POST /v1/chat/completions HTTP/1.1" 200 -
2026-09-17 10:13:38,827 INFO "POST /v1/chat/completions HTTP/1.1" 200 -
2026-09-17 10:13:38,857 INFO "POST /v1/chat/completions HTTP/1.1" 200 -
2026-09-17 10:13:38,857 INFO "POST /v1/chat/completions HTTP/1.1" 200 -
2026-09-17 10:13:38,883 INFO "POST /v1/chat/completions HTTP/1.1" 200 -
2026-09-17 10:13:38,883 INFO "POST /v1/chat/completions HTTP/1.1" 200 -
2026-09-17 10:13:38,901 INFO "POST /v1/chat/completions HTTP/1.1" 200 -
2026-09-17 10:13:38,901 INFO "POST /v1/chat/completions HTTP/1.1" 200 -
2026-09-17 10:13:38,903 INFO "GET /v1/status HTTP/1.1" 200 -
2026-09-17 10:13:38,959 INFO "GET /v1/status HTTP/1.1" 200 -
2026-09-17 10:13:39,016 INFO "GET /v1/status HTTP/1.1" 200 -
2026-09-17 10:13:39,074 INFO "GET /v1/status HTTP/1.1" 200 -
2026-09-17 10:13:39,130 INFO "GET /v1/status HTTP/1.1" 200 -
2026-09-17 10:13:39,301 INFO "GET /v1/status HTTP/1.1" 200 -
2026-09-17 10:13:39,334 INFO "GET /v1/status HTTP/1.1" 200 -
2026-09-17 10:13:39,919 INFO "POST /v1/chat/completions HTTP/1.1" 200 -
2026-09-17 10:13:40,463 INFO "POST /v1/chat/completions HTTP/1.1" 200 -
2026-09-17 10:13:40,997 INFO "POST /v1/chat/completions HTTP/1.1" 200 -
2026-09-17 10:13:41,536 INFO "POST /v1/chat/completions HTTP/1.1" 200 -
2026-09-17 10:13:42,070 INFO "POST /v1/chat/completions HTTP/1.1" 200 -
2026-09-17 10:13:42,610 INFO "POST /v1/chat/completions HTTP/1.1" 200 -
2026-09-17 10:13:43,145 INFO "POST /v1/chat/completions HTTP/1.1" 200 -
2026-09-17 10:13:43,681 INFO "POST /v1/chat/completions HTTP/1.1" 200 -
2026-09-17 10:13:44,245 INFO "POST /v1/chat/completions HTTP/1.1" 200 -
2026-09-17 10:13:44,779 INFO "POST /v1/chat/completions HTTP/1.1" 200 -
2026-09-17 10:13:45,315 INFO "POST /v1/chat/completions HTTP/1.1" 200 -
2026-09-17 10:13:45,848 INFO "POST /v1/chat/completions HTTP/1.1" 200 -
2026-09-17 10:13:46,385 INFO "POST /v1/chat/completions HTTP/1.1" 200 -
2026-09-17 10:13:46,922 INFO "POST /v1/chat/completions HTTP/1.1" 200 -
2026-09-17 10:13:47,461 INFO "POST /v1/chat/completions HTTP/1.1" 200 -
2026-09-17 10:13:47,994 INFO "POST /v1/chat/completions HTTP/1.1" 200 -
2026-09-17 10:13:48,536 INFO "POST /v1/chat/completions HTTP/1.1" 200 -
2026-09-17 10:13:49,070 INFO "POST /v1/chat/completions HTTP/1.1" 200 -
2026-09-17 10:13:49,608 INFO "POST /v1/chat/completions HTTP/1.1" 200 -
2026-09-17 10:13:50,143 INFO "POST /v1/chat/completions HTTP/1.1" 200 -
2026-09-17 10:13:52,673 INFO "POST /v1/chat/completions HTTP/1.1" 200 -
2026-09-17 10:13:52,673 INFO "POST /v1/chat/completions HTTP/1.1" 200 -
2026-09-17 10:13:52,724 INFO "POST /v1/chat/completions HTTP/1.1" 200 -
2026-09-17 10:13:52,728 INFO "POST /v1/chat/completions HTTP/1.1" 200 -
2026-09-17 10:13:52,775 INFO "POST /v1/chat/completions HTTP/1.1" 200 -
2026-09-17 10:13:52,779 INFO "POST /v1/chat/completions HTTP/1.1" 200 -
2026-09-17 10:13:52,822 INFO "POST /v1/chat/completions HTTP/1.1" 200 -
2026-09-17 10:13:52,826 INFO "POST /v1/chat/completions HTTP/1.1" 200 -
2026-09-17 10:13:52,869 INFO "POST /v1/chat/completions HTTP/1.1" 200 -
2026-09-17 10:13:52,869 INFO "POST /v1/chat/completions HTTP/1.1" 200 -
2026-09-17 10:13:52,906 INFO "POST /v1/chat/completions HTTP/1.1" 200 -
2026-09-17 10:13:52,906 INFO "POST /v1/chat/completions HTTP/1.1" 200 -
2026-09-17 10:13:52,940 INFO "POST /v1/chat/completions HTTP/1.1" 200 -
2026-09-17 10:13:52,940 INFO "POST /v1/chat/completions HTTP/1.1" 200 -
2026-09-17 10:13:52,971 INFO "POST /v1/chat/completions HTTP/1.1" 200 -
2026-09-17 10:13:52,971 INFO "POST /v1/chat/completions HTTP/1.1" 200 -
2026-09-17 10:13:52,997 INFO "POST /v1/chat/completions HTTP/1.1" 200 -
2026-09-17 10:13:52,997 INFO "POST /v1/chat/completions HTTP/1.1" 200 -
2026-09-17 10:13:53,017 INFO "POST /v1/chat/completions HTTP/1.1" 200 -
2026-09-17 10:13:53,017 INFO "POST /v1/chat/completions HTTP/1.1" 200 -
2026-09-17 10:13:53,018 INFO "GET /v1/status HTTP/1.1" 200 -
2026-09-17 10:13:53,075 INFO "GET /v1/status HTTP/1.1" 200 -
2026-09-17 10:13:53,132 INFO "GET /v1/status HTTP/1.1" 200 -
2026-09-17 10:13:53,190 INFO "GET /v1/status HTTP/1.1" 200 -
2026-09-17 10:13:53,248 INFO "GET /v1/status HTTP/1.1" 200 -
2026-09-17 10:13:53,420 INFO "GET /v1/status HTTP/1.1" 200 -
2026-09-17 10:13:53,452 INFO "GET /v1/status HTTP/1.1" 200 -
2026-09-17 10:13:54,001 INFO "POST /v1/chat/completions HTTP/1.1" 200 -
2026-09-17 10:13:54,548 INFO "POST /v1/chat/completions HTTP/1.1" 200 -
2026-09-17 10:13:55,110 INFO "POST /v1/chat/completions HTTP/1.1" 200 -
2026-09-17 10:13:55,679 INFO "POST /v1/chat/completions HTTP/1.1" 200 -
2026-09-17 10:13:56,213 INFO "POST /v1/chat/completions HTTP/1.1" 200 -
2026-09-17 10:13:56,748 INFO "POST /v1/chat/completions HTTP/1.1" 200 -
2026-09-17 10:13:57,284 INFO "POST /v1/chat/completions HTTP/1.1" 200 -
2026-09-17 10:13:57,817 INFO "POST /v1/chat/completions HTTP/1.1" 200 -
2026-09-17 10:13:58,356 INFO "POST /v1/chat/completions HTTP/1.1" 200 -
2026-09-17 10:13:58,891 INFO "POST /v1/chat/completions HTTP/1.1" 200 -
2026-09-17 10:13:59,434 INFO "POST /v1/chat/completions HTTP/1.1" 200 -
2026-09-17 10:13:59,971 INFO "POST /v1/chat/completions HTTP/1.1" 200 -
2026-09-17 10:14:00,509 INFO "POST /v1/chat/completions HTTP/1.1" 200 -
2026-09-17 10:14:01,042 INFO "POST /v1/chat/completions HTTP/1.1" 200 -
2026-09-17 10:14:01,581 INFO "POST /v1/chat/completions HTTP/1.1" 200 -
2026-09-17 10:14:02,115 INFO "POST /v1/chat/completions HTTP/1.1" 200 -
2026-09-17 10:14:02,655 INFO "POST /v1/chat/completions HTTP/1.1" 200 -
2026-09-17 10:14:03,191 INFO "POST /v1/chat/completions HTTP/1.1" 200 -
2026-09-17 10:14:03,735 INFO "POST /v1/chat/completions HTTP/1.1" 200 -
2026-09-17 10:14:04,275 INFO "POST /v1/chat/completions HTTP/1.1" 200 -
2026-09-17 10:14:06,862 INFO "POST /v1/chat/completions HTTP/1.1" 200 -
2026-09-17 10:14:06,862 INFO "POST /v1/chat/completions HTTP/1.1" 200 -
2026-09-17 10:14:06,918 INFO "POST /v1/chat/completions HTTP/1.1" 200 -
2026-09-17 10:14:06,918 INFO "POST /v1/chat/completions HTTP/1.1" 200 -
2026-09-17 10:14:06,969 INFO "POST /v1/chat/completions HTTP/1.1" 200 -
2026-09-17 10:14:06,969 INFO "POST /v1/chat/completions HTTP/1.1" 200 -
2026-09-17 10:14:07,016 INFO "POST /v1/chat/completions HTTP/1.1" 200 -
2026-09-17 10:14:07,016 INFO "POST /v1/chat/completions HTTP/1.1" 200 -
2026-09-17 10:14:07,060 INFO "POST /v1/chat/completions HTTP/1.1" 200 -
2026-09-17 10:14:07,060 INFO "POST /v1/chat/completions HTTP/1.1" 200 -
2026-09-17 10:14:07,097 INFO "POST /v1/chat/completions HTTP/1.1" 200 -
2026-09-17 10:14:07,097 INFO "POST /v1/chat/completions HTTP/1.1" 200 -
2026-09-17 10:14:07,132 INFO "POST /v1/chat/completions HTTP/1.1" 200 -
2026-09-17 10:14:07,132 INFO "POST /v1/chat/completions HTTP/1.1" 200 -
2026-09-17 10:14:07,163 INFO "POST /v1/chat/completions HTTP/1.1" 200 -
2026-09-17 10:14:07,163 INFO "POST /v1/chat/completions HTTP/1.1" 200 -
2026-09-17 10:14:07,189 INFO "POST /v1/chat/completions HTTP/1.1" 200 -
2026-09-17 10:14:07,190 INFO "POST /v1/chat/completions HTTP/1.1" 200 -
2026-09-17 10:14:07,209 INFO "POST /v1/chat/completions HTTP/1.1" 200 -
2026-09-17 10:14:07,209 INFO "POST /v1/chat/completions HTTP/1.1" 200 -
2026-09-17 10:14:07,210 INFO "GET /v1/status HTTP/1.1" 200 -
2026-09-17 10:14:07,267 INFO "GET /v1/status HTTP/1.1" 200 -
2026-09-17 10:14:07,323 INFO "GET /v1/status HTTP/1.1" 200 -
2026-09-17 10:14:07,486 INFO "GET /v1/status HTTP/1.1" 200 -
2026-09-17 10:14:07,519 INFO "GET /v1/status HTTP/1.1" 200 -
2026-09-17 10:14:08,075 INFO "POST /v1/chat/completions HTTP/1.1" 200 -
2026-09-17 10:14:08,621 INFO "POST /v1/chat/completions HTTP/1.1" 200 -
2026-09-17 10:14:09,167 INFO "POST /v1/chat/completions HTTP/1.1" 200 -
2026-09-17 10:14:09,706 INFO "POST /v1/chat/completions HTTP/1.1" 200 -
2026-09-17 10:14:10,249 INFO "POST /v1/chat/completions HTTP/1.1" 200 -
2026-09-17 10:14:10,787 INFO "POST /v1/chat/completions HTTP/1.1" 200 -
2026-09-17 10:14:11,352 INFO "POST /v1/chat/completions HTTP/1.1" 200 -
2026-09-17 10:14:11,884 INFO "POST /v1/chat/completions HTTP/1.1" 200 -
2026-09-17 10:14:12,424 INFO "POST /v1/chat/completions HTTP/1.1" 200 -
2026-09-17 10:14:12,958 INFO "POST /v1/chat/completions HTTP/1.1" 200 -
2026-09-17 10:14:13,500 INFO "POST /v1/chat/completions HTTP/1.1" 200 -
2026-09-17 10:14:14,032 INFO "POST /v1/chat/completions HTTP/1.1" 200 -
2026-09-17 10:14:14,580 INFO "POST /v1/chat/completions HTTP/1.1" 200 -
2026-09-17 10:14:15,119 INFO "POST /v1/chat/completions HTTP/1.1" 200 -
2026-09-17 10:14:15,663 INFO "POST /v1/chat/completions HTTP/1.1" 200 -
2026-09-17 10:14:16,199 INFO "POST /v1/chat/completions HTTP/1.1" 200 -
2026-09-17 10:14:16,738 INFO "POST /v1/chat/completions HTTP/1.1" 200 -
2026-09-17 10:14:17,273 INFO "POST /v1/chat/completions HTTP/1.1" 200 -
2026-09-17 10:14:17,814 INFO "POST /v1/chat/completions HTTP/1.1" 200 -
2026-09-17 10:14:18,348 INFO "POST /v1/chat/completions HTTP/1.1" 200 -
2026-09-17 10:14:20,992 INFO "POST /v1/chat/completions HTTP/1.1" 200 -
2026-09-17 10:14:20,992 INFO "POST /v1/chat/completions HTTP/1.1" 200 -
2026-09-17 10:14:21,049 INFO "POST /v1/chat/completions HTTP/1.1" 200 -
2026-09-17 10:14:21,049 INFO "POST /v1/chat/completions HTTP/1.1" 200 -
2026-09-17 10:14:21,100 INFO "POST /v1/chat/completions HTTP/1.1" 200 -
2026-09-17 10:14:21,100 INFO "POST /v1/chat/completions HTTP/1.1" 200 -
2026-09-17 10:14:21,147 INFO "POST /v1/chat/completions HTTP/1.1" 200 -
2026-09-17 10:14:21,147 INFO "POST /v1/chat/completions HTTP/1.1" 200 -
2026-09-17 10:14:21,191 INFO "POST /v1/chat/completions HTTP/1.1" 200 -
2026-09-17 10:14:21,191 INFO "POST /v1/chat/completions HTTP/1.1" 200 -
2026-09-17 10:14:21,226 INFO "POST /v1/chat/completions HTTP/1.1" 200 -
2026-09-17 10:14:21,230 INFO "POST /v1/chat/completions HTTP/1.1" 200 -
2026-09-17 10:14:21,264 INFO "POST /v1/chat/completions HTTP/1.1" 200 -
2026-09-17 10:14:21,264 INFO "POST /v1/chat/completions HTTP/1.1" 200 -
2026-09-17 10:14:21,292 INFO "POST /v1/chat/completions HTTP/1.1" 200 -
2026-09-17 10:14:21,296 INFO "POST /v1/chat/completions HTTP/1.1" 200 -
2026-09-17 10:14:21,322 INFO "POST /v1/chat/completions HTTP/1.1" 200 -
2026-09-17 10:14:21,322 INFO "POST /v1/chat/completions HTTP/1.1" 200 -
2026-09-17 10:14:21,340 INFO "POST /v1/chat/completions HTTP/1.1" 200 -
2026-09-17 10:14:21,342 INFO "POST /v1/chat/completions HTTP/1.1" 200 -
2026-09-17 10:14:21,343 INFO "GET /v1/status HTTP/1.1" 200 -
2026-09-17 10:14:21,400 INFO "GET /v1/status HTTP/1.1" 200 -
2026-09-17 10:14:21,457 INFO "GET /v1/status HTTP/1.1" 200 -
2026-09-17 10:14:21,624 INFO "GET /v1/status HTTP/1.1" 200 -
2026-09-17 10:14:21,657 INFO "GET /v1/status HTTP/1.1" 200 -
2026-09-17 10:14:22,208 INFO "POST /v1/chat/completions HTTP/1.1" 200 -
2026-09-17 10:14:22,780 INFO "POST /v1/chat/completions HTTP/1.1" 200 -
2026-09-17 10:14:23,317 INFO "POST /v1/chat/completions HTTP/1.1" 200 -
2026-09-17 10:14:23,851 INFO "POST /v1/chat/completions HTTP/1.1" 200 -
2026-09-17 10:14:24,388 INFO "POST /v1/chat/completions HTTP/1.1" 200 -
2026-09-17 10:14:24,923 INFO "POST /v1/chat/completions HTTP/1.1" 200 -
2026-09-17 10:14:25,481 INFO "POST /v1/chat/completions HTTP/1.1" 200 -
2026-09-17 10:14:26,018 INFO "POST /v1/chat/completions HTTP/1.1" 200 -
2026-09-17 10:14:26,559 INFO "POST /v1/chat/completions HTTP/1.1" 200 -
2026-09-17 10:14:27,096 INFO "POST /v1/chat/completions HTTP/1.1" 200 -
2026-09-17 10:14:27,638 INFO "POST /v1/chat/completions HTTP/1.1" 200 -
2026-09-17 10:14:28,173 INFO "POST /v1/chat/completions HTTP/1.1" 200 -
2026-09-17 10:14:28,713 INFO "POST /v1/chat/completions HTTP/1.1" 200 -
2026-09-17 10:14:29,249 INFO "POST /v1/chat/completions HTTP/1.1" 200 -
2026-09-17 10:14:29,793 INFO "POST /v1/chat/completions HTTP/1.1" 200 -
2026-09-17 10:14:30,331 INFO "POST /v1/chat/completions HTTP/1.1" 200 -
2026-09-17 10:14:30,873 INFO "POST /v1/chat/completions HTTP/1.1" 200 -
2026-09-17 10:14:31,415 INFO "POST /v1/chat/completions HTTP/1.1" 200 -
2026-09-17 10:14:31,955 INFO "POST /v1/chat/completions HTTP/1.1" 200 -
2026-09-17 10:14:32,491 INFO "POST /v1/chat/completions HTTP/1.1" 200 -
2026-09-17 10:14:35,172 INFO "POST /v1/chat/completions HTTP/1.1" 200 -
2026-09-17 10:14:35,172 INFO "POST /v1/chat/completions HTTP/1.1" 200 -
2026-09-17 10:14:35,223 INFO "POST /v1/chat/completions HTTP/1.1" 200 -
2026-09-17 10:14:35,228 INFO "POST /v1/chat/completions HTTP/1.1" 200 -
2026-09-17 10:14:35,275 INFO "POST /v1/chat/completions HTTP/1.1" 200 -
2026-09-17 10:14:35,279 INFO "POST /v1/chat/completions HTTP/1.1" 200 -
2026-09-17 10:14:35,327 INFO "POST /v1/chat/completions HTTP/1.1" 200 -
2026-09-17 10:14:35,327 INFO "POST /v1/chat/completions HTTP/1.1" 200 -
2026-09-17 10:14:35,371 INFO "POST /v1/chat/completions HTTP/1.1" 200 -
2026-09-17 10:14:35,372 INFO "POST /v1/chat/completions HTTP/1.1" 200 -
2026-09-17 10:14:35,409 INFO "POST /v1/chat/completions HTTP/1.1" 200 -
2026-09-17 10:14:35,409 INFO "POST /v1/chat/completions HTTP/1.1" 200 -
2026-09-17 10:14:35,442 INFO "POST /v1/chat/completions HTTP/1.1" 200 -
2026-09-17 10:14:35,442 INFO "POST /v1/chat/completions HTTP/1.1" 200 -
2026-09-17 10:14:35,472 INFO "POST /v1/chat/completions HTTP/1.1" 200 -
2026-09-17 10:14:35,472 INFO "POST /v1/chat/completions HTTP/1.1" 200 -
2026-09-17 10:14:35,497 INFO "POST /v1/chat/completions HTTP/1.1" 200 -
2026-09-17 10:14:35,498 INFO "POST /v1/chat/completions HTTP/1.1" 200 -
2026-09-17 10:14:35,517 INFO "POST /v1/chat/completions HTTP/1.1" 200 -
2026-09-17 10:14:35,517 INFO "POST /v1/chat/completions HTTP/1.1" 200 -
2026-09-17 10:14:35,518 INFO "GET /v1/status HTTP/1.1" 200 -
2026-09-17 10:14:35,574 INFO "GET /v1/status HTTP/1.1" 200 -
2026-09-17 10:14:35,740 INFO "GET /v1/status HTTP/1.1" 200 -
2026-09-17 10:14:35,773 INFO "GET /v1/status HTTP/1.1" 200 -
2026-09-17 10:14:36,331 INFO "POST /v1/chat/completions HTTP/1.1" 200 -
2026-09-17 10:14:36,875 INFO "POST /v1/chat/completions HTTP/1.1" 200 -
2026-09-17 10:14:37,417 INFO "POST /v1/chat/completions HTTP/1.1" 200 -
2026-09-17 10:14:37,954 INFO "POST /v1/chat/completions HTTP/1.1" 200 -
2026-09-17 10:14:38,520 INFO "POST /v1/chat/completions HTTP/1.1" 200 -
2026-09-17 10:14:39,055 INFO "POST /v1/chat/completions HTTP/1.1" 200 -
2026-09-17 10:14:39,594 INFO "POST /v1/chat/completions HTTP/1.1" 200 -
2026-09-17 10:14:40,126 INFO "POST /v1/chat/completions HTTP/1.1" 200 -
2026-09-17 10:14:40,665 INFO "POST /v1/chat/completions HTTP/1.1" 200 -
2026-09-17 10:14:41,198 INFO "POST /v1/chat/completions HTTP/1.1" 200 -
2026-09-17 10:14:41,739 INFO "POST /v1/chat/completions HTTP/1.1" 200 -
2026-09-17 10:14:42,273 INFO "POST /v1/chat/completions HTTP/1.1" 200 -
2026-09-17 10:14:42,819 INFO "POST /v1/chat/completions HTTP/1.1" 200 -
2026-09-17 10:14:43,358 INFO "POST /v1/chat/completions HTTP/1.1" 200 -
2026-09-17 10:14:43,896 INFO "POST /v1/chat/completions HTTP/1.1" 200 -
2026-09-17 10:14:44,431 INFO "POST /v1/chat/completions HTTP/1.1" 200 -
2026-09-17 10:14:44,968 INFO "POST /v1/chat/completions HTTP/1.1" 200 -
2026-09-17 10:14:45,520 INFO "POST /v1/chat/completions HTTP/1.1" 200 -
2026-09-17 10:14:46,056 INFO "POST /v1/chat/completions HTTP/1.1" 200 -
2026-09-17 10:14:46,592 INFO "POST /v1/chat/completions HTTP/1.1" 200 -
2026-09-17 10:14:49,248 INFO "POST /v1/chat/completions HTTP/1.1" 200 -
2026-09-17 10:14:49,248 INFO "POST /v1/chat/completions HTTP/1.1" 200 -
2026-09-17 10:14:49,304 INFO "POST /v1/chat/completions HTTP/1.1" 200 -
2026-09-17 10:14:49,304 INFO "POST /v1/chat/completions HTTP/1.1" 200 -
2026-09-17 10:14:49,354 INFO "POST /v1/chat/completions HTTP/1.1" 200 -
2026-09-17 10:14:49,354 INFO "POST /v1/chat/completions HTTP/1.1" 200 -
2026-09-17 10:14:49,401 INFO "POST /v1/chat/completions HTTP/1.1" 200 -
2026-09-17 10:14:49,401 INFO "POST /v1/chat/completions HTTP/1.1" 200 -
2026-09-17 10:14:49,444 INFO "POST /v1/chat/completions HTTP/1.1" 200 -
2026-09-17 10:14:49,444 INFO "POST /v1/chat/completions HTTP/1.1" 200 -
2026-09-17 10:14:49,482 INFO "POST /v1/chat/completions HTTP/1.1" 200 -
2026-09-17 10:14:49,482 INFO "POST /v1/chat/completions HTTP/1.1" 200 -
2026-09-17 10:14:49,517 INFO "POST /v1/chat/completions HTTP/1.1" 200 -
2026-09-17 10:14:49,517 INFO "POST /v1/chat/completions HTTP/1.1" 200 -
2026-09-17 10:14:49,548 INFO "POST /v1/chat/completions HTTP/1.1" 200 -
2026-09-17 10:14:49,548 INFO "POST /v1/chat/completions HTTP/1.1" 200 -
2026-09-17 10:14:49,575 INFO "POST /v1/chat/completions HTTP/1.1" 200 -
2026-09-17 10:14:49,575 INFO "POST /v1/chat/completions HTTP/1.1" 200 -
2026-09-17 10:14:49,594 INFO "POST /v1/chat/completions HTTP/1.1" 200 -
2026-09-17 10:14:49,594 INFO "POST /v1/chat/completions HTTP/1.1" 200 -
2026-09-17 10:14:49,596 INFO "GET /v1/status HTTP/1.1" 200 -
2026-09-17 10:14:49,652 INFO "GET /v1/status HTTP/1.1" 200 -
2026-09-17 10:14:49,710 INFO "GET /v1/status HTTP/1.1" 200 -
2026-09-17 10:14:49,888 INFO "GET /v1/status HTTP/1.1" 200 -
2026-09-17 10:14:49,921 INFO "GET /v1/status HTTP/1.1" 200 -
2026-09-17 10:14:50,476 INFO "POST /v1/chat/completions HTTP/1.1" 200 -
2026-09-17 10:14:51,029 INFO "POST /v1/chat/completions HTTP/1.1" 200 -
2026-09-17 10:14:51,571 INFO "POST /v1/chat/completions HTTP/1.1" 200 -
2026-09-17 10:14:52,114 INFO "POST /v1/chat/completions HTTP/1.1" 200 -
2026-09-17 10:14:52,653 INFO "POST /v1/chat/completions HTTP/1.1" 200 -
2026-09-17 10:14:53,190 INFO "POST /v1/chat/completions HTTP/1.1" 200 -
2026-09-17 10:14:53,753 INFO "POST /v1/chat/completions HTTP/1.1" 200 -
2026-09-17 10:14:54,292 INFO "POST /v1/chat/completions HTTP/1.1" 200 -
2026-09-17 10:14:54,833 INFO "POST /v1/chat/completions HTTP/1.1" 200 -
2026-09-17 10:14:55,369 INFO "POST /v1/chat/completions HTTP/1.1" 200 -
2026-09-17 10:14:55,908 INFO "POST /v1/chat/completions HTTP/1.1" 200 -
2026-09-17 10:14:56,464 INFO "POST /v1/chat/completions HTTP/1.1" 200 -
2026-09-17 10:14:57,003 INFO "POST /v1/chat/completions HTTP/1.1" 200 -
2026-09-17 10:14:57,540 INFO "POST /v1/chat/completions HTTP/1.1" 200 -
2026-09-17 10:14:58,088 INFO "POST /v1/chat/completions HTTP/1.1" 200 -
2026-09-17 10:14:58,622 INFO "POST /v1/chat/completions HTTP/1.1" 200 -
2026-09-17 10:14:59,162 INFO "POST /v1/chat/completions HTTP/1.1" 200 -
2026-09-17 10:14:59,696 INFO "POST /v1/chat/completions HTTP/1.1" 200 -
2026-09-17 10:15:00,232 INFO "POST /v1/chat/completions HTTP/1.1" 200 -
2026-09-17 10:15:00,766 INFO "POST /v1/chat/completions HTTP/1.1" 200 -
2026-09-17 10:15:03,390 INFO "POST /v1/chat/completions HTTP/1.1" 200 -
2026-09-17 10:15:03,390 INFO "POST /v1/chat/completions HTTP/1.1" 200 -
2026-09-17 10:15:03,446 INFO "POST /v1/chat/completions HTTP/1.1" 200 -
2026-09-17 10:15:03,446 INFO "POST /v1/chat/completions HTTP/1.1" 200 -
2026-09-17 10:15:03,492 INFO "POST /v1/chat/completions HTTP/1.1" 200 -
2026-09-17 10:15:03,496 INFO "POST /v1/chat/completions HTTP/1.1" 200 -
2026-09-17 10:15:03,542 INFO "POST /v1/chat/completions HTTP/1.1" 200 -
2026-09-17 10:15:03,542 INFO "POST /v1/chat/completions HTTP/1.1" 200 -
2026-09-17 10:15:03,585 INFO "POST /v1/chat/completions HTTP/1.1" 200 -
2026-09-17 10:15:03,585 INFO "POST /v1/chat/completions HTTP/1.1" 200 -
2026-09-17 10:15:03,622 INFO "POST /v1/chat/completions HTTP/1.1" 200 -
2026-09-17 10:15:03,622 INFO "POST /v1/chat/completions HTTP/1.1" 200 -
2026-09-17 10:15:03,657 INFO "POST /v1/chat/completions HTTP/1.1" 200 -
2026-09-17 10:15:03,657 INFO "POST /v1/chat/completions HTTP/1.1" 200 -
2026-09-17 10:15:03,687 INFO "POST /v1/chat/completions HTTP/1.1" 200 -
2026-09-17 10:15:03,687 INFO "POST /v1/chat/completions HTTP/1.1" 200 -
2026-09-17 10:15:03,714 INFO "POST /v1/chat/completions HTTP/1.1" 200 -
2026-09-17 10:15:03,714 INFO "POST /v1/chat/completions HTTP/1.1" 200 -
2026-09-17 10:15:03,733 INFO "POST /v1/chat/completions HTTP/1.1" 200 -
2026-09-17 10:15:03,733 INFO "POST /v1/chat/completions HTTP/1.1" 200 -
2026-09-17 10:15:03,734 INFO "GET /v1/status HTTP/1.1" 200 -
2026-09-17 10:15:03,791 INFO "GET /v1/status HTTP/1.1" 200 -
2026-09-17 10:15:03,968 INFO "GET /v1/status HTTP/1.1" 200 -
2026-09-17 10:15:04,001 INFO "GET /v1/status HTTP/1.1" 200 -
2026-09-17 10:15:04,550 INFO "POST /v1/chat/completions HTTP/1.1" 200 -
2026-09-17 10:15:05,120 INFO "POST /v1/chat/completions HTTP/1.1" 200 -
2026-09-17 10:15:05,653 INFO "POST /v1/chat/completions HTTP/1.1" 200 -
2026-09-17 10:15:06,192 INFO "POST /v1/chat/completions HTTP/1.1" 200 -
2026-09-17 10:15:06,729 INFO "POST /v1/chat/completions HTTP/1.1" 200 -
2026-09-17 10:15:07,288 INFO "POST /v1/chat/completions HTTP/1.1" 200 -
2026-09-17 10:15:07,825 INFO "POST /v1/chat/completions HTTP/1.1" 200 -
2026-09-17 10:15:08,367 INFO "POST /v1/chat/completions HTTP/1.1" 200 -
2026-09-17 10:15:08,903 INFO "POST /v1/chat/completions HTTP/1.1" 200 -
2026-09-17 10:15:09,451 INFO "POST /v1/chat/completions HTTP/1.1" 200 -
2026-09-17 10:15:09,984 INFO "POST /v1/chat/completions HTTP/1.1" 200 -
2026-09-17 10:15:10,521 INFO "POST /v1/chat/completions HTTP/1.1" 200 -
2026-09-17 10:15:11,058 INFO "POST /v1/chat/completions HTTP/1.1" 200 -
2026-09-17 10:15:11,600 INFO "POST /v1/chat/completions HTTP/1.1" 200 -
2026-09-17 10:15:12,132 INFO "POST /v1/chat/completions HTTP/1.1" 200 -
2026-09-17 10:15:12,669 INFO "POST /v1/chat/completions HTTP/1.1" 200 -
2026-09-17 10:15:13,204 INFO "POST /v1/chat/completions HTTP/1.1" 200 -
2026-09-17 10:15:13,745 INFO "POST /v1/chat/completions HTTP/1.1" 200 -
2026-09-17 10:15:14,279 INFO "POST /v1/chat/completions HTTP/1.1" 200 -
2026-09-17 10:15:14,817 INFO "POST /v1/chat/completions HTTP/1.1" 200 -
2026-09-17 10:15:17,450 INFO "POST /v1/chat/completions HTTP/1.1" 200 -
2026-09-17 10:15:17,450 INFO "POST /v1/chat/completions HTTP/1.1" 200 -
2026-09-17 10:15:17,504 INFO "POST /v1/chat/completions HTTP/1.1" 200 -
2026-09-17 10:15:17,504 INFO "POST /v1/chat/completions HTTP/1.1" 200 -
2026-09-17 10:15:17,554 INFO "POST /v1/chat/completions HTTP/1.1" 200 -
2026-09-17 10:15:17,554 INFO "POST /v1/chat/completions HTTP/1.1" 200 -
2026-09-17 10:15:17,600 INFO "POST /v1/chat/completions HTTP/1.1" 200 -
2026-09-17 10:15:17,600 INFO "POST /v1/chat/completions HTTP/1.1" 200 -
2026-09-17 10:15:17,642 INFO "POST /v1/chat/completions HTTP/1.1" 200 -
2026-09-17 10:15:17,642 INFO "POST /v1/chat/completions HTTP/1.1" 200 -
2026-09-17 10:15:17,680 INFO "POST /v1/chat/completions HTTP/1.1" 200 -
2026-09-17 10:15:17,680 INFO "POST /v1/chat/completions HTTP/1.1" 200 -
2026-09-17 10:15:17,730 INFO "POST /v1/chat/completions HTTP/1.1" 200 -
2026-09-17 10:15:17,734 INFO "POST /v1/chat/completions HTTP/1.1" 200 -
2026-09-17 10:15:17,764 INFO "POST /v1/chat/completions HTTP/1.1" 200 -
2026-09-17 10:15:17,764 INFO "POST /v1/chat/completions HTTP/1.1" 200 -
2026-09-17 10:15:17,790 INFO "POST /v1/chat/completions HTTP/1.1" 200 -
2026-09-17 10:15:17,790 INFO "POST /v1/chat/completions HTTP/1.1" 200 -
2026-09-17 10:15:17,809 INFO "POST /v1/chat/completions HTTP/1.1" 200 -
2026-09-17 10:15:17,809 INFO "POST /v1/chat/completions HTTP/1.1" 200 -
2026-09-17 10:15:17,811 INFO "GET /v1/status HTTP/1.1" 200 -
2026-09-17 10:15:17,867 INFO "GET /v1/status HTTP/1.1" 200 -
2026-09-17 10:15:18,049 INFO "GET /v1/status HTTP/1.1" 200 -
2026-09-17 10:15:18,081 INFO "GET /v1/status HTTP/1.1" 200 -
2026-09-17 10:15:18,669 INFO "POST /v1/chat/completions HTTP/1.1" 200 -
2026-09-17 10:15:19,238 INFO "POST /v1/chat/completions HTTP/1.1" 200 -
2026-09-17 10:15:19,799 INFO "POST /v1/chat/completions HTTP/1.1" 200 -
2026-09-17 10:15:20,359 INFO "POST /v1/chat/completions HTTP/1.1" 200 -
2026-09-17 10:15:20,945 INFO "POST /v1/chat/completions HTTP/1.1" 200 -
2026-09-17 10:15:21,512 INFO "POST /v1/chat/completions HTTP/1.1" 200 -
2026-09-17 10:15:22,061 INFO "POST /v1/chat/completions HTTP/1.1" 200 -
2026-09-17 10:15:22,615 INFO "POST /v1/chat/completions HTTP/1.1" 200 -
2026-09-17 10:15:23,152 INFO "POST /v1/chat/completions HTTP/1.1" 200 -
2026-09-17 10:15:23,693 INFO "POST /v1/chat/completions HTTP/1.1" 200 -
2026-09-17 10:15:24,228 INFO "POST /v1/chat/completions HTTP/1.1" 200 -
2026-09-17 10:15:24,762 INFO "POST /v1/chat/completions HTTP/1.1" 200 -
2026-09-17 10:15:25,300 INFO "POST /v1/chat/completions HTTP/1.1" 200 -
2026-09-17 10:15:25,862 INFO "POST /v1/chat/completions HTTP/1.1" 200 -
2026-09-17 10:15:26,400 INFO "POST /v1/chat/completions HTTP/1.1" 200 -
2026-09-17 10:15:26,942 INFO "POST /v1/chat/completions HTTP/1.1" 200 -
2026-09-17 10:15:27,478 INFO "POST /v1/chat/completions HTTP/1.1" 200 -
2026-09-17 10:15:28,019 INFO "POST /v1/chat/completions HTTP/1.1" 200 -
2026-09-17 10:15:28,555 INFO "POST /v1/chat/completions HTTP/1.1" 200 -
2026-09-17 10:15:29,095 INFO "POST /v1/chat/completions HTTP/1.1" 200 -
2026-09-17 10:15:31,820 INFO "POST /v1/chat/completions HTTP/1.1" 200 -
2026-09-17 10:15:31,821 INFO "POST /v1/chat/completions HTTP/1.1" 200 -
2026-09-17 10:15:31,875 INFO "POST /v1/chat/completions HTTP/1.1" 200 -
2026-09-17 10:15:31,879 INFO "POST /v1/chat/completions HTTP/1.1" 200 -
2026-09-17 10:15:31,930 INFO "POST /v1/chat/completions HTTP/1.1" 200 -
2026-09-17 10:15:31,930 INFO "POST /v1/chat/completions HTTP/1.1" 200 -
2026-09-17 10:15:31,976 INFO "POST /v1/chat/completions HTTP/1.1" 200 -
2026-09-17 10:15:31,976 INFO "POST /v1/chat/completions HTTP/1.1" 200 -
2026-09-17 10:15:32,022 INFO "POST /v1/chat/completions HTTP/1.1" 200 -
2026-09-17 10:15:32,022 INFO "POST /v1/chat/completions HTTP/1.1" 200 -
2026-09-17 10:15:32,059 INFO "POST /v1/chat/completions HTTP/1.1" 200 -
2026-09-17 10:15:32,060 INFO "POST /v1/chat/completions HTTP/1.1" 200 -
2026-09-17 10:15:32,094 INFO "POST /v1/chat/completions HTTP/1.1" 200 -
2026-09-17 10:15:32,094 INFO "POST /v1/chat/completions HTTP/1.1" 200 -
2026-09-17 10:15:32,123 INFO "POST /v1/chat/completions HTTP/1.1" 200 -
2026-09-17 10:15:32,124 INFO "POST /v1/chat/completions HTTP/1.1" 200 -
2026-09-17 10:15:32,147 INFO "POST /v1/chat/completions HTTP/1.1" 200 -
2026-09-17 10:15:32,150 INFO "POST /v1/chat/completions HTTP/1.1" 200 -
2026-09-17 10:15:32,170 INFO "POST /v1/chat/completions HTTP/1.1" 200 -
2026-09-17 10:15:32,170 INFO "POST /v1/chat/completions HTTP/1.1" 200 -
2026-09-17 10:15:32,171 INFO "GET /v1/status HTTP/1.1" 200 -
2026-09-17 10:15:32,224 INFO "GET /v1/status HTTP/1.1" 200 -
2026-09-17 10:15:32,281 INFO "GET /v1/status HTTP/1.1" 200 -
2026-09-17 10:15:32,336 INFO "GET /v1/status HTTP/1.1" 200 -
2026-09-17 10:15:32,392 INFO "GET /v1/status HTTP/1.1" 200 -
2026-09-17 10:15:32,449 INFO "GET /v1/status HTTP/1.1" 200 -
2026-09-17 10:15:32,508 INFO "GET /v1/status HTTP/1.1" 200 -
2026-09-17 10:15:32,567 INFO "GET /v1/status HTTP/1.1" 200 -
2026-09-17 10:15:32,626 INFO "GET /v1/status HTTP/1.1" 200 -
2026-09-17 10:15:32,686 INFO "GET /v1/status HTTP/1.1" 200 -
2026-09-17 10:15:32,743 INFO "GET /v1/status HTTP/1.1" 200 -
2026-09-17 10:15:32,802 INFO "GET /v1/status HTTP/1.1" 200 -
2026-09-17 10:15:32,859 INFO "GET /v1/status HTTP/1.1" 200 -
2026-09-17 10:15:32,919 INFO "GET /v1/status HTTP/1.1" 200 -
2026-09-17 10:15:32,976 INFO "GET /v1/status HTTP/1.1" 200 -
2026-09-17 10:15:33,032 INFO "GET /v1/status HTTP/1.1" 200 -
2026-09-17 10:15:33,243 INFO "GET /v1/status HTTP/1.1" 200 -
2026-09-17 10:15:33,276 INFO "GET /v1/status HTTP/1.1" 200 -
2026-09-17 10:15:33,840 INFO "POST /v1/chat/completions HTTP/1.1" 200 -
2026-09-17 10:15:34,388 INFO "POST /v1/chat/completions HTTP/1.1" 200 -
2026-09-17 10:15:34,927 INFO "POST /v1/chat/completions HTTP/1.1" 200 -
2026-09-17 10:15:35,473 INFO "POST /v1/chat/completions HTTP/1.1" 200 -
2026-09-17 10:15:36,010 INFO "POST /v1/chat/completions HTTP/1.1" 200 -
2026-09-17 10:15:36,552 INFO "POST /v1/chat/completions HTTP/1.1" 200 -
2026-09-17 10:15:37,095 INFO "POST /v1/chat/completions HTTP/1.1" 200 -
2026-09-17 10:15:37,657 INFO "POST /v1/chat/completions HTTP/1.1" 200 -
2026-09-17 10:15:38,191 INFO "POST /v1/chat/completions HTTP/1.1" 200 -
2026-09-17 10:15:38,732 INFO "POST /v1/chat/completions HTTP/1.1" 200 -
2026-09-17 10:15:39,267 INFO "POST /v1/chat/completions HTTP/1.1" 200 -
2026-09-17 10:15:39,806 INFO "POST /v1/chat/completions HTTP/1.1" 200 -
2026-09-17 10:15:40,341 INFO "POST /v1/chat/completions HTTP/1.1" 200 -
2026-09-17 10:15:40,879 INFO "POST /v1/chat/completions HTTP/1.1" 200 -
2026-09-17 10:15:41,415 INFO "POST /v1/chat/completions HTTP/1.1" 200 -
2026-09-17 10:15:41,978 INFO "POST /v1/chat/completions HTTP/1.1" 200 -
2026-09-17 10:15:42,523 INFO "POST /v1/chat/completions HTTP/1.1" 200 -
2026-09-17 10:15:43,065 INFO "POST /v1/chat/completions HTTP/1.1" 200 -
2026-09-17 10:15:43,604 INFO "POST /v1/chat/completions HTTP/1.1" 200 -
2026-09-17 10:15:44,145 INFO "POST /v1/chat/completions HTTP/1.1" 200 -
2026-09-17 10:15:46,601 INFO "POST /v1/chat/completions HTTP/1.1" 200 -
2026-09-17 10:15:46,604 INFO "POST /v1/chat/completions HTTP/1.1" 200 -
2026-09-17 10:15:46,659 INFO "POST /v1/chat/completions HTTP/1.1" 200 -
2026-09-17 10:15:46,659 INFO "POST /v1/chat/completions HTTP/1.1" 200 -
2026-09-17 10:15:46,708 INFO "POST /v1/chat/completions HTTP/1.1" 200 -
2026-09-17 10:15:46,709 INFO "POST /v1/chat/completions HTTP/1.1" 200 -
2026-09-17 10:15:46,755 INFO "POST /v1/chat/completions HTTP/1.1" 200 -
2026-09-17 10:15:46,755 INFO "POST /v1/chat/completions HTTP/1.1" 200 -
2026-09-17 10:15:46,797 INFO "POST /v1/chat/completions HTTP/1.1" 200 -
2026-09-17 10:15:46,797 INFO "POST /v1/chat/completions HTTP/1.1" 200 -
2026-09-17 10:15:46,835 INFO "POST /v1/chat/completions HTTP/1.1" 200 -
2026-09-17 10:15:46,835 INFO "POST /v1/chat/completions HTTP/1.1" 200 -
2026-09-17 10:15:46,868 INFO "POST /v1/chat/completions HTTP/1.1" 200 -
2026-09-17 10:15:46,868 INFO "POST /v1/chat/completions HTTP/1.1" 200 -
2026-09-17 10:15:46,898 INFO "POST /v1/chat/completions HTTP/1.1" 200 -
2026-09-17 10:15:46,898 INFO "POST /v1/chat/completions HTTP/1.1" 200 -
2026-09-17 10:15:46,924 INFO "POST /v1/chat/completions HTTP/1.1" 200 -
2026-09-17 10:15:46,924 INFO "POST /v1/chat/completions HTTP/1.1" 200 -
2026-09-17 10:15:46,943 INFO "POST /v1/chat/completions HTTP/1.1" 200 -
2026-09-17 10:15:46,943 INFO "POST /v1/chat/completions HTTP/1.1" 200 -
2026-09-17 10:15:46,945 INFO "GET /v1/status HTTP/1.1" 200 -
2026-09-17 10:15:47,001 INFO "GET /v1/status HTTP/1.1" 200 -
2026-09-17 10:15:47,057 INFO "GET /v1/status HTTP/1.1" 200 -
2026-09-17 10:15:47,115 INFO "GET /v1/status HTTP/1.1" 200 -
2026-09-17 10:15:47,169 INFO "GET /v1/status HTTP/1.1" 200 -
2026-09-17 10:15:47,378 INFO "GET /v1/status HTTP/1.1" 200 -
2026-09-17 10:15:47,412 INFO "GET /v1/status HTTP/1.1" 200 -
2026-09-17 10:15:47,975 INFO "POST /v1/chat/completions HTTP/1.1" 200 -
2026-09-17 10:15:48,528 INFO "POST /v1/chat/completions HTTP/1.1" 200 -
2026-09-17 10:15:49,092 INFO "POST /v1/chat/completions HTTP/1.1" 200 -
2026-09-17 10:15:49,629 INFO "POST /v1/chat/completions HTTP/1.1" 200 -
2026-09-17 10:15:50,161 INFO "POST /v1/chat/completions HTTP/1.1" 200 -
2026-09-17 10:15:50,701 INFO "POST /v1/chat/completions HTTP/1.1" 200 -
2026-09-17 10:15:51,238 INFO "POST /v1/chat/completions HTTP/1.1" 200 -
2026-09-17 10:15:51,778 INFO "POST /v1/chat/completions HTTP/1.1" 200 -
2026-09-17 10:15:52,313 INFO "POST /v1/chat/completions HTTP/1.1" 200 -
2026-09-17 10:15:52,848 INFO "POST /v1/chat/completions HTTP/1.1" 200 -
2026-09-17 10:15:53,385 INFO "POST /v1/chat/completions HTTP/1.1" 200 -
2026-09-17 10:15:53,919 INFO "POST /v1/chat/completions HTTP/1.1" 200 -
2026-09-17 10:15:54,457 INFO "POST /v1/chat/completions HTTP/1.1" 200 -
2026-09-17 10:15:55,006 INFO "POST /v1/chat/completions HTTP/1.1" 200 -
2026-09-17 10:15:55,544 INFO "POST /v1/chat/completions HTTP/1.1" 200 -
2026-09-17 10:15:56,080 INFO "POST /v1/chat/completions HTTP/1.1" 200 -
2026-09-17 10:15:56,619 INFO "POST /v1/chat/completions HTTP/1.1" 200 -
2026-09-17 10:15:57,153 INFO "POST /v1/chat/completions HTTP/1.1" 200 -
2026-09-17 10:15:57,695 INFO "POST /v1/chat/completions HTTP/1.1" 200 -
2026-09-17 10:15:58,229 INFO "POST /v1/chat/completions HTTP/1.1" 200 -
2026-09-17 10:16:00,740 INFO "POST /v1/chat/completions HTTP/1.1" 200 -
2026-09-17 10:16:00,744 INFO "POST /v1/chat/completions HTTP/1.1" 200 -
2026-09-17 10:16:00,798 INFO "POST /v1/chat/completions HTTP/1.1" 200 -
2026-09-17 10:16:00,798 INFO "POST /v1/chat/completions HTTP/1.1" 200 -
2026-09-17 10:16:00,845 INFO "POST /v1/chat/completions HTTP/1.1" 200 -
2026-09-17 10:16:00,849 INFO "POST /v1/chat/completions HTTP/1.1" 200 -
2026-09-17 10:16:00,892 INFO "POST /v1/chat/completions HTTP/1.1" 200 -
2026-09-17 10:16:00,896 INFO "POST /v1/chat/completions HTTP/1.1" 200 -
2026-09-17 10:16:00,936 INFO "POST /v1/chat/completions HTTP/1.1" 200 -
2026-09-17 10:16:00,940 INFO "POST /v1/chat/completions HTTP/1.1" 200 -
2026-09-17 10:16:00,973 INFO "POST /v1/chat/completions HTTP/1.1" 200 -
2026-09-17 10:16:00,977 INFO "POST /v1/chat/completions HTTP/1.1" 200 -
2026-09-17 10:16:01,011 INFO "POST /v1/chat/completions HTTP/1.1" 200 -
2026-09-17 10:16:01,011 INFO "POST /v1/chat/completions HTTP/1.1" 200 -
2026-09-17 10:16:01,041 INFO "POST /v1/chat/completions HTTP/1.1" 200 -
2026-09-17 10:16:01,041 INFO "POST /v1/chat/completions HTTP/1.1" 200 -
2026-09-17 10:16:01,067 INFO "POST /v1/chat/completions HTTP/1.1" 200 -
2026-09-17 10:16:01,068 INFO "POST /v1/chat/completions HTTP/1.1" 200 -
2026-09-17 10:16:01,086 INFO "POST /v1/chat/completions HTTP/1.1" 200 -
2026-09-17 10:16:01,086 INFO "POST /v1/chat/completions HTTP/1.1" 200 -
2026-09-17 10:16:01,088 INFO "GET /v1/status HTTP/1.1" 200 -
2026-09-17 10:16:01,144 INFO "GET /v1/status HTTP/1.1" 200 -
2026-09-17 10:16:01,201 INFO "GET /v1/status HTTP/1.1" 200 -
2026-09-17 10:16:01,255 INFO "GET /v1/status HTTP/1.1" 200 -
2026-09-17 10:16:01,309 INFO "GET /v1/status HTTP/1.1" 200 -
2026-09-17 10:16:01,524 INFO "GET /v1/status HTTP/1.1" 200 -
2026-09-17 10:16:01,557 INFO "GET /v1/status HTTP/1.1" 200 -
2026-09-17 10:16:02,113 INFO "POST /v1/chat/completions HTTP/1.1" 200 -
2026-09-17 10:16:02,664 INFO "POST /v1/chat/completions HTTP/1.1" 200 -
2026-09-17 10:16:03,204 INFO "POST /v1/chat/completions HTTP/1.1" 200 -
2026-09-17 10:16:03,747 INFO "POST /v1/chat/completions HTTP/1.1" 200 -
2026-09-17 10:16:04,288 INFO "POST /v1/chat/completions HTTP/1.1" 200 -
2026-09-17 10:16:04,853 INFO "POST /v1/chat/completions HTTP/1.1" 200 -
2026-09-17 10:16:05,390 INFO "POST /v1/chat/completions HTTP/1.1" 200 -
2026-09-17 10:16:05,924 INFO "POST /v1/chat/completions HTTP/1.1" 200 -
2026-09-17 10:16:06,459 INFO "POST /v1/chat/completions HTTP/1.1" 200 -
2026-09-17 10:16:06,997 INFO "POST /v1/chat/completions HTTP/1.1" 200 -
2026-09-17 10:16:07,533 INFO "POST /v1/chat/completions HTTP/1.1" 200 -
2026-09-17 10:16:08,066 INFO "POST /v1/chat/completions HTTP/1.1" 200 -
2026-09-17 10:16:08,603 INFO "POST /v1/chat/completions HTTP/1.1" 200 -
2026-09-17 10:16:09,138 INFO "POST /v1/chat/completions HTTP/1.1" 200 -
2026-09-17 10:16:09,675 INFO "POST /v1/chat/completions HTTP/1.1" 200 -
2026-09-17 10:16:10,208 INFO "POST /v1/chat/completions HTTP/1.1" 200 -
2026-09-17 10:16:10,768 INFO "POST /v1/chat/completions HTTP/1.1" 200 -
2026-09-17 10:16:11,308 INFO "POST /v1/chat/completions HTTP/1.1" 200 -
2026-09-17 10:16:11,846 INFO "POST /v1/chat/completions HTTP/1.1" 200 -
2026-09-17 10:16:12,382 INFO "POST /v1/chat/completions HTTP/1.1" 200 -
2026-09-17 10:16:14,900 INFO "POST /v1/chat/completions HTTP/1.1" 200 -
2026-09-17 10:16:14,900 INFO "POST /v1/chat/completions HTTP/1.1" 200 -
2026-09-17 10:16:14,955 INFO "POST /v1/chat/completions HTTP/1.1" 200 -
2026-09-17 10:16:14,955 INFO "POST /v1/chat/completions HTTP/1.1" 200 -
2026-09-17 10:16:15,005 INFO "POST /v1/chat/completions HTTP/1.1" 200 -
2026-09-17 10:16:15,005 INFO "POST /v1/chat/completions HTTP/1.1" 200 -
2026-09-17 10:16:15,055 INFO "POST /v1/chat/completions HTTP/1.1" 200 -
2026-09-17 10:16:15,055 INFO "POST /v1/chat/completions HTTP/1.1" 200 -
2026-09-17 10:16:15,096 INFO "POST /v1/chat/completions HTTP/1.1" 200 -
2026-09-17 10:16:15,100 INFO "POST /v1/chat/completions HTTP/1.1" 200 -
2026-09-17 10:16:15,135 INFO "POST /v1/chat/completions HTTP/1.1" 200 -
2026-09-17 10:16:15,140 INFO "POST /v1/chat/completions HTTP/1.1" 200 -
2026-09-17 10:16:15,175 INFO "POST /v1/chat/completions HTTP/1.1" 200 -
2026-09-17 10:16:15,175 INFO "POST /v1/chat/completions HTTP/1.1" 200 -
2026-09-17 10:16:15,205 INFO "POST /v1/chat/completions HTTP/1.1" 200 -
2026-09-17 10:16:15,205 INFO "POST /v1/chat/completions HTTP/1.1" 200 -
2026-09-17 10:16:15,232 INFO "POST /v1/chat/completions HTTP/1.1" 200 -
2026-09-17 10:16:15,232 INFO "POST /v1/chat/completions HTTP/1.1" 200 -
2026-09-17 10:16:15,251 INFO "POST /v1/chat/completions HTTP/1.1" 200 -
2026-09-17 10:16:15,251 INFO "POST /v1/chat/completions HTTP/1.1" 200 -
2026-09-17 10:16:15,252 INFO "GET /v1/status HTTP/1.1" 200 -
2026-09-17 10:16:15,307 INFO "GET /v1/status HTTP/1.1" 200 -
2026-09-17 10:16:15,364 INFO "GET /v1/status HTTP/1.1" 200 -
2026-09-17 10:16:15,422 INFO "GET /v1/status HTTP/1.1" 200 -
2026-09-17 10:16:15,642 INFO "GET /v1/status HTTP/1.1" 200 -
2026-09-17 10:16:15,676 INFO "GET /v1/status HTTP/1.1" 200 -
2026-09-17 10:16:16,257 INFO "POST /v1/chat/completions HTTP/1.1" 200 -
2026-09-17 10:16:16,799 INFO "POST /v1/chat/completions HTTP/1.1" 200 -
2026-09-17 10:16:17,332 INFO "POST /v1/chat/completions HTTP/1.1" 200 -
2026-09-17 10:16:17,867 INFO "POST /v1/chat/completions HTTP/1.1" 200 -
2026-09-17 10:16:18,405 INFO "POST /v1/chat/completions HTTP/1.1" 200 -
2026-09-17 10:16:18,943 INFO "POST /v1/chat/completions HTTP/1.1" 200 -
2026-09-17 10:16:19,483 INFO "POST /v1/chat/completions HTTP/1.1" 200 -
2026-09-17 10:16:20,017 INFO "POST /v1/chat/completions HTTP/1.1" 200 -
2026-09-17 10:16:20,559 INFO "POST /v1/chat/completions HTTP/1.1" 200 -
2026-09-17 10:16:21,093 INFO "POST /v1/chat/completions HTTP/1.1" 200 -
2026-09-17 10:16:21,653 INFO "POST /v1/chat/completions HTTP/1.1" 200 -
2026-09-17 10:16:22,192 INFO "POST /v1/chat/completions HTTP/1.1" 200 -
2026-09-17 10:16:22,736 INFO "POST /v1/chat/completions HTTP/1.1" 200 -
2026-09-17 10:16:23,277 INFO "POST /v1/chat/completions HTTP/1.1" 200 -
2026-09-17 10:16:23,817 INFO "POST /v1/chat/completions HTTP/1.1" 200 -
2026-09-17 10:16:24,352 INFO "POST /v1/chat/completions HTTP/1.1" 200 -
2026-09-17 10:16:24,903 INFO "POST /v1/chat/completions HTTP/1.1" 200 -
2026-09-17 10:16:25,440 INFO "POST /v1/chat/completions HTTP/1.1" 200 -
2026-09-17 10:16:25,998 INFO "POST /v1/chat/completions HTTP/1.1" 200 -
2026-09-17 10:16:26,535 INFO "POST /v1/chat/completions HTTP/1.1" 200 -
2026-09-17 10:16:29,096 INFO "POST /v1/chat/completions HTTP/1.1" 200 -
2026-09-17 10:16:29,096 INFO "POST /v1/chat/completions HTTP/1.1" 200 -
2026-09-17 10:16:29,150 INFO "POST /v1/chat/completions HTTP/1.1" 200 -
2026-09-17 10:16:29,150 INFO "POST /v1/chat/completions HTTP/1.1" 200 -
2026-09-17 10:16:29,199 INFO "POST /v1/chat/completions HTTP/1.1" 200 -
2026-09-17 10:16:29,199 INFO "POST /v1/chat/completions HTTP/1.1" 200 -
2026-09-17 10:16:29,245 INFO "POST /v1/chat/completions HTTP/1.1" 200 -
2026-09-17 10:16:29,245 INFO "POST /v1/chat/completions HTTP/1.1" 200 -
2026-09-17 10:16:29,286 INFO "POST /v1/chat/completions HTTP/1.1" 200 -
2026-09-17 10:16:29,286 INFO "POST /v1/chat/completions HTTP/1.1" 200 -
2026-09-17 10:16:29,322 INFO "POST /v1/chat/completions HTTP/1.1" 200 -
2026-09-17 10:16:29,322 INFO "POST /v1/chat/completions HTTP/1.1" 200 -
2026-09-17 10:16:29,356 INFO "POST /v1/chat/completions HTTP/1.1" 200 -
2026-09-17 10:16:29,356 INFO "POST /v1/chat/completions HTTP/1.1" 200 -
2026-09-17 10:16:29,385 INFO "POST /v1/chat/completions HTTP/1.1" 200 -
2026-09-17 10:16:29,385 INFO "POST /v1/chat/completions HTTP/1.1" 200 -
2026-09-17 10:16:29,411 INFO "POST /v1/chat/completions HTTP/1.1" 200 -
2026-09-17 10:16:29,411 INFO "POST /v1/chat/completions HTTP/1.1" 200 -
2026-09-17 10:16:29,430 INFO "POST /v1/chat/completions HTTP/1.1" 200 -
2026-09-17 10:16:29,430 INFO "POST /v1/chat/completions HTTP/1.1" 200 -
2026-09-17 10:16:29,431 INFO "GET /v1/status HTTP/1.1" 200 -
2026-09-17 10:16:29,488 INFO "GET /v1/status HTTP/1.1" 200 -
2026-09-17 10:16:29,542 INFO "GET /v1/status HTTP/1.1" 200 -
2026-09-17 10:16:29,754 INFO "GET /v1/status HTTP/1.1" 200 -
2026-09-17 10:16:29,787 INFO "GET /v1/status HTTP/1.1" 200 -
2026-09-17 10:16:30,350 INFO "POST /v1/chat/completions HTTP/1.1" 200 -
2026-09-17 10:16:30,895 INFO "POST /v1/chat/completions HTTP/1.1" 200 -
2026-09-17 10:16:31,460 INFO "POST /v1/chat/completions HTTP/1.1" 200 -
2026-09-17 10:16:31,994 INFO "POST /v1/chat/completions HTTP/1.1" 200 -
2026-09-17 10:16:32,551 INFO "POST /v1/chat/completions HTTP/1.1" 200 -
2026-09-17 10:16:33,086 INFO "POST /v1/chat/completions HTTP/1.1" 200 -
2026-09-17 10:16:33,627 INFO "POST /v1/chat/completions HTTP/1.1" 200 -
2026-09-17 10:16:34,161 INFO "POST /v1/chat/completions HTTP/1.1" 200 -
2026-09-17 10:16:34,704 INFO "POST /v1/chat/completions HTTP/1.1" 200 -
2026-09-17 10:16:35,243 INFO "POST /v1/chat/completions HTTP/1.1" 200 -
2026-09-17 10:16:35,793 INFO "POST /v1/chat/completions HTTP/1.1" 200 -
2026-09-17 10:16:36,326 INFO "POST /v1/chat/completions HTTP/1.1" 200 -
2026-09-17 10:16:36,864 INFO "POST /v1/chat/completions HTTP/1.1" 200 -
2026-09-17 10:16:37,397 INFO "POST /v1/chat/completions HTTP/1.1" 200 -
2026-09-17 10:16:37,936 INFO "POST /v1/chat/completions HTTP/1.1" 200 -
2026-09-17 10:16:38,472 INFO "POST /v1/chat/completions HTTP/1.1" 200 -
2026-09-17 10:16:39,014 INFO "POST /v1/chat/completions HTTP/1.1" 200 -
2026-09-17 10:16:39,547 INFO "POST /v1/chat/completions HTTP/1.1" 200 -
2026-09-17 10:16:40,091 INFO "POST /v1/chat/completions HTTP/1.1" 200 -
2026-09-17 10:16:40,625 INFO "POST /v1/chat/completions HTTP/1.1" 200 -
2026-09-17 10:16:43,208 INFO "POST /v1/chat/completions HTTP/1.1" 200 -
2026-09-17 10:16:43,209 INFO "POST /v1/chat/completions HTTP/1.1" 200 -
2026-09-17 10:16:43,260 INFO "POST /v1/chat/completions HTTP/1.1" 200 -
2026-09-17 10:16:43,265 INFO "POST /v1/chat/completions HTTP/1.1" 200 -
2026-09-17 10:16:43,330 INFO "POST /v1/chat/completions HTTP/1.1" 200 -
2026-09-17 10:16:43,333 INFO "POST /v1/chat/completions HTTP/1.1" 200 -
2026-09-17 10:16:43,376 INFO "POST /v1/chat/completions HTTP/1.1" 200 -
2026-09-17 10:16:43,380 INFO "POST /v1/chat/completions HTTP/1.1" 200 -
2026-09-17 10:16:43,422 INFO "POST /v1/chat/completions HTTP/1.1" 200 -
2026-09-17 10:16:43,422 INFO "POST /v1/chat/completions HTTP/1.1" 200 -
2026-09-17 10:16:43,459 INFO "POST /v1/chat/completions HTTP/1.1" 200 -
2026-09-17 10:16:43,459 INFO "POST /v1/chat/completions HTTP/1.1" 200 -
2026-09-17 10:16:43,493 INFO "POST /v1/chat/completions HTTP/1.1" 200 -
2026-09-17 10:16:43,493 INFO "POST /v1/chat/completions HTTP/1.1" 200 -
2026-09-17 10:16:43,524 INFO "POST /v1/chat/completions HTTP/1.1" 200 -
2026-09-17 10:16:43,524 INFO "POST /v1/chat/completions HTTP/1.1" 200 -
2026-09-17 10:16:43,550 INFO "POST /v1/chat/completions HTTP/1.1" 200 -
2026-09-17 10:16:43,550 INFO "POST /v1/chat/completions HTTP/1.1" 200 -
2026-09-17 10:16:43,569 INFO "POST /v1/chat/completions HTTP/1.1" 200 -
2026-09-17 10:16:43,569 INFO "POST /v1/chat/completions HTTP/1.1" 200 -
2026-09-17 10:16:43,571 INFO "GET /v1/status HTTP/1.1" 200 -
2026-09-17 10:16:43,627 INFO "GET /v1/status HTTP/1.1" 200 -
2026-09-17 10:16:43,682 INFO "GET /v1/status HTTP/1.1" 200 -
2026-09-17 10:16:43,904 INFO "GET /v1/status HTTP/1.1" 200 -
2026-09-17 10:16:43,937 INFO "GET /v1/status HTTP/1.1" 200 -
2026-09-17 10:16:44,487 INFO "POST /v1/chat/completions HTTP/1.1" 200 -
2026-09-17 10:16:45,029 INFO "POST /v1/chat/completions HTTP/1.1" 200 -
2026-09-17 10:16:45,571 INFO "POST /v1/chat/completions HTTP/1.1" 200 -
2026-09-17 10:16:46,109 INFO "POST /v1/chat/completions HTTP/1.1" 200 -
2026-09-17 10:16:46,653 INFO "POST /v1/chat/completions HTTP/1.1" 200 -
2026-09-17 10:16:47,222 INFO "POST /v1/chat/completions HTTP/1.1" 200 -
2026-09-17 10:16:47,762 INFO "POST /v1/chat/completions HTTP/1.1" 200 -
2026-09-17 10:16:48,296 INFO "POST /v1/chat/completions HTTP/1.1" 200 -
2026-09-17 10:16:48,833 INFO "POST /v1/chat/completions HTTP/1.1" 200 -
2026-09-17 10:16:49,368 INFO "POST /v1/chat/completions HTTP/1.1" 200 -
2026-09-17 10:16:49,908 INFO "POST /v1/chat/completions HTTP/1.1" 200 -
2026-09-17 10:16:50,442 INFO "POST /v1/chat/completions HTTP/1.1" 200 -
2026-09-17 10:16:50,986 INFO "POST /v1/chat/completions HTTP/1.1" 200 -
2026-09-17 10:16:51,525 INFO "POST /v1/chat/completions HTTP/1.1" 200 -
2026-09-17 10:16:52,070 INFO "POST /v1/chat/completions HTTP/1.1" 200 -
2026-09-17 10:16:52,603 INFO "POST /v1/chat/completions HTTP/1.1" 200 -
2026-09-17 10:16:53,142 INFO "POST /v1/chat/completions HTTP/1.1" 200 -
2026-09-17 10:16:53,677 INFO "POST /v1/chat/completions HTTP/1.1" 200 -
2026-09-17 10:16:54,215 INFO "POST /v1/chat/completions HTTP/1.1" 200 -
2026-09-17 10:16:54,753 INFO "POST /v1/chat/completions HTTP/1.1" 200 -
2026-09-17 10:16:57,352 INFO "POST /v1/chat/completions HTTP/1.1" 200 -
2026-09-17 10:16:57,352 INFO "POST /v1/chat/completions HTTP/1.1" 200 -
2026-09-17 10:16:57,401 INFO "POST /v1/chat/completions HTTP/1.1" 200 -
2026-09-17 10:16:57,406 INFO "POST /v1/chat/completions HTTP/1.1" 200 -
2026-09-17 10:16:57,457 INFO "POST /v1/chat/completions HTTP/1.1" 200 -
2026-09-17 10:16:57,457 INFO "POST /v1/chat/completions HTTP/1.1" 200 -
2026-09-17 10:16:57,504 INFO "POST /v1/chat/completions HTTP/1.1" 200 -
2026-09-17 10:16:57,504 INFO "POST /v1/chat/completions HTTP/1.1" 200 -
2026-09-17 10:16:57,547 INFO "POST /v1/chat/completions HTTP/1.1" 200 -
2026-09-17 10:16:57,547 INFO "POST /v1/chat/completions HTTP/1.1" 200 -
2026-09-17 10:16:57,586 INFO "POST /v1/chat/completions HTTP/1.1" 200 -
2026-09-17 10:16:57,586 INFO "POST /v1/chat/completions HTTP/1.1" 200 -
2026-09-17 10:16:57,621 INFO "POST /v1/chat/completions HTTP/1.1" 200 -
2026-09-17 10:16:57,621 INFO "POST /v1/chat/completions HTTP/1.1" 200 -
2026-09-17 10:16:57,651 INFO "POST /v1/chat/completions HTTP/1.1" 200 -
2026-09-17 10:16:57,651 INFO "POST /v1/chat/completions HTTP/1.1" 200 -
2026-09-17 10:16:57,677 INFO "POST /v1/chat/completions HTTP/1.1" 200 -
2026-09-17 10:16:57,677 INFO "POST /v1/chat/completions HTTP/1.1" 200 -
2026-09-17 10:16:57,694 INFO "POST /v1/chat/completions HTTP/1.1" 200 -
2026-09-17 10:16:57,696 INFO "POST /v1/chat/completions HTTP/1.1" 200 -
2026-09-17 10:16:57,697 INFO "GET /v1/status HTTP/1.1" 200 -
2026-09-17 10:16:57,754 INFO "GET /v1/status HTTP/1.1" 200 -
2026-09-17 10:16:57,971 INFO "GET /v1/status HTTP/1.1" 200 -
2026-09-17 10:16:58,004 INFO "GET /v1/status HTTP/1.1" 200 -
2026-09-17 10:16:58,589 INFO "POST /v1/chat/completions HTTP/1.1" 200 -
2026-09-17 10:16:59,132 INFO "POST /v1/chat/completions HTTP/1.1" 200 -
2026-09-17 10:16:59,666 INFO "POST /v1/chat/completions HTTP/1.1" 200 -
2026-09-17 10:17:00,199 INFO "POST /v1/chat/completions HTTP/1.1" 200 -
2026-09-17 10:17:00,737 INFO "POST /v1/chat/completions HTTP/1.1" 200 -
2026-09-17 10:17:01,275 INFO "POST /v1/chat/completions HTTP/1.1" 200 -
2026-09-17 10:17:01,818 INFO "POST /v1/chat/completions HTTP/1.1" 200 -
2026-09-17 10:17:02,357 INFO "POST /v1/chat/completions HTTP/1.1" 200 -
2026-09-17 10:17:02,903 INFO "POST /v1/chat/completions HTTP/1.1" 200 -
2026-09-17 10:17:03,445 INFO "POST /v1/chat/completions HTTP/1.1" 200 -
2026-09-17 10:17:03,987 INFO "POST /v1/chat/completions HTTP/1.1" 200 -
2026-09-17 10:17:04,524 INFO "POST /v1/chat/completions HTTP/1.1" 200 -
2026-09-17 10:17:05,070 INFO "POST /v1/chat/completions HTTP/1.1" 200 -
2026-09-17 10:17:05,609 INFO "POST /v1/chat/completions HTTP/1.1" 200 -
2026-09-17 10:17:06,148 INFO "POST /v1/chat/completions HTTP/1.1" 200 -
2026-09-17 10:17:06,689 INFO "POST /v1/chat/completions HTTP/1.1" 200 -
2026-09-17 10:17:07,236 INFO "POST /v1/chat/completions HTTP/1.1" 200 -
2026-09-17 10:17:07,775 INFO "POST /v1/chat/completions HTTP/1.1" 200 -
2026-09-17 10:17:08,317 INFO "POST /v1/chat/completions HTTP/1.1" 200 -
2026-09-17 10:17:08,855 INFO "POST /v1/chat/completions HTTP/1.1" 200 -
2026-09-17 10:17:11,522 INFO "POST /v1/chat/completions HTTP/1.1" 200 -
2026-09-17 10:17:11,522 INFO "POST /v1/chat/completions HTTP/1.1" 200 -
2026-09-17 10:17:11,577 INFO "POST /v1/chat/completions HTTP/1.1" 200 -
2026-09-17 10:17:11,577 INFO "POST /v1/chat/completions HTTP/1.1" 200 -
2026-09-17 10:17:11,626 INFO "POST /v1/chat/completions HTTP/1.1" 200 -
2026-09-17 10:17:11,626 INFO "POST /v1/chat/completions HTTP/1.1" 200 -
2026-09-17 10:17:11,672 INFO "POST /v1/chat/completions HTTP/1.1" 200 -
2026-09-17 10:17:11,672 INFO "POST /v1/chat/completions HTTP/1.1" 200 -
2026-09-17 10:17:11,714 INFO "POST /v1/chat/completions HTTP/1.1" 200 -
2026-09-17 10:17:11,714 INFO "POST /v1/chat/completions HTTP/1.1" 200 -
2026-09-17 10:17:11,747 INFO "POST /v1/chat/completions HTTP/1.1" 200 -
2026-09-17 10:17:11,751 INFO "POST /v1/chat/completions HTTP/1.1" 200 -
2026-09-17 10:17:11,785 INFO "POST /v1/chat/completions HTTP/1.1" 200 -
2026-09-17 10:17:11,785 INFO "POST /v1/chat/completions HTTP/1.1" 200 -
2026-09-17 10:17:11,813 INFO "POST /v1/chat/completions HTTP/1.1" 200 -
2026-09-17 10:17:11,814 INFO "POST /v1/chat/completions HTTP/1.1" 200 -
2026-09-17 10:17:11,839 INFO "POST /v1/chat/completions HTTP/1.1" 200 -
2026-09-17 10:17:11,839 INFO "POST /v1/chat/completions HTTP/1.1" 200 -
2026-09-17 10:17:11,858 INFO "POST /v1/chat/completions HTTP/1.1" 200 -
2026-09-17 10:17:11,858 INFO "POST /v1/chat/completions HTTP/1.1" 200 -
2026-09-17 10:17:11,859 INFO "GET /v1/status HTTP/1.1" 200 -
2026-09-17 10:17:12,091 INFO "GET /v1/status HTTP/1.1" 200 -
2026-09-17 10:17:12,122 INFO "GET /v1/status HTTP/1.1" 200 -
2026-09-17 10:17:12,674 INFO "POST /v1/chat/completions HTTP/1.1" 200 -
2026-09-17 10:17:13,226 INFO "POST /v1/chat/completions HTTP/1.1" 200 -
2026-09-17 10:17:13,768 INFO "POST /v1/chat/completions HTTP/1.1" 200 -
2026-09-17 10:17:14,341 INFO "POST /v1/chat/completions HTTP/1.1" 200 -
2026-09-17 10:17:14,884 INFO "POST /v1/chat/completions HTTP/1.1" 200 -
2026-09-17 10:17:15,420 INFO "POST /v1/chat/completions HTTP/1.1" 200 -
2026-09-17 10:17:15,955 INFO "POST /v1/chat/completions HTTP/1.1" 200 -
2026-09-17 10:17:16,492 INFO "POST /v1/chat/completions HTTP/1.1" 200 -
2026-09-17 10:17:17,027 INFO "POST /v1/chat/completions HTTP/1.1" 200 -
2026-09-17 10:17:17,563 INFO "POST /v1/chat/completions HTTP/1.1" 200 -
2026-09-17 10:17:18,098 INFO "POST /v1/chat/completions HTTP/1.1" 200 -
2026-09-17 10:17:18,639 INFO "POST /v1/chat/completions HTTP/1.1" 200 -
2026-09-17 10:17:19,178 INFO "POST /v1/chat/completions HTTP/1.1" 200 -
2026-09-17 10:17:19,714 INFO "POST /v1/chat/completions HTTP/1.1" 200 -
2026-09-17 10:17:20,249 INFO "POST /v1/chat/completions HTTP/1.1" 200 -
2026-09-17 10:17:20,788 INFO "POST /v1/chat/completions HTTP/1.1" 200 -
2026-09-17 10:17:21,329 INFO "POST /v1/chat/completions HTTP/1.1" 200 -
2026-09-17 10:17:21,880 INFO "POST /v1/chat/completions HTTP/1.1" 200 -
2026-09-17 10:17:22,426 INFO "POST /v1/chat/completions HTTP/1.1" 200 -
2026-09-17 10:17:23,003 INFO "POST /v1/chat/completions HTTP/1.1" 200 -
2026-09-17 10:17:25,718 INFO "POST /v1/chat/completions HTTP/1.1" 200 -
2026-09-17 10:17:25,718 INFO "POST /v1/chat/completions HTTP/1.1" 200 -
2026-09-17 10:17:25,768 INFO "POST /v1/chat/completions HTTP/1.1" 200 -
2026-09-17 10:17:25,773 INFO "POST /v1/chat/completions HTTP/1.1" 200 -
2026-09-17 10:17:25,823 INFO "POST /v1/chat/completions HTTP/1.1" 200 -
2026-09-17 10:17:25,823 INFO "POST /v1/chat/completions HTTP/1.1" 200 -
2026-09-17 10:17:25,869 INFO "POST /v1/chat/completions HTTP/1.1" 200 -
2026-09-17 10:17:25,869 INFO "POST /v1/chat/completions HTTP/1.1" 200 -
2026-09-17 10:17:25,908 INFO "POST /v1/chat/completions HTTP/1.1" 200 -
2026-09-17 10:17:25,912 INFO "POST /v1/chat/completions HTTP/1.1" 200 -
2026-09-17 10:17:25,949 INFO "POST /v1/chat/completions HTTP/1.1" 200 -
2026-09-17 10:17:25,949 INFO "POST /v1/chat/completions HTTP/1.1" 200 -
2026-09-17 10:17:25,981 INFO "POST /v1/chat/completions HTTP/1.1" 200 -
2026-09-17 10:17:25,981 INFO "POST /v1/chat/completions HTTP/1.1" 200 -
2026-09-17 10:17:26,020 INFO "POST /v1/chat/completions HTTP/1.1" 200 -
2026-09-17 10:17:26,022 INFO "POST /v1/chat/completions HTTP/1.1" 200 -
2026-09-17 10:17:26,048 INFO "POST /v1/chat/completions HTTP/1.1" 200 -
2026-09-17 10:17:26,052 INFO "POST /v1/chat/completions HTTP/1.1" 200 -
2026-09-17 10:17:26,070 INFO "POST /v1/chat/completions HTTP/1.1" 200 -
2026-09-17 10:17:26,071 INFO "POST /v1/chat/completions HTTP/1.1" 200 -
2026-09-17 10:17:26,072 INFO "GET /v1/status HTTP/1.1" 200 -
2026-09-17 10:17:26,129 INFO "GET /v1/status HTTP/1.1" 200 -
2026-09-17 10:17:26,186 INFO "GET /v1/status HTTP/1.1" 200 -
2026-09-17 10:17:26,241 INFO "GET /v1/status HTTP/1.1" 200 -
2026-09-17 10:17:26,298 INFO "GET /v1/status HTTP/1.1" 200 -
2026-09-17 10:17:26,356 INFO "GET /v1/status HTTP/1.1" 200 -
2026-09-17 10:17:26,411 INFO "GET /v1/status HTTP/1.1" 200 -
2026-09-17 10:17:26,469 INFO "GET /v1/status HTTP/1.1" 200 -
2026-09-17 10:17:26,525 INFO "GET /v1/status HTTP/1.1" 200 -
2026-09-17 10:17:26,579 INFO "GET /v1/status HTTP/1.1" 200 -
2026-09-17 10:17:26,633 INFO "GET /v1/status HTTP/1.1" 200 -
2026-09-17 10:17:26,687 INFO "GET /v1/status HTTP/1.1" 200 -
2026-09-17 10:17:26,745 INFO "GET /v1/status HTTP/1.1" 200 -
2026-09-17 10:17:26,803 INFO "GET /v1/status HTTP/1.1" 200 -
2026-09-17 10:17:26,861 INFO "GET /v1/status HTTP/1.1" 200 -
2026-09-17 10:17:26,918 INFO "GET /v1/status HTTP/1.1" 200 -
2026-09-17 10:17:26,976 INFO "GET /v1/status HTTP/1.1" 200 -
2026-09-17 10:17:27,030 INFO "GET /v1/status HTTP/1.1" 200 -
2026-09-17 10:17:27,281 INFO "GET /v1/status HTTP/1.1" 200 -
2026-09-17 10:17:27,313 INFO "GET /v1/status HTTP/1.1" 200 -
2026-09-17 10:17:27,884 INFO "POST /v1/chat/completions HTTP/1.1" 200 -
2026-09-17 10:17:28,434 INFO "POST /v1/chat/completions HTTP/1.1" 200 -
2026-09-17 10:17:28,986 INFO "POST /v1/chat/completions HTTP/1.1" 200 -
2026-09-17 10:17:29,534 INFO "POST /v1/chat/completions HTTP/1.1" 200 -
2026-09-17 10:17:30,079 INFO "POST /v1/chat/completions HTTP/1.1" 200 -
2026-09-17 10:17:30,629 INFO "POST /v1/chat/completions HTTP/1.1" 200 -
2026-09-17 10:17:31,196 INFO "POST /v1/chat/completions HTTP/1.1" 200 -
2026-09-17 10:17:31,739 INFO "POST /v1/chat/completions HTTP/1.1" 200 -
2026-09-17 10:17:32,280 INFO "POST /v1/chat/completions HTTP/1.1" 200 -
2026-09-17 10:17:32,825 INFO "POST /v1/chat/completions HTTP/1.1" 200 -
2026-09-17 10:17:33,369 INFO "POST /v1/chat/completions HTTP/1.1" 200 -
2026-09-17 10:17:33,913 INFO "POST /v1/chat/completions HTTP/1.1" 200 -
2026-09-17 10:17:34,454 INFO "POST /v1/chat/completions HTTP/1.1" 200 -
2026-09-17 10:17:35,018 INFO "POST /v1/chat/completions HTTP/1.1" 200 -
2026-09-17 10:17:35,568 INFO "POST /v1/chat/completions HTTP/1.1" 200 -
2026-09-17 10:17:36,110 INFO "POST /v1/chat/completions HTTP/1.1" 200 -
2026-09-17 10:17:36,647 INFO "POST /v1/chat/completions HTTP/1.1" 200 -
2026-09-17 10:17:37,189 INFO "POST /v1/chat/completions HTTP/1.1" 200 -
2026-09-17 10:17:37,732 INFO "POST /v1/chat/completions HTTP/1.1" 200 -
2026-09-17 10:17:38,277 INFO "POST /v1/chat/completions HTTP/1.1" 200 -
2026-09-17 10:17:40,721 INFO "POST /v1/chat/completions HTTP/1.1" 200 -
2026-09-17 10:17:40,726 INFO "POST /v1/chat/completions HTTP/1.1" 200 -
2026-09-17 10:17:40,779 INFO "POST /v1/chat/completions HTTP/1.1" 200 -
2026-09-17 10:17:40,779 INFO "POST /v1/chat/completions HTTP/1.1" 200 -
2026-09-17 10:17:40,827 INFO "POST /v1/chat/completions HTTP/1.1" 200 -
2026-09-17 10:17:40,827 INFO "POST /v1/chat/completions HTTP/1.1" 200 -
2026-09-17 10:17:40,868 INFO "POST /v1/chat/completions HTTP/1.1" 200 -
2026-09-17 10:17:40,872 INFO "POST /v1/chat/completions HTTP/1.1" 200 -
2026-09-17 10:17:40,913 INFO "POST /v1/chat/completions HTTP/1.1" 200 -
2026-09-17 10:17:40,913 INFO "POST /v1/chat/completions HTTP/1.1" 200 -
2026-09-17 10:17:40,949 INFO "POST /v1/chat/completions HTTP/1.1" 200 -
2026-09-17 10:17:40,949 INFO "POST /v1/chat/completions HTTP/1.1" 200 -
2026-09-17 10:17:40,982 INFO "POST /v1/chat/completions HTTP/1.1" 200 -
2026-09-17 10:17:40,982 INFO "POST /v1/chat/completions HTTP/1.1" 200 -
2026-09-17 10:17:41,011 INFO "POST /v1/chat/completions HTTP/1.1" 200 -
2026-09-17 10:17:41,011 INFO "POST /v1/chat/completions HTTP/1.1" 200 -
2026-09-17 10:17:41,033 INFO "POST /v1/chat/completions HTTP/1.1" 200 -
2026-09-17 10:17:41,037 INFO "POST /v1/chat/completions HTTP/1.1" 200 -
2026-09-17 10:17:41,055 INFO "POST /v1/chat/completions HTTP/1.1" 200 -
2026-09-17 10:17:41,055 INFO "POST /v1/chat/completions HTTP/1.1" 200 -
2026-09-17 10:17:41,057 INFO "GET /v1/status HTTP/1.1" 200 -
2026-09-17 10:17:41,113 INFO "GET /v1/status HTTP/1.1" 200 -
[transformers] PyTorch was not found. Models won't be available and only tokenizers, configuration and file/data utilities can be used.
2026-09-17 10:43:45,953 INFO "GET /v1/status HTTP/1.1" 200 -
2026-09-17 10:43:46,962 INFO "GET /v1/status HTTP/1.1" 200 -
2026-09-17 10:43:47,280 INFO ubc_evict: evicted 4772.0 MB from UBC for ~/mlx-models/Qwen3.6-35B-A3B-uncensored-heretic-Native-MTP-Preserved-oQ4e-mtp/model-00001-of-00005.safetensors
2026-09-17 10:43:47,319 INFO ubc_evict: evicted 4896.0 MB from UBC for ~/mlx-models/Qwen3.6-35B-A3B-uncensored-heretic-Native-MTP-Preserved-oQ4e-mtp/model-00002-of-00005.safetensors
2026-09-17 10:43:47,359 INFO ubc_evict: evicted 4896.0 MB from UBC for ~/mlx-models/Qwen3.6-35B-A3B-uncensored-heretic-Native-MTP-Preserved-oQ4e-mtp/model-00003-of-00005.safetensors
2026-09-17 10:43:47,398 INFO ubc_evict: evicted 4896.0 MB from UBC for ~/mlx-models/Qwen3.6-35B-A3B-uncensored-heretic-Native-MTP-Preserved-oQ4e-mtp/model-00004-of-00005.safetensors
2026-09-17 10:43:47,408 INFO ubc_evict: evicted 1152.0 MB from UBC for ~/mlx-models/Qwen3.6-35B-A3B-uncensored-heretic-Native-MTP-Preserved-oQ4e-mtp/model-00005-of-00005.safetensors
2026-09-17 10:43:47,408 INFO ubc_evict: pass complete total_mb=20612.0 elapsed_s=0.16
2026-09-17 10:43:47,973 INFO "GET /v1/status HTTP/1.1" 200 -
2026-09-17 10:43:48,004 INFO "GET /v1/status HTTP/1.1" 200 -
2026-09-17 10:43:48,716 INFO "POST /v1/chat/completions HTTP/1.1" 200 -
2026-09-17 10:43:49,281 INFO "POST /v1/chat/completions HTTP/1.1" 200 -
2026-09-17 10:43:49,850 INFO "POST /v1/chat/completions HTTP/1.1" 200 -
2026-09-17 10:43:50,417 INFO "POST /v1/chat/completions HTTP/1.1" 200 -
2026-09-17 10:43:50,989 INFO "POST /v1/chat/completions HTTP/1.1" 200 -
2026-09-17 10:43:51,558 INFO "POST /v1/chat/completions HTTP/1.1" 200 -
2026-09-17 10:43:52,134 INFO "POST /v1/chat/completions HTTP/1.1" 200 -
2026-09-17 10:43:52,703 INFO "POST /v1/chat/completions HTTP/1.1" 200 -
2026-09-17 10:43:53,274 INFO "POST /v1/chat/completions HTTP/1.1" 200 -
2026-09-17 10:43:53,841 INFO "POST /v1/chat/completions HTTP/1.1" 200 -
2026-09-17 10:43:54,416 INFO "POST /v1/chat/completions HTTP/1.1" 200 -
2026-09-17 10:43:54,991 INFO "POST /v1/chat/completions HTTP/1.1" 200 -
2026-09-17 10:43:55,568 INFO "POST /v1/chat/completions HTTP/1.1" 200 -
2026-09-17 10:43:56,141 INFO "POST /v1/chat/completions HTTP/1.1" 200 -
2026-09-17 10:43:56,716 INFO "POST /v1/chat/completions HTTP/1.1" 200 -
2026-09-17 10:43:57,333 INFO "POST /v1/chat/completions HTTP/1.1" 200 -
2026-09-17 10:43:57,907 INFO "POST /v1/chat/completions HTTP/1.1" 200 -
2026-09-17 10:43:58,483 INFO "POST /v1/chat/completions HTTP/1.1" 200 -
2026-09-17 10:43:59,058 INFO "POST /v1/chat/completions HTTP/1.1" 200 -
2026-09-17 10:43:59,642 INFO "POST /v1/chat/completions HTTP/1.1" 200 -
2026-09-17 10:44:01,992 INFO "POST /v1/chat/completions HTTP/1.1" 200 -
2026-09-17 10:44:01,996 INFO "POST /v1/chat/completions HTTP/1.1" 200 -
2026-09-17 10:44:02,045 INFO "POST /v1/chat/completions HTTP/1.1" 200 -
2026-09-17 10:44:02,045 INFO "POST /v1/chat/completions HTTP/1.1" 200 -
2026-09-17 10:44:02,091 INFO "POST /v1/chat/completions HTTP/1.1" 200 -
2026-09-17 10:44:02,091 INFO "POST /v1/chat/completions HTTP/1.1" 200 -
2026-09-17 10:44:02,134 INFO "POST /v1/chat/completions HTTP/1.1" 200 -
2026-09-17 10:44:02,134 INFO "POST /v1/chat/completions HTTP/1.1" 200 -
2026-09-17 10:44:02,173 INFO "POST /v1/chat/completions HTTP/1.1" 200 -
2026-09-17 10:44:02,173 INFO "POST /v1/chat/completions HTTP/1.1" 200 -
2026-09-17 10:44:02,207 INFO "POST /v1/chat/completions HTTP/1.1" 200 -
2026-09-17 10:44:02,207 INFO "POST /v1/chat/completions HTTP/1.1" 200 -
2026-09-17 10:44:02,239 INFO "POST /v1/chat/completions HTTP/1.1" 200 -
2026-09-17 10:44:02,239 INFO "POST /v1/chat/completions HTTP/1.1" 200 -
2026-09-17 10:44:02,265 INFO "POST /v1/chat/completions HTTP/1.1" 200 -
2026-09-17 10:44:02,267 INFO "POST /v1/chat/completions HTTP/1.1" 200 -
2026-09-17 10:44:02,294 INFO "POST /v1/chat/completions HTTP/1.1" 200 -
2026-09-17 10:44:02,294 INFO "POST /v1/chat/completions HTTP/1.1" 200 -
2026-09-17 10:44:02,312 INFO "POST /v1/chat/completions HTTP/1.1" 200 -
2026-09-17 10:44:02,312 INFO "POST /v1/chat/completions HTTP/1.1" 200 -
2026-09-17 10:44:02,313 INFO "GET /v1/status HTTP/1.1" 200 -
2026-09-17 10:44:02,372 INFO "GET /v1/status HTTP/1.1" 200 -
2026-09-17 10:44:02,427 INFO "GET /v1/status HTTP/1.1" 200 -
2026-09-17 10:44:02,487 INFO "GET /v1/status HTTP/1.1" 200 -
2026-09-17 10:44:02,545 INFO "GET /v1/status HTTP/1.1" 200 -
2026-09-17 10:44:02,607 INFO "GET /v1/status HTTP/1.1" 200 -
2026-09-17 10:44:02,671 INFO "GET /v1/status HTTP/1.1" 200 -
2026-09-17 10:44:02,733 INFO "GET /v1/status HTTP/1.1" 200 -
2026-09-17 10:44:02,796 INFO "GET /v1/status HTTP/1.1" 200 -
2026-09-17 10:44:02,858 INFO "GET /v1/status HTTP/1.1" 200 -
2026-09-17 10:44:02,919 INFO "GET /v1/status HTTP/1.1" 200 -
2026-09-17 10:44:02,975 INFO "GET /v1/status HTTP/1.1" 200 -
2026-09-17 10:44:03,035 INFO "GET /v1/status HTTP/1.1" 200 -
2026-09-17 10:44:03,098 INFO "GET /v1/status HTTP/1.1" 200 -
2026-09-17 10:44:03,153 INFO "GET /v1/status HTTP/1.1" 200 -
2026-09-17 10:44:03,213 INFO "GET /v1/status HTTP/1.1" 200 -
2026-09-17 10:44:03,272 INFO "GET /v1/status HTTP/1.1" 200 -
2026-09-17 10:44:03,328 INFO "GET /v1/status HTTP/1.1" 200 -
2026-09-17 10:44:03,506 INFO "GET /v1/status HTTP/1.1" 200 -
2026-09-17 10:44:03,538 INFO "GET /v1/status HTTP/1.1" 200 -
2026-09-17 10:44:04,104 INFO "POST /v1/chat/completions HTTP/1.1" 200 -
2026-09-17 10:44:04,644 INFO "POST /v1/chat/completions HTTP/1.1" 200 -
2026-09-17 10:44:05,210 INFO "POST /v1/chat/completions HTTP/1.1" 200 -
2026-09-17 10:44:05,741 INFO "POST /v1/chat/completions HTTP/1.1" 200 -
2026-09-17 10:44:06,275 INFO "POST /v1/chat/completions HTTP/1.1" 200 -
2026-09-17 10:44:06,809 INFO "POST /v1/chat/completions HTTP/1.1" 200 -
2026-09-17 10:44:07,350 INFO "POST /v1/chat/completions HTTP/1.1" 200 -
2026-09-17 10:44:07,884 INFO "POST /v1/chat/completions HTTP/1.1" 200 -
2026-09-17 10:44:08,419 INFO "POST /v1/chat/completions HTTP/1.1" 200 -
2026-09-17 10:44:08,951 INFO "POST /v1/chat/completions HTTP/1.1" 200 -
2026-09-17 10:44:09,486 INFO "POST /v1/chat/completions HTTP/1.1" 200 -
2026-09-17 10:44:10,029 INFO "POST /v1/chat/completions HTTP/1.1" 200 -
2026-09-17 10:44:10,560 INFO "POST /v1/chat/completions HTTP/1.1" 200 -
2026-09-17 10:44:11,097 INFO "POST /v1/chat/completions HTTP/1.1" 200 -
2026-09-17 10:44:11,635 INFO "POST /v1/chat/completions HTTP/1.1" 200 -
2026-09-17 10:44:12,171 INFO "POST /v1/chat/completions HTTP/1.1" 200 -
2026-09-17 10:44:12,703 INFO "POST /v1/chat/completions HTTP/1.1" 200 -
2026-09-17 10:44:13,241 INFO "POST /v1/chat/completions HTTP/1.1" 200 -
2026-09-17 10:44:13,778 INFO "POST /v1/chat/completions HTTP/1.1" 200 -
2026-09-17 10:44:14,314 INFO "POST /v1/chat/completions HTTP/1.1" 200 -
2026-09-17 10:44:16,668 INFO "POST /v1/chat/completions HTTP/1.1" 200 -
2026-09-17 10:44:16,668 INFO "POST /v1/chat/completions HTTP/1.1" 200 -
2026-09-17 10:44:16,718 INFO "POST /v1/chat/completions HTTP/1.1" 200 -
2026-09-17 10:44:16,718 INFO "POST /v1/chat/completions HTTP/1.1" 200 -
2026-09-17 10:44:16,763 INFO "POST /v1/chat/completions HTTP/1.1" 200 -
2026-09-17 10:44:16,764 INFO "POST /v1/chat/completions HTTP/1.1" 200 -
2026-09-17 10:44:16,806 INFO "POST /v1/chat/completions HTTP/1.1" 200 -
2026-09-17 10:44:16,806 INFO "POST /v1/chat/completions HTTP/1.1" 200 -
2026-09-17 10:44:16,846 INFO "POST /v1/chat/completions HTTP/1.1" 200 -
2026-09-17 10:44:16,846 INFO "POST /v1/chat/completions HTTP/1.1" 200 -
2026-09-17 10:44:16,880 INFO "POST /v1/chat/completions HTTP/1.1" 200 -
2026-09-17 10:44:16,880 INFO "POST /v1/chat/completions HTTP/1.1" 200 -
2026-09-17 10:44:16,912 INFO "POST /v1/chat/completions HTTP/1.1" 200 -
2026-09-17 10:44:16,912 INFO "POST /v1/chat/completions HTTP/1.1" 200 -
2026-09-17 10:44:16,941 INFO "POST /v1/chat/completions HTTP/1.1" 200 -
2026-09-17 10:44:16,941 INFO "POST /v1/chat/completions HTTP/1.1" 200 -
2026-09-17 10:44:16,966 INFO "POST /v1/chat/completions HTTP/1.1" 200 -
2026-09-17 10:44:16,966 INFO "POST /v1/chat/completions HTTP/1.1" 200 -
2026-09-17 10:44:16,984 INFO "POST /v1/chat/completions HTTP/1.1" 200 -
2026-09-17 10:44:16,984 INFO "POST /v1/chat/completions HTTP/1.1" 200 -
2026-09-17 10:44:16,986 INFO "GET /v1/status HTTP/1.1" 200 -
2026-09-17 10:44:17,044 INFO "GET /v1/status HTTP/1.1" 200 -
2026-09-17 10:44:17,105 INFO "GET /v1/status HTTP/1.1" 200 -
2026-09-17 10:44:17,167 INFO "GET /v1/status HTTP/1.1" 200 -
2026-09-17 10:44:17,228 INFO "GET /v1/status HTTP/1.1" 200 -
2026-09-17 10:44:17,288 INFO "GET /v1/status HTTP/1.1" 200 -
2026-09-17 10:44:17,345 INFO "GET /v1/status HTTP/1.1" 200 -
2026-09-17 10:44:17,409 INFO "GET /v1/status HTTP/1.1" 200 -
2026-09-17 10:44:17,472 INFO "GET /v1/status HTTP/1.1" 200 -
2026-09-17 10:44:17,636 INFO "GET /v1/status HTTP/1.1" 200 -
2026-09-17 10:44:17,668 INFO "GET /v1/status HTTP/1.1" 200 -
2026-09-17 10:44:18,226 INFO "POST /v1/chat/completions HTTP/1.1" 200 -
2026-09-17 10:44:18,776 INFO "POST /v1/chat/completions HTTP/1.1" 200 -
2026-09-17 10:44:19,314 INFO "POST /v1/chat/completions HTTP/1.1" 200 -
2026-09-17 10:44:19,857 INFO "POST /v1/chat/completions HTTP/1.1" 200 -
2026-09-17 10:44:20,391 INFO "POST /v1/chat/completions HTTP/1.1" 200 -
2026-09-17 10:44:20,955 INFO "POST /v1/chat/completions HTTP/1.1" 200 -
2026-09-17 10:44:21,491 INFO "POST /v1/chat/completions HTTP/1.1" 200 -
2026-09-17 10:44:22,032 INFO "POST /v1/chat/completions HTTP/1.1" 200 -
2026-09-17 10:44:22,566 INFO "POST /v1/chat/completions HTTP/1.1" 200 -
2026-09-17 10:44:23,108 INFO "POST /v1/chat/completions HTTP/1.1" 200 -
2026-09-17 10:44:23,646 INFO "POST /v1/chat/completions HTTP/1.1" 200 -
2026-09-17 10:44:24,181 INFO "POST /v1/chat/completions HTTP/1.1" 200 -
2026-09-17 10:44:24,716 INFO "POST /v1/chat/completions HTTP/1.1" 200 -
2026-09-17 10:44:25,256 INFO "POST /v1/chat/completions HTTP/1.1" 200 -
2026-09-17 10:44:25,811 INFO "POST /v1/chat/completions HTTP/1.1" 200 -
2026-09-17 10:44:26,348 INFO "POST /v1/chat/completions HTTP/1.1" 200 -
2026-09-17 10:44:26,885 INFO "POST /v1/chat/completions HTTP/1.1" 200 -
2026-09-17 10:44:27,427 INFO "POST /v1/chat/completions HTTP/1.1" 200 -
2026-09-17 10:44:27,962 INFO "POST /v1/chat/completions HTTP/1.1" 200 -
2026-09-17 10:44:28,500 INFO "POST /v1/chat/completions HTTP/1.1" 200 -
2026-09-17 10:44:30,859 INFO "POST /v1/chat/completions HTTP/1.1" 200 -
2026-09-17 10:44:30,859 INFO "POST /v1/chat/completions HTTP/1.1" 200 -
2026-09-17 10:44:30,909 INFO "POST /v1/chat/completions HTTP/1.1" 200 -
2026-09-17 10:44:30,909 INFO "POST /v1/chat/completions HTTP/1.1" 200 -
2026-09-17 10:44:30,955 INFO "POST /v1/chat/completions HTTP/1.1" 200 -
2026-09-17 10:44:30,955 INFO "POST /v1/chat/completions HTTP/1.1" 200 -
2026-09-17 10:44:30,998 INFO "POST /v1/chat/completions HTTP/1.1" 200 -
2026-09-17 10:44:30,998 INFO "POST /v1/chat/completions HTTP/1.1" 200 -
2026-09-17 10:44:31,038 INFO "POST /v1/chat/completions HTTP/1.1" 200 -
2026-09-17 10:44:31,038 INFO "POST /v1/chat/completions HTTP/1.1" 200 -
2026-09-17 10:44:31,071 INFO "POST /v1/chat/completions HTTP/1.1" 200 -
2026-09-17 10:44:31,072 INFO "POST /v1/chat/completions HTTP/1.1" 200 -
2026-09-17 10:44:31,103 INFO "POST /v1/chat/completions HTTP/1.1" 200 -
2026-09-17 10:44:31,103 INFO "POST /v1/chat/completions HTTP/1.1" 200 -
2026-09-17 10:44:31,132 INFO "POST /v1/chat/completions HTTP/1.1" 200 -
2026-09-17 10:44:31,132 INFO "POST /v1/chat/completions HTTP/1.1" 200 -
2026-09-17 10:44:31,158 INFO "POST /v1/chat/completions HTTP/1.1" 200 -
2026-09-17 10:44:31,158 INFO "POST /v1/chat/completions HTTP/1.1" 200 -
2026-09-17 10:44:31,176 INFO "POST /v1/chat/completions HTTP/1.1" 200 -
2026-09-17 10:44:31,176 INFO "POST /v1/chat/completions HTTP/1.1" 200 -
2026-09-17 10:44:31,178 INFO "GET /v1/status HTTP/1.1" 200 -
2026-09-17 10:44:31,239 INFO "GET /v1/status HTTP/1.1" 200 -
2026-09-17 10:44:31,297 INFO "GET /v1/status HTTP/1.1" 200 -
2026-09-17 10:44:31,355 INFO "GET /v1/status HTTP/1.1" 200 -
2026-09-17 10:44:31,414 INFO "GET /v1/status HTTP/1.1" 200 -
2026-09-17 10:44:31,477 INFO "GET /v1/status HTTP/1.1" 200 -
2026-09-17 10:44:31,540 INFO "GET /v1/status HTTP/1.1" 200 -
2026-09-17 10:44:31,707 INFO "GET /v1/status HTTP/1.1" 200 -
2026-09-17 10:44:31,740 INFO "GET /v1/status HTTP/1.1" 200 -
2026-09-17 10:44:32,342 INFO "POST /v1/chat/completions HTTP/1.1" 200 -
2026-09-17 10:44:32,888 INFO "POST /v1/chat/completions HTTP/1.1" 200 -
2026-09-17 10:44:33,424 INFO "POST /v1/chat/completions HTTP/1.1" 200 -
2026-09-17 10:44:33,964 INFO "POST /v1/chat/completions HTTP/1.1" 200 -
2026-09-17 10:44:34,504 INFO "POST /v1/chat/completions HTTP/1.1" 200 -
2026-09-17 10:44:35,043 INFO "POST /v1/chat/completions HTTP/1.1" 200 -
2026-09-17 10:44:35,581 INFO "POST /v1/chat/completions HTTP/1.1" 200 -
2026-09-17 10:44:36,117 INFO "POST /v1/chat/completions HTTP/1.1" 200 -
2026-09-17 10:44:36,682 INFO "POST /v1/chat/completions HTTP/1.1" 200 -
2026-09-17 10:44:37,218 INFO "POST /v1/chat/completions HTTP/1.1" 200 -
2026-09-17 10:44:37,756 INFO "POST /v1/chat/completions HTTP/1.1" 200 -
2026-09-17 10:44:38,291 INFO "POST /v1/chat/completions HTTP/1.1" 200 -
2026-09-17 10:44:38,829 INFO "POST /v1/chat/completions HTTP/1.1" 200 -
2026-09-17 10:44:39,363 INFO "POST /v1/chat/completions HTTP/1.1" 200 -
2026-09-17 10:44:39,903 INFO "POST /v1/chat/completions HTTP/1.1" 200 -
2026-09-17 10:44:40,436 INFO "POST /v1/chat/completions HTTP/1.1" 200 -
2026-09-17 10:44:40,979 INFO "POST /v1/chat/completions HTTP/1.1" 200 -
2026-09-17 10:44:41,513 INFO "POST /v1/chat/completions HTTP/1.1" 200 -
2026-09-17 10:44:42,050 INFO "POST /v1/chat/completions HTTP/1.1" 200 -
2026-09-17 10:44:42,584 INFO "POST /v1/chat/completions HTTP/1.1" 200 -
2026-09-17 10:44:44,934 INFO "POST /v1/chat/completions HTTP/1.1" 200 -
2026-09-17 10:44:44,934 INFO "POST /v1/chat/completions HTTP/1.1" 200 -
2026-09-17 10:44:44,984 INFO "POST /v1/chat/completions HTTP/1.1" 200 -
2026-09-17 10:44:44,984 INFO "POST /v1/chat/completions HTTP/1.1" 200 -
2026-09-17 10:44:45,030 INFO "POST /v1/chat/completions HTTP/1.1" 200 -
2026-09-17 10:44:45,030 INFO "POST /v1/chat/completions HTTP/1.1" 200 -
2026-09-17 10:44:45,073 INFO "POST /v1/chat/completions HTTP/1.1" 200 -
2026-09-17 10:44:45,073 INFO "POST /v1/chat/completions HTTP/1.1" 200 -
2026-09-17 10:44:45,112 INFO "POST /v1/chat/completions HTTP/1.1" 200 -
2026-09-17 10:44:45,112 INFO "POST /v1/chat/completions HTTP/1.1" 200 -
2026-09-17 10:44:45,146 INFO "POST /v1/chat/completions HTTP/1.1" 200 -
2026-09-17 10:44:45,146 INFO "POST /v1/chat/completions HTTP/1.1" 200 -
2026-09-17 10:44:45,177 INFO "POST /v1/chat/completions HTTP/1.1" 200 -
2026-09-17 10:44:45,177 INFO "POST /v1/chat/completions HTTP/1.1" 200 -
2026-09-17 10:44:45,206 INFO "POST /v1/chat/completions HTTP/1.1" 200 -
2026-09-17 10:44:45,206 INFO "POST /v1/chat/completions HTTP/1.1" 200 -
2026-09-17 10:44:45,231 INFO "POST /v1/chat/completions HTTP/1.1" 200 -
2026-09-17 10:44:45,231 INFO "POST /v1/chat/completions HTTP/1.1" 200 -
2026-09-17 10:44:45,248 INFO "POST /v1/chat/completions HTTP/1.1" 200 -
2026-09-17 10:44:45,250 INFO "POST /v1/chat/completions HTTP/1.1" 200 -
2026-09-17 10:44:45,251 INFO "GET /v1/status HTTP/1.1" 200 -
2026-09-17 10:44:45,306 INFO "GET /v1/status HTTP/1.1" 200 -
2026-09-17 10:44:45,368 INFO "GET /v1/status HTTP/1.1" 200 -
2026-09-17 10:44:45,421 INFO "GET /v1/status HTTP/1.1" 200 -
2026-09-17 10:44:45,478 INFO "GET /v1/status HTTP/1.1" 200 -
2026-09-17 10:44:45,541 INFO "GET /v1/status HTTP/1.1" 200 -
2026-09-17 10:44:45,598 INFO "GET /v1/status HTTP/1.1" 200 -
2026-09-17 10:44:45,653 INFO "GET /v1/status HTTP/1.1" 200 -
2026-09-17 10:44:45,826 INFO "GET /v1/status HTTP/1.1" 200 -
2026-09-17 10:44:45,859 INFO "GET /v1/status HTTP/1.1" 200 -
2026-09-17 10:44:46,433 INFO "POST /v1/chat/completions HTTP/1.1" 200 -
2026-09-17 10:44:46,983 INFO "POST /v1/chat/completions HTTP/1.1" 200 -
2026-09-17 10:44:47,548 INFO "POST /v1/chat/completions HTTP/1.1" 200 -
2026-09-17 10:44:48,116 INFO "POST /v1/chat/completions HTTP/1.1" 200 -
2026-09-17 10:44:48,654 INFO "POST /v1/chat/completions HTTP/1.1" 200 -
2026-09-17 10:44:49,189 INFO "POST /v1/chat/completions HTTP/1.1" 200 -
2026-09-17 10:44:49,728 INFO "POST /v1/chat/completions HTTP/1.1" 200 -
2026-09-17 10:44:50,265 INFO "POST /v1/chat/completions HTTP/1.1" 200 -
2026-09-17 10:44:50,803 INFO "POST /v1/chat/completions HTTP/1.1" 200 -
2026-09-17 10:44:51,341 INFO "POST /v1/chat/completions HTTP/1.1" 200 -
2026-09-17 10:44:51,885 INFO "POST /v1/chat/completions HTTP/1.1" 200 -
2026-09-17 10:44:52,423 INFO "POST /v1/chat/completions HTTP/1.1" 200 -
2026-09-17 10:44:52,963 INFO "POST /v1/chat/completions HTTP/1.1" 200 -
2026-09-17 10:44:53,497 INFO "POST /v1/chat/completions HTTP/1.1" 200 -
2026-09-17 10:44:54,033 INFO "POST /v1/chat/completions HTTP/1.1" 200 -
2026-09-17 10:44:54,568 INFO "POST /v1/chat/completions HTTP/1.1" 200 -
2026-09-17 10:44:55,109 INFO "POST /v1/chat/completions HTTP/1.1" 200 -
2026-09-17 10:44:55,645 INFO "POST /v1/chat/completions HTTP/1.1" 200 -
2026-09-17 10:44:56,180 INFO "POST /v1/chat/completions HTTP/1.1" 200 -
2026-09-17 10:44:56,718 INFO "POST /v1/chat/completions HTTP/1.1" 200 -
2026-09-17 10:44:59,087 INFO "POST /v1/chat/completions HTTP/1.1" 200 -
2026-09-17 10:44:59,087 INFO "POST /v1/chat/completions HTTP/1.1" 200 -
2026-09-17 10:44:59,136 INFO "POST /v1/chat/completions HTTP/1.1" 200 -
2026-09-17 10:44:59,136 INFO "POST /v1/chat/completions HTTP/1.1" 200 -
2026-09-17 10:44:59,182 INFO "POST /v1/chat/completions HTTP/1.1" 200 -
2026-09-17 10:44:59,182 INFO "POST /v1/chat/completions HTTP/1.1" 200 -
2026-09-17 10:44:59,224 INFO "POST /v1/chat/completions HTTP/1.1" 200 -
2026-09-17 10:44:59,224 INFO "POST /v1/chat/completions HTTP/1.1" 200 -
2026-09-17 10:44:59,264 INFO "POST /v1/chat/completions HTTP/1.1" 200 -
2026-09-17 10:44:59,264 INFO "POST /v1/chat/completions HTTP/1.1" 200 -
2026-09-17 10:44:59,298 INFO "POST /v1/chat/completions HTTP/1.1" 200 -
2026-09-17 10:44:59,298 INFO "POST /v1/chat/completions HTTP/1.1" 200 -
2026-09-17 10:44:59,330 INFO "POST /v1/chat/completions HTTP/1.1" 200 -
2026-09-17 10:44:59,330 INFO "POST /v1/chat/completions HTTP/1.1" 200 -
2026-09-17 10:44:59,358 INFO "POST /v1/chat/completions HTTP/1.1" 200 -
2026-09-17 10:44:59,358 INFO "POST /v1/chat/completions HTTP/1.1" 200 -
2026-09-17 10:44:59,383 INFO "POST /v1/chat/completions HTTP/1.1" 200 -
2026-09-17 10:44:59,383 INFO "POST /v1/chat/completions HTTP/1.1" 200 -
2026-09-17 10:44:59,401 INFO "POST /v1/chat/completions HTTP/1.1" 200 -
2026-09-17 10:44:59,401 INFO "POST /v1/chat/completions HTTP/1.1" 200 -
2026-09-17 10:44:59,402 INFO "GET /v1/status HTTP/1.1" 200 -
2026-09-17 10:44:59,464 INFO "GET /v1/status HTTP/1.1" 200 -
2026-09-17 10:44:59,526 INFO "GET /v1/status HTTP/1.1" 200 -
2026-09-17 10:44:59,589 INFO "GET /v1/status HTTP/1.1" 200 -
2026-09-17 10:44:59,652 INFO "GET /v1/status HTTP/1.1" 200 -
2026-09-17 10:44:59,710 INFO "GET /v1/status HTTP/1.1" 200 -
2026-09-17 10:44:59,773 INFO "GET /v1/status HTTP/1.1" 200 -
2026-09-17 10:44:59,837 INFO "GET /v1/status HTTP/1.1" 200 -
2026-09-17 10:45:00,014 INFO "GET /v1/status HTTP/1.1" 200 -
2026-09-17 10:45:00,047 INFO "GET /v1/status HTTP/1.1" 200 -
2026-09-17 10:45:00,648 INFO "POST /v1/chat/completions HTTP/1.1" 200 -
2026-09-17 10:45:01,194 INFO "POST /v1/chat/completions HTTP/1.1" 200 -
2026-09-17 10:45:01,733 INFO "POST /v1/chat/completions HTTP/1.1" 200 -
2026-09-17 10:45:02,274 INFO "POST /v1/chat/completions HTTP/1.1" 200 -
2026-09-17 10:45:02,814 INFO "POST /v1/chat/completions HTTP/1.1" 200 -
2026-09-17 10:45:03,359 INFO "POST /v1/chat/completions HTTP/1.1" 200 -
2026-09-17 10:45:03,922 INFO "POST /v1/chat/completions HTTP/1.1" 200 -
2026-09-17 10:45:04,460 INFO "POST /v1/chat/completions HTTP/1.1" 200 -
2026-09-17 10:45:05,002 INFO "POST /v1/chat/completions HTTP/1.1" 200 -
2026-09-17 10:45:05,547 INFO "POST /v1/chat/completions HTTP/1.1" 200 -
2026-09-17 10:45:06,083 INFO "POST /v1/chat/completions HTTP/1.1" 200 -
2026-09-17 10:45:06,623 INFO "POST /v1/chat/completions HTTP/1.1" 200 -
2026-09-17 10:45:07,160 INFO "POST /v1/chat/completions HTTP/1.1" 200 -
2026-09-17 10:45:07,708 INFO "POST /v1/chat/completions HTTP/1.1" 200 -
2026-09-17 10:45:08,306 INFO "POST /v1/chat/completions HTTP/1.1" 200 -
2026-09-17 10:45:08,850 INFO "POST /v1/chat/completions HTTP/1.1" 200 -
2026-09-17 10:45:09,387 INFO "POST /v1/chat/completions HTTP/1.1" 200 -
2026-09-17 10:45:09,926 INFO "POST /v1/chat/completions HTTP/1.1" 200 -
2026-09-17 10:45:10,461 INFO "POST /v1/chat/completions HTTP/1.1" 200 -
2026-09-17 10:45:11,001 INFO "POST /v1/chat/completions HTTP/1.1" 200 -
2026-09-17 10:45:13,374 INFO "POST /v1/chat/completions HTTP/1.1" 200 -
2026-09-17 10:45:13,374 INFO "POST /v1/chat/completions HTTP/1.1" 200 -
2026-09-17 10:45:13,423 INFO "POST /v1/chat/completions HTTP/1.1" 200 -
2026-09-17 10:45:13,423 INFO "POST /v1/chat/completions HTTP/1.1" 200 -
2026-09-17 10:45:13,469 INFO "POST /v1/chat/completions HTTP/1.1" 200 -
2026-09-17 10:45:13,469 INFO "POST /v1/chat/completions HTTP/1.1" 200 -
2026-09-17 10:45:13,511 INFO "POST /v1/chat/completions HTTP/1.1" 200 -
2026-09-17 10:45:13,511 INFO "POST /v1/chat/completions HTTP/1.1" 200 -
2026-09-17 10:45:13,550 INFO "POST /v1/chat/completions HTTP/1.1" 200 -
2026-09-17 10:45:13,550 INFO "POST /v1/chat/completions HTTP/1.1" 200 -
2026-09-17 10:45:13,584 INFO "POST /v1/chat/completions HTTP/1.1" 200 -
2026-09-17 10:45:13,584 INFO "POST /v1/chat/completions HTTP/1.1" 200 -
2026-09-17 10:45:13,615 INFO "POST /v1/chat/completions HTTP/1.1" 200 -
2026-09-17 10:45:13,615 INFO "POST /v1/chat/completions HTTP/1.1" 200 -
2026-09-17 10:45:13,643 INFO "POST /v1/chat/completions HTTP/1.1" 200 -
2026-09-17 10:45:13,643 INFO "POST /v1/chat/completions HTTP/1.1" 200 -
2026-09-17 10:45:13,668 INFO "POST /v1/chat/completions HTTP/1.1" 200 -
2026-09-17 10:45:13,668 INFO "POST /v1/chat/completions HTTP/1.1" 200 -
2026-09-17 10:45:13,687 INFO "POST /v1/chat/completions HTTP/1.1" 200 -
2026-09-17 10:45:13,687 INFO "POST /v1/chat/completions HTTP/1.1" 200 -
2026-09-17 10:45:13,688 INFO "GET /v1/status HTTP/1.1" 200 -
2026-09-17 10:45:13,750 INFO "GET /v1/status HTTP/1.1" 200 -
2026-09-17 10:45:13,811 INFO "GET /v1/status HTTP/1.1" 200 -
2026-09-17 10:45:13,871 INFO "GET /v1/status HTTP/1.1" 200 -
2026-09-17 10:45:14,051 INFO "GET /v1/status HTTP/1.1" 200 -
2026-09-17 10:45:14,087 INFO "GET /v1/status HTTP/1.1" 200 -
2026-09-17 10:45:14,639 INFO "POST /v1/chat/completions HTTP/1.1" 200 -
2026-09-17 10:45:15,216 INFO "POST /v1/chat/completions HTTP/1.1" 200 -
2026-09-17 10:45:15,750 INFO "POST /v1/chat/completions HTTP/1.1" 200 -
2026-09-17 10:45:16,289 INFO "POST /v1/chat/completions HTTP/1.1" 200 -
2026-09-17 10:45:16,823 INFO "POST /v1/chat/completions HTTP/1.1" 200 -
2026-09-17 10:45:17,363 INFO "POST /v1/chat/completions HTTP/1.1" 200 -
2026-09-17 10:45:17,899 INFO "POST /v1/chat/completions HTTP/1.1" 200 -
2026-09-17 10:45:18,435 INFO "POST /v1/chat/completions HTTP/1.1" 200 -
2026-09-17 10:45:18,969 INFO "POST /v1/chat/completions HTTP/1.1" 200 -
2026-09-17 10:45:19,508 INFO "POST /v1/chat/completions HTTP/1.1" 200 -
2026-09-17 10:45:20,044 INFO "POST /v1/chat/completions HTTP/1.1" 200 -
2026-09-17 10:45:20,578 INFO "POST /v1/chat/completions HTTP/1.1" 200 -
2026-09-17 10:45:21,115 INFO "POST /v1/chat/completions HTTP/1.1" 200 -
2026-09-17 10:45:21,651 INFO "POST /v1/chat/completions HTTP/1.1" 200 -
2026-09-17 10:45:22,193 INFO "POST /v1/chat/completions HTTP/1.1" 200 -
2026-09-17 10:45:22,729 INFO "POST /v1/chat/completions HTTP/1.1" 200 -
2026-09-17 10:45:23,271 INFO "POST /v1/chat/completions HTTP/1.1" 200 -
2026-09-17 10:45:23,810 INFO "POST /v1/chat/completions HTTP/1.1" 200 -
2026-09-17 10:45:24,350 INFO "POST /v1/chat/completions HTTP/1.1" 200 -
2026-09-17 10:45:24,885 INFO "POST /v1/chat/completions HTTP/1.1" 200 -
2026-09-17 10:45:27,228 INFO "POST /v1/chat/completions HTTP/1.1" 200 -
2026-09-17 10:45:27,228 INFO "POST /v1/chat/completions HTTP/1.1" 200 -
2026-09-17 10:45:27,274 INFO "POST /v1/chat/completions HTTP/1.1" 200 -
2026-09-17 10:45:27,279 INFO "POST /v1/chat/completions HTTP/1.1" 200 -
2026-09-17 10:45:27,325 INFO "POST /v1/chat/completions HTTP/1.1" 200 -
2026-09-17 10:45:27,325 INFO "POST /v1/chat/completions HTTP/1.1" 200 -
2026-09-17 10:45:27,368 INFO "POST /v1/chat/completions HTTP/1.1" 200 -
2026-09-17 10:45:27,368 INFO "POST /v1/chat/completions HTTP/1.1" 200 -
2026-09-17 10:45:27,407 INFO "POST /v1/chat/completions HTTP/1.1" 200 -
2026-09-17 10:45:27,407 INFO "POST /v1/chat/completions HTTP/1.1" 200 -
2026-09-17 10:45:27,441 INFO "POST /v1/chat/completions HTTP/1.1" 200 -
2026-09-17 10:45:27,441 INFO "POST /v1/chat/completions HTTP/1.1" 200 -
2026-09-17 10:45:27,473 INFO "POST /v1/chat/completions HTTP/1.1" 200 -
2026-09-17 10:45:27,473 INFO "POST /v1/chat/completions HTTP/1.1" 200 -
2026-09-17 10:45:27,502 INFO "POST /v1/chat/completions HTTP/1.1" 200 -
2026-09-17 10:45:27,502 INFO "POST /v1/chat/completions HTTP/1.1" 200 -
2026-09-17 10:45:27,527 INFO "POST /v1/chat/completions HTTP/1.1" 200 -
2026-09-17 10:45:27,527 INFO "POST /v1/chat/completions HTTP/1.1" 200 -
2026-09-17 10:45:27,545 INFO "POST /v1/chat/completions HTTP/1.1" 200 -
2026-09-17 10:45:27,545 INFO "POST /v1/chat/completions HTTP/1.1" 200 -
2026-09-17 10:45:27,546 INFO "GET /v1/status HTTP/1.1" 200 -
2026-09-17 10:45:27,605 INFO "GET /v1/status HTTP/1.1" 200 -
2026-09-17 10:45:27,666 INFO "GET /v1/status HTTP/1.1" 200 -
2026-09-17 10:45:27,728 INFO "GET /v1/status HTTP/1.1" 200 -
2026-09-17 10:45:27,791 INFO "GET /v1/status HTTP/1.1" 200 -
2026-09-17 10:45:27,854 INFO "GET /v1/status HTTP/1.1" 200 -
2026-09-17 10:45:27,918 INFO "GET /v1/status HTTP/1.1" 200 -
2026-09-17 10:45:27,974 INFO "GET /v1/status HTTP/1.1" 200 -
2026-09-17 10:45:28,038 INFO "GET /v1/status HTTP/1.1" 200 -
2026-09-17 10:45:28,227 INFO "GET /v1/status HTTP/1.1" 200 -
2026-09-17 10:45:28,260 INFO "GET /v1/status HTTP/1.1" 200 -
2026-09-17 10:45:28,833 INFO "POST /v1/chat/completions HTTP/1.1" 200 -
2026-09-17 10:45:29,378 INFO "POST /v1/chat/completions HTTP/1.1" 200 -
2026-09-17 10:45:29,918 INFO "POST /v1/chat/completions HTTP/1.1" 200 -
2026-09-17 10:45:30,458 INFO "POST /v1/chat/completions HTTP/1.1" 200 -
2026-09-17 10:45:31,024 INFO "POST /v1/chat/completions HTTP/1.1" 200 -
2026-09-17 10:45:31,560 INFO "POST /v1/chat/completions HTTP/1.1" 200 -
2026-09-17 10:45:32,098 INFO "POST /v1/chat/completions HTTP/1.1" 200 -
2026-09-17 10:45:32,633 INFO "POST /v1/chat/completions HTTP/1.1" 200 -
2026-09-17 10:45:33,173 INFO "POST /v1/chat/completions HTTP/1.1" 200 -
2026-09-17 10:45:33,708 INFO "POST /v1/chat/completions HTTP/1.1" 200 -
2026-09-17 10:45:34,248 INFO "POST /v1/chat/completions HTTP/1.1" 200 -
2026-09-17 10:45:34,784 INFO "POST /v1/chat/completions HTTP/1.1" 200 -
2026-09-17 10:45:35,330 INFO "POST /v1/chat/completions HTTP/1.1" 200 -
2026-09-17 10:45:35,864 INFO "POST /v1/chat/completions HTTP/1.1" 200 -
2026-09-17 10:45:36,405 INFO "POST /v1/chat/completions HTTP/1.1" 200 -
2026-09-17 10:45:36,939 INFO "POST /v1/chat/completions HTTP/1.1" 200 -
2026-09-17 10:45:37,481 INFO "POST /v1/chat/completions HTTP/1.1" 200 -
2026-09-17 10:45:38,016 INFO "POST /v1/chat/completions HTTP/1.1" 200 -
2026-09-17 10:45:38,558 INFO "POST /v1/chat/completions HTTP/1.1" 200 -
2026-09-17 10:45:39,115 INFO "POST /v1/chat/completions HTTP/1.1" 200 -
2026-09-17 10:45:41,483 INFO "POST /v1/chat/completions HTTP/1.1" 200 -
2026-09-17 10:45:41,483 INFO "POST /v1/chat/completions HTTP/1.1" 200 -
2026-09-17 10:45:41,532 INFO "POST /v1/chat/completions HTTP/1.1" 200 -
2026-09-17 10:45:41,532 INFO "POST /v1/chat/completions HTTP/1.1" 200 -
2026-09-17 10:45:41,579 INFO "POST /v1/chat/completions HTTP/1.1" 200 -
2026-09-17 10:45:41,579 INFO "POST /v1/chat/completions HTTP/1.1" 200 -
2026-09-17 10:45:41,621 INFO "POST /v1/chat/completions HTTP/1.1" 200 -
2026-09-17 10:45:41,621 INFO "POST /v1/chat/completions HTTP/1.1" 200 -
2026-09-17 10:45:41,660 INFO "POST /v1/chat/completions HTTP/1.1" 200 -
2026-09-17 10:45:41,660 INFO "POST /v1/chat/completions HTTP/1.1" 200 -
2026-09-17 10:45:41,695 INFO "POST /v1/chat/completions HTTP/1.1" 200 -
2026-09-17 10:45:41,695 INFO "POST /v1/chat/completions HTTP/1.1" 200 -
2026-09-17 10:45:41,723 INFO "POST /v1/chat/completions HTTP/1.1" 200 -
2026-09-17 10:45:41,727 INFO "POST /v1/chat/completions HTTP/1.1" 200 -
2026-09-17 10:45:41,755 INFO "POST /v1/chat/completions HTTP/1.1" 200 -
2026-09-17 10:45:41,755 INFO "POST /v1/chat/completions HTTP/1.1" 200 -
2026-09-17 10:45:41,781 INFO "POST /v1/chat/completions HTTP/1.1" 200 -
2026-09-17 10:45:41,781 INFO "POST /v1/chat/completions HTTP/1.1" 200 -
2026-09-17 10:45:41,800 INFO "POST /v1/chat/completions HTTP/1.1" 200 -
2026-09-17 10:45:41,800 INFO "POST /v1/chat/completions HTTP/1.1" 200 -
2026-09-17 10:45:41,802 INFO "GET /v1/status HTTP/1.1" 200 -
2026-09-17 10:45:41,864 INFO "GET /v1/status HTTP/1.1" 200 -
2026-09-17 10:45:41,926 INFO "GET /v1/status HTTP/1.1" 200 -
2026-09-17 10:45:41,981 INFO "GET /v1/status HTTP/1.1" 200 -
2026-09-17 10:45:42,040 INFO "GET /v1/status HTTP/1.1" 200 -
2026-09-17 10:45:42,104 INFO "GET /v1/status HTTP/1.1" 200 -
2026-09-17 10:45:42,163 INFO "GET /v1/status HTTP/1.1" 200 -
2026-09-17 10:45:42,356 INFO "GET /v1/status HTTP/1.1" 200 -
2026-09-17 10:45:42,388 INFO "GET /v1/status HTTP/1.1" 200 -
2026-09-17 10:45:42,966 INFO "POST /v1/chat/completions HTTP/1.1" 200 -
2026-09-17 10:45:43,517 INFO "POST /v1/chat/completions HTTP/1.1" 200 -
2026-09-17 10:45:44,057 INFO "POST /v1/chat/completions HTTP/1.1" 200 -
2026-09-17 10:45:44,596 INFO "POST /v1/chat/completions HTTP/1.1" 200 -
2026-09-17 10:45:45,138 INFO "POST /v1/chat/completions HTTP/1.1" 200 -
2026-09-17 10:45:45,675 INFO "POST /v1/chat/completions HTTP/1.1" 200 -
2026-09-17 10:45:46,241 INFO "POST /v1/chat/completions HTTP/1.1" 200 -
2026-09-17 10:45:46,775 INFO "POST /v1/chat/completions HTTP/1.1" 200 -
2026-09-17 10:45:47,316 INFO "POST /v1/chat/completions HTTP/1.1" 200 -
2026-09-17 10:45:47,853 INFO "POST /v1/chat/completions HTTP/1.1" 200 -
2026-09-17 10:45:48,392 INFO "POST /v1/chat/completions HTTP/1.1" 200 -
2026-09-17 10:45:48,927 INFO "POST /v1/chat/completions HTTP/1.1" 200 -
2026-09-17 10:45:49,462 INFO "POST /v1/chat/completions HTTP/1.1" 200 -
2026-09-17 10:45:50,017 INFO "POST /v1/chat/completions HTTP/1.1" 200 -
2026-09-17 10:45:50,566 INFO "POST /v1/chat/completions HTTP/1.1" 200 -
2026-09-17 10:45:51,103 INFO "POST /v1/chat/completions HTTP/1.1" 200 -
2026-09-17 10:45:51,639 INFO "POST /v1/chat/completions HTTP/1.1" 200 -
2026-09-17 10:45:52,178 INFO "POST /v1/chat/completions HTTP/1.1" 200 -
2026-09-17 10:45:52,711 INFO "POST /v1/chat/completions HTTP/1.1" 200 -
2026-09-17 10:45:53,249 INFO "POST /v1/chat/completions HTTP/1.1" 200 -
2026-09-17 10:45:55,604 INFO "POST /v1/chat/completions HTTP/1.1" 200 -
2026-09-17 10:45:55,604 INFO "POST /v1/chat/completions HTTP/1.1" 200 -
2026-09-17 10:45:55,654 INFO "POST /v1/chat/completions HTTP/1.1" 200 -
2026-09-17 10:45:55,654 INFO "POST /v1/chat/completions HTTP/1.1" 200 -
2026-09-17 10:45:55,700 INFO "POST /v1/chat/completions HTTP/1.1" 200 -
2026-09-17 10:45:55,700 INFO "POST /v1/chat/completions HTTP/1.1" 200 -
2026-09-17 10:45:55,742 INFO "POST /v1/chat/completions HTTP/1.1" 200 -
2026-09-17 10:45:55,742 INFO "POST /v1/chat/completions HTTP/1.1" 200 -
2026-09-17 10:45:55,781 INFO "POST /v1/chat/completions HTTP/1.1" 200 -
2026-09-17 10:45:55,781 INFO "POST /v1/chat/completions HTTP/1.1" 200 -
2026-09-17 10:45:55,816 INFO "POST /v1/chat/completions HTTP/1.1" 200 -
2026-09-17 10:45:55,816 INFO "POST /v1/chat/completions HTTP/1.1" 200 -
2026-09-17 10:45:55,847 INFO "POST /v1/chat/completions HTTP/1.1" 200 -
2026-09-17 10:45:55,847 INFO "POST /v1/chat/completions HTTP/1.1" 200 -
2026-09-17 10:45:55,875 INFO "POST /v1/chat/completions HTTP/1.1" 200 -
2026-09-17 10:45:55,875 INFO "POST /v1/chat/completions HTTP/1.1" 200 -
2026-09-17 10:45:55,901 INFO "POST /v1/chat/completions HTTP/1.1" 200 -
2026-09-17 10:45:55,901 INFO "POST /v1/chat/completions HTTP/1.1" 200 -
2026-09-17 10:45:55,919 INFO "POST /v1/chat/completions HTTP/1.1" 200 -
2026-09-17 10:45:55,919 INFO "POST /v1/chat/completions HTTP/1.1" 200 -
2026-09-17 10:45:55,920 INFO "GET /v1/status HTTP/1.1" 200 -
2026-09-17 10:45:55,982 INFO "GET /v1/status HTTP/1.1" 200 -
2026-09-17 10:45:56,038 INFO "GET /v1/status HTTP/1.1" 200 -
2026-09-17 10:45:56,100 INFO "GET /v1/status HTTP/1.1" 200 -
2026-09-17 10:45:56,156 INFO "GET /v1/status HTTP/1.1" 200 -
2026-09-17 10:45:56,219 INFO "GET /v1/status HTTP/1.1" 200 -
2026-09-17 10:45:56,277 INFO "GET /v1/status HTTP/1.1" 200 -
2026-09-17 10:45:56,479 INFO "GET /v1/status HTTP/1.1" 200 -
2026-09-17 10:45:56,512 INFO "GET /v1/status HTTP/1.1" 200 -
2026-09-17 10:45:57,078 INFO "POST /v1/chat/completions HTTP/1.1" 200 -
2026-09-17 10:45:57,647 INFO "POST /v1/chat/completions HTTP/1.1" 200 -
2026-09-17 10:45:58,181 INFO "POST /v1/chat/completions HTTP/1.1" 200 -
2026-09-17 10:45:58,721 INFO "POST /v1/chat/completions HTTP/1.1" 200 -
2026-09-17 10:45:59,258 INFO "POST /v1/chat/completions HTTP/1.1" 200 -
2026-09-17 10:45:59,801 INFO "POST /v1/chat/completions HTTP/1.1" 200 -
2026-09-17 10:46:00,338 INFO "POST /v1/chat/completions HTTP/1.1" 200 -
2026-09-17 10:46:00,893 INFO "POST /v1/chat/completions HTTP/1.1" 200 -
2026-09-17 10:46:01,430 INFO "POST /v1/chat/completions HTTP/1.1" 200 -
2026-09-17 10:46:01,978 INFO "POST /v1/chat/completions HTTP/1.1" 200 -
2026-09-17 10:46:02,513 INFO "POST /v1/chat/completions HTTP/1.1" 200 -
2026-09-17 10:46:03,052 INFO "POST /v1/chat/completions HTTP/1.1" 200 -
2026-09-17 10:46:03,592 INFO "POST /v1/chat/completions HTTP/1.1" 200 -
2026-09-17 10:46:04,131 INFO "POST /v1/chat/completions HTTP/1.1" 200 -
2026-09-17 10:46:04,664 INFO "POST /v1/chat/completions HTTP/1.1" 200 -
2026-09-17 10:46:05,202 INFO "POST /v1/chat/completions HTTP/1.1" 200 -
2026-09-17 10:46:05,739 INFO "POST /v1/chat/completions HTTP/1.1" 200 -
2026-09-17 10:46:06,280 INFO "POST /v1/chat/completions HTTP/1.1" 200 -
2026-09-17 10:46:06,816 INFO "POST /v1/chat/completions HTTP/1.1" 200 -
2026-09-17 10:46:07,357 INFO "POST /v1/chat/completions HTTP/1.1" 200 -
2026-09-17 10:46:09,713 INFO "POST /v1/chat/completions HTTP/1.1" 200 -
2026-09-17 10:46:09,713 INFO "POST /v1/chat/completions HTTP/1.1" 200 -
2026-09-17 10:46:09,758 INFO "POST /v1/chat/completions HTTP/1.1" 200 -
2026-09-17 10:46:09,762 INFO "POST /v1/chat/completions HTTP/1.1" 200 -
2026-09-17 10:46:09,808 INFO "POST /v1/chat/completions HTTP/1.1" 200 -
2026-09-17 10:46:09,808 INFO "POST /v1/chat/completions HTTP/1.1" 200 -
2026-09-17 10:46:09,850 INFO "POST /v1/chat/completions HTTP/1.1" 200 -
2026-09-17 10:46:09,850 INFO "POST /v1/chat/completions HTTP/1.1" 200 -
2026-09-17 10:46:09,889 INFO "POST /v1/chat/completions HTTP/1.1" 200 -
2026-09-17 10:46:09,889 INFO "POST /v1/chat/completions HTTP/1.1" 200 -
2026-09-17 10:46:09,923 INFO "POST /v1/chat/completions HTTP/1.1" 200 -
2026-09-17 10:46:09,923 INFO "POST /v1/chat/completions HTTP/1.1" 200 -
2026-09-17 10:46:09,951 INFO "POST /v1/chat/completions HTTP/1.1" 200 -
2026-09-17 10:46:09,954 INFO "POST /v1/chat/completions HTTP/1.1" 200 -
2026-09-17 10:46:09,982 INFO "POST /v1/chat/completions HTTP/1.1" 200 -
2026-09-17 10:46:09,982 INFO "POST /v1/chat/completions HTTP/1.1" 200 -
2026-09-17 10:46:10,007 INFO "POST /v1/chat/completions HTTP/1.1" 200 -
2026-09-17 10:46:10,007 INFO "POST /v1/chat/completions HTTP/1.1" 200 -
2026-09-17 10:46:10,025 INFO "POST /v1/chat/completions HTTP/1.1" 200 -
2026-09-17 10:46:10,025 INFO "POST /v1/chat/completions HTTP/1.1" 200 -
2026-09-17 10:46:10,026 INFO "GET /v1/status HTTP/1.1" 200 -
2026-09-17 10:46:10,088 INFO "GET /v1/status HTTP/1.1" 200 -
2026-09-17 10:46:10,144 INFO "GET /v1/status HTTP/1.1" 200 -
2026-09-17 10:46:10,205 INFO "GET /v1/status HTTP/1.1" 200 -
2026-09-17 10:46:10,266 INFO "GET /v1/status HTTP/1.1" 200 -
2026-09-17 10:46:10,323 INFO "GET /v1/status HTTP/1.1" 200 -
2026-09-17 10:46:10,383 INFO "GET /v1/status HTTP/1.1" 200 -
2026-09-17 10:46:10,587 INFO "GET /v1/status HTTP/1.1" 200 -
2026-09-17 10:46:10,619 INFO "GET /v1/status HTTP/1.1" 200 -
2026-09-17 10:46:11,194 INFO "POST /v1/chat/completions HTTP/1.1" 200 -
2026-09-17 10:46:11,760 INFO "POST /v1/chat/completions HTTP/1.1" 200 -
2026-09-17 10:46:12,298 INFO "POST /v1/chat/completions HTTP/1.1" 200 -
2026-09-17 10:46:12,841 INFO "POST /v1/chat/completions HTTP/1.1" 200 -
2026-09-17 10:46:13,410 INFO "POST /v1/chat/completions HTTP/1.1" 200 -
2026-09-17 10:46:13,947 INFO "POST /v1/chat/completions HTTP/1.1" 200 -
2026-09-17 10:46:14,484 INFO "POST /v1/chat/completions HTTP/1.1" 200 -
2026-09-17 10:46:15,019 INFO "POST /v1/chat/completions HTTP/1.1" 200 -
2026-09-17 10:46:15,559 INFO "POST /v1/chat/completions HTTP/1.1" 200 -
2026-09-17 10:46:16,096 INFO "POST /v1/chat/completions HTTP/1.1" 200 -
2026-09-17 10:46:16,634 INFO "POST /v1/chat/completions HTTP/1.1" 200 -
2026-09-17 10:46:17,169 INFO "POST /v1/chat/completions HTTP/1.1" 200 -
2026-09-17 10:46:17,709 INFO "POST /v1/chat/completions HTTP/1.1" 200 -
2026-09-17 10:46:18,243 INFO "POST /v1/chat/completions HTTP/1.1" 200 -
2026-09-17 10:46:18,834 INFO "POST /v1/chat/completions HTTP/1.1" 200 -
2026-09-17 10:46:19,372 INFO "POST /v1/chat/completions HTTP/1.1" 200 -
2026-09-17 10:46:19,914 INFO "POST /v1/chat/completions HTTP/1.1" 200 -
2026-09-17 10:46:20,458 INFO "POST /v1/chat/completions HTTP/1.1" 200 -
2026-09-17 10:46:21,015 INFO "POST /v1/chat/completions HTTP/1.1" 200 -
2026-09-17 10:46:21,560 INFO "POST /v1/chat/completions HTTP/1.1" 200 -
2026-09-17 10:46:23,945 INFO "POST /v1/chat/completions HTTP/1.1" 200 -
2026-09-17 10:46:23,945 INFO "POST /v1/chat/completions HTTP/1.1" 200 -
2026-09-17 10:46:23,997 INFO "POST /v1/chat/completions HTTP/1.1" 200 -
2026-09-17 10:46:23,997 INFO "POST /v1/chat/completions HTTP/1.1" 200 -
2026-09-17 10:46:24,044 INFO "POST /v1/chat/completions HTTP/1.1" 200 -
2026-09-17 10:46:24,044 INFO "POST /v1/chat/completions HTTP/1.1" 200 -
2026-09-17 10:46:24,088 INFO "POST /v1/chat/completions HTTP/1.1" 200 -
2026-09-17 10:46:24,088 INFO "POST /v1/chat/completions HTTP/1.1" 200 -
2026-09-17 10:46:24,128 INFO "POST /v1/chat/completions HTTP/1.1" 200 -
2026-09-17 10:46:24,128 INFO "POST /v1/chat/completions HTTP/1.1" 200 -
2026-09-17 10:46:24,163 INFO "POST /v1/chat/completions HTTP/1.1" 200 -
2026-09-17 10:46:24,163 INFO "POST /v1/chat/completions HTTP/1.1" 200 -
2026-09-17 10:46:24,195 INFO "POST /v1/chat/completions HTTP/1.1" 200 -
2026-09-17 10:46:24,195 INFO "POST /v1/chat/completions HTTP/1.1" 200 -
2026-09-17 10:46:24,224 INFO "POST /v1/chat/completions HTTP/1.1" 200 -
2026-09-17 10:46:24,224 INFO "POST /v1/chat/completions HTTP/1.1" 200 -
2026-09-17 10:46:24,249 INFO "POST /v1/chat/completions HTTP/1.1" 200 -
2026-09-17 10:46:24,249 INFO "POST /v1/chat/completions HTTP/1.1" 200 -
2026-09-17 10:46:24,267 INFO "POST /v1/chat/completions HTTP/1.1" 200 -
2026-09-17 10:46:24,267 INFO "POST /v1/chat/completions HTTP/1.1" 200 -
2026-09-17 10:46:24,268 INFO "GET /v1/status HTTP/1.1" 200 -
2026-09-17 10:46:24,321 INFO "GET /v1/status HTTP/1.1" 200 -
2026-09-17 10:46:24,383 INFO "GET /v1/status HTTP/1.1" 200 -
2026-09-17 10:46:24,438 INFO "GET /v1/status HTTP/1.1" 200 -
2026-09-17 10:46:24,496 INFO "GET /v1/status HTTP/1.1" 200 -
2026-09-17 10:46:24,704 INFO "GET /v1/status HTTP/1.1" 200 -
2026-09-17 10:46:24,736 INFO "GET /v1/status HTTP/1.1" 200 -
2026-09-17 10:46:25,297 INFO "POST /v1/chat/completions HTTP/1.1" 200 -
2026-09-17 10:46:25,843 INFO "POST /v1/chat/completions HTTP/1.1" 200 -
2026-09-17 10:46:26,387 INFO "POST /v1/chat/completions HTTP/1.1" 200 -
2026-09-17 10:46:26,927 INFO "POST /v1/chat/completions HTTP/1.1" 200 -
2026-09-17 10:46:27,471 INFO "POST /v1/chat/completions HTTP/1.1" 200 -
2026-09-17 10:46:28,010 INFO "POST /v1/chat/completions HTTP/1.1" 200 -
2026-09-17 10:46:28,553 INFO "POST /v1/chat/completions HTTP/1.1" 200 -
2026-09-17 10:46:29,118 INFO "POST /v1/chat/completions HTTP/1.1" 200 -
2026-09-17 10:46:29,662 INFO "POST /v1/chat/completions HTTP/1.1" 200 -
2026-09-17 10:46:30,198 INFO "POST /v1/chat/completions HTTP/1.1" 200 -
2026-09-17 10:46:30,741 INFO "POST /v1/chat/completions HTTP/1.1" 200 -
2026-09-17 10:46:31,281 INFO "POST /v1/chat/completions HTTP/1.1" 200 -
2026-09-17 10:46:31,826 INFO "POST /v1/chat/completions HTTP/1.1" 200 -
2026-09-17 10:46:32,363 INFO "POST /v1/chat/completions HTTP/1.1" 200 -
2026-09-17 10:46:32,904 INFO "POST /v1/chat/completions HTTP/1.1" 200 -
2026-09-17 10:46:33,445 INFO "POST /v1/chat/completions HTTP/1.1" 200 -
2026-09-17 10:46:33,989 INFO "POST /v1/chat/completions HTTP/1.1" 200 -
2026-09-17 10:46:34,527 INFO "POST /v1/chat/completions HTTP/1.1" 200 -
2026-09-17 10:46:35,067 INFO "POST /v1/chat/completions HTTP/1.1" 200 -
2026-09-17 10:46:35,607 INFO "POST /v1/chat/completions HTTP/1.1" 200 -
2026-09-17 10:46:37,974 INFO "POST /v1/chat/completions HTTP/1.1" 200 -
2026-09-17 10:46:37,974 INFO "POST /v1/chat/completions HTTP/1.1" 200 -
2026-09-17 10:46:38,024 INFO "POST /v1/chat/completions HTTP/1.1" 200 -
2026-09-17 10:46:38,024 INFO "POST /v1/chat/completions HTTP/1.1" 200 -
2026-09-17 10:46:38,070 INFO "POST /v1/chat/completions HTTP/1.1" 200 -
2026-09-17 10:46:38,070 INFO "POST /v1/chat/completions HTTP/1.1" 200 -
2026-09-17 10:46:38,113 INFO "POST /v1/chat/completions HTTP/1.1" 200 -
2026-09-17 10:46:38,113 INFO "POST /v1/chat/completions HTTP/1.1" 200 -
2026-09-17 10:46:38,152 INFO "POST /v1/chat/completions HTTP/1.1" 200 -
2026-09-17 10:46:38,152 INFO "POST /v1/chat/completions HTTP/1.1" 200 -
2026-09-17 10:46:38,187 INFO "POST /v1/chat/completions HTTP/1.1" 200 -
2026-09-17 10:46:38,187 INFO "POST /v1/chat/completions HTTP/1.1" 200 -
2026-09-17 10:46:38,219 INFO "POST /v1/chat/completions HTTP/1.1" 200 -
2026-09-17 10:46:38,219 INFO "POST /v1/chat/completions HTTP/1.1" 200 -
2026-09-17 10:46:38,248 INFO "POST /v1/chat/completions HTTP/1.1" 200 -
2026-09-17 10:46:38,248 INFO "POST /v1/chat/completions HTTP/1.1" 200 -
2026-09-17 10:46:38,273 INFO "POST /v1/chat/completions HTTP/1.1" 200 -
2026-09-17 10:46:38,273 INFO "POST /v1/chat/completions HTTP/1.1" 200 -
2026-09-17 10:46:38,292 INFO "POST /v1/chat/completions HTTP/1.1" 200 -
2026-09-17 10:46:38,292 INFO "POST /v1/chat/completions HTTP/1.1" 200 -
2026-09-17 10:46:38,293 INFO "GET /v1/status HTTP/1.1" 200 -
2026-09-17 10:46:38,355 INFO "GET /v1/status HTTP/1.1" 200 -
2026-09-17 10:46:38,416 INFO "GET /v1/status HTTP/1.1" 200 -
2026-09-17 10:46:38,471 INFO "GET /v1/status HTTP/1.1" 200 -
2026-09-17 10:46:38,535 INFO "GET /v1/status HTTP/1.1" 200 -
2026-09-17 10:46:38,766 INFO "GET /v1/status HTTP/1.1" 200 -
2026-09-17 10:46:38,799 INFO "GET /v1/status HTTP/1.1" 200 -
2026-09-17 10:46:39,362 INFO "POST /v1/chat/completions HTTP/1.1" 200 -
2026-09-17 10:46:39,911 INFO "POST /v1/chat/completions HTTP/1.1" 200 -
2026-09-17 10:46:40,475 INFO "POST /v1/chat/completions HTTP/1.1" 200 -
2026-09-17 10:46:41,013 INFO "POST /v1/chat/completions HTTP/1.1" 200 -
2026-09-17 10:46:41,548 INFO "POST /v1/chat/completions HTTP/1.1" 200 -
2026-09-17 10:46:42,085 INFO "POST /v1/chat/completions HTTP/1.1" 200 -
2026-09-17 10:46:42,622 INFO "POST /v1/chat/completions HTTP/1.1" 200 -
2026-09-17 10:46:43,159 INFO "POST /v1/chat/completions HTTP/1.1" 200 -
2026-09-17 10:46:43,696 INFO "POST /v1/chat/completions HTTP/1.1" 200 -
2026-09-17 10:46:44,236 INFO "POST /v1/chat/completions HTTP/1.1" 200 -
2026-09-17 10:46:44,775 INFO "POST /v1/chat/completions HTTP/1.1" 200 -
2026-09-17 10:46:45,316 INFO "POST /v1/chat/completions HTTP/1.1" 200 -
2026-09-17 10:46:45,854 INFO "POST /v1/chat/completions HTTP/1.1" 200 -
2026-09-17 10:46:46,394 INFO "POST /v1/chat/completions HTTP/1.1" 200 -
2026-09-17 10:46:46,928 INFO "POST /v1/chat/completions HTTP/1.1" 200 -
2026-09-17 10:46:47,466 INFO "POST /v1/chat/completions HTTP/1.1" 200 -
2026-09-17 10:46:48,003 INFO "POST /v1/chat/completions HTTP/1.1" 200 -
2026-09-17 10:46:48,540 INFO "POST /v1/chat/completions HTTP/1.1" 200 -
2026-09-17 10:46:49,077 INFO "POST /v1/chat/completions HTTP/1.1" 200 -
2026-09-17 10:46:49,619 INFO "POST /v1/chat/completions HTTP/1.1" 200 -
2026-09-17 10:46:51,971 INFO "POST /v1/chat/completions HTTP/1.1" 200 -
2026-09-17 10:46:51,971 INFO "POST /v1/chat/completions HTTP/1.1" 200 -
2026-09-17 10:46:52,021 INFO "POST /v1/chat/completions HTTP/1.1" 200 -
2026-09-17 10:46:52,021 INFO "POST /v1/chat/completions HTTP/1.1" 200 -
2026-09-17 10:46:52,067 INFO "POST /v1/chat/completions HTTP/1.1" 200 -
2026-09-17 10:46:52,067 INFO "POST /v1/chat/completions HTTP/1.1" 200 -
2026-09-17 10:46:52,106 INFO "POST /v1/chat/completions HTTP/1.1" 200 -
2026-09-17 10:46:52,110 INFO "POST /v1/chat/completions HTTP/1.1" 200 -
2026-09-17 10:46:52,149 INFO "POST /v1/chat/completions HTTP/1.1" 200 -
2026-09-17 10:46:52,150 INFO "POST /v1/chat/completions HTTP/1.1" 200 -
2026-09-17 10:46:52,184 INFO "POST /v1/chat/completions HTTP/1.1" 200 -
2026-09-17 10:46:52,184 INFO "POST /v1/chat/completions HTTP/1.1" 200 -
2026-09-17 10:46:52,216 INFO "POST /v1/chat/completions HTTP/1.1" 200 -
2026-09-17 10:46:52,216 INFO "POST /v1/chat/completions HTTP/1.1" 200 -
2026-09-17 10:46:52,245 INFO "POST /v1/chat/completions HTTP/1.1" 200 -
2026-09-17 10:46:52,245 INFO "POST /v1/chat/completions HTTP/1.1" 200 -
2026-09-17 10:46:52,271 INFO "POST /v1/chat/completions HTTP/1.1" 200 -
2026-09-17 10:46:52,271 INFO "POST /v1/chat/completions HTTP/1.1" 200 -
2026-09-17 10:46:52,289 INFO "POST /v1/chat/completions HTTP/1.1" 200 -
2026-09-17 10:46:52,290 INFO "POST /v1/chat/completions HTTP/1.1" 200 -
2026-09-17 10:46:52,291 INFO "GET /v1/status HTTP/1.1" 200 -
2026-09-17 10:46:52,353 INFO "GET /v1/status HTTP/1.1" 200 -
2026-09-17 10:46:52,412 INFO "GET /v1/status HTTP/1.1" 200 -
2026-09-17 10:46:52,472 INFO "GET /v1/status HTTP/1.1" 200 -
2026-09-17 10:46:52,529 INFO "GET /v1/status HTTP/1.1" 200 -
2026-09-17 10:46:52,590 INFO "GET /v1/status HTTP/1.1" 200 -
2026-09-17 10:46:52,653 INFO "GET /v1/status HTTP/1.1" 200 -
2026-09-17 10:46:52,708 INFO "GET /v1/status HTTP/1.1" 200 -
2026-09-17 10:46:52,930 INFO "GET /v1/status HTTP/1.1" 200 -
2026-09-17 10:46:52,963 INFO "GET /v1/status HTTP/1.1" 200 -
2026-09-17 10:46:53,527 INFO "POST /v1/chat/completions HTTP/1.1" 200 -
2026-09-17 10:46:54,084 INFO "POST /v1/chat/completions HTTP/1.1" 200 -
2026-09-17 10:46:54,630 INFO "POST /v1/chat/completions HTTP/1.1" 200 -
2026-09-17 10:46:55,179 INFO "POST /v1/chat/completions HTTP/1.1" 200 -
2026-09-17 10:46:55,725 INFO "POST /v1/chat/completions HTTP/1.1" 200 -
2026-09-17 10:46:56,294 INFO "POST /v1/chat/completions HTTP/1.1" 200 -
2026-09-17 10:46:56,827 INFO "POST /v1/chat/completions HTTP/1.1" 200 -
2026-09-17 10:46:57,365 INFO "POST /v1/chat/completions HTTP/1.1" 200 -
2026-09-17 10:46:57,904 INFO "POST /v1/chat/completions HTTP/1.1" 200 -
2026-09-17 10:46:58,443 INFO "POST /v1/chat/completions HTTP/1.1" 200 -
2026-09-17 10:46:58,978 INFO "POST /v1/chat/completions HTTP/1.1" 200 -
2026-09-17 10:46:59,514 INFO "POST /v1/chat/completions HTTP/1.1" 200 -
2026-09-17 10:47:00,050 INFO "POST /v1/chat/completions HTTP/1.1" 200 -
2026-09-17 10:47:00,592 INFO "POST /v1/chat/completions HTTP/1.1" 200 -
2026-09-17 10:47:01,129 INFO "POST /v1/chat/completions HTTP/1.1" 200 -
2026-09-17 10:47:01,667 INFO "POST /v1/chat/completions HTTP/1.1" 200 -
2026-09-17 10:47:02,208 INFO "POST /v1/chat/completions HTTP/1.1" 200 -
2026-09-17 10:47:02,764 INFO "POST /v1/chat/completions HTTP/1.1" 200 -
2026-09-17 10:47:03,316 INFO "POST /v1/chat/completions HTTP/1.1" 200 -
2026-09-17 10:47:03,853 INFO "POST /v1/chat/completions HTTP/1.1" 200 -
2026-09-17 10:47:06,206 INFO "POST /v1/chat/completions HTTP/1.1" 200 -
2026-09-17 10:47:06,206 INFO "POST /v1/chat/completions HTTP/1.1" 200 -
2026-09-17 10:47:06,252 INFO "POST /v1/chat/completions HTTP/1.1" 200 -
2026-09-17 10:47:06,257 INFO "POST /v1/chat/completions HTTP/1.1" 200 -
2026-09-17 10:47:06,300 INFO "POST /v1/chat/completions HTTP/1.1" 200 -
2026-09-17 10:47:06,303 INFO "POST /v1/chat/completions HTTP/1.1" 200 -
2026-09-17 10:47:06,347 INFO "POST /v1/chat/completions HTTP/1.1" 200 -
2026-09-17 10:47:06,347 INFO "POST /v1/chat/completions HTTP/1.1" 200 -
2026-09-17 10:47:06,386 INFO "POST /v1/chat/completions HTTP/1.1" 200 -
2026-09-17 10:47:06,386 INFO "POST /v1/chat/completions HTTP/1.1" 200 -
2026-09-17 10:47:06,422 INFO "POST /v1/chat/completions HTTP/1.1" 200 -
2026-09-17 10:47:06,422 INFO "POST /v1/chat/completions HTTP/1.1" 200 -
2026-09-17 10:47:06,453 INFO "POST /v1/chat/completions HTTP/1.1" 200 -
2026-09-17 10:47:06,453 INFO "POST /v1/chat/completions HTTP/1.1" 200 -
2026-09-17 10:47:06,482 INFO "POST /v1/chat/completions HTTP/1.1" 200 -
2026-09-17 10:47:06,482 INFO "POST /v1/chat/completions HTTP/1.1" 200 -
2026-09-17 10:47:06,508 INFO "POST /v1/chat/completions HTTP/1.1" 200 -
2026-09-17 10:47:06,508 INFO "POST /v1/chat/completions HTTP/1.1" 200 -
2026-09-17 10:47:06,526 INFO "POST /v1/chat/completions HTTP/1.1" 200 -
2026-09-17 10:47:06,527 INFO "POST /v1/chat/completions HTTP/1.1" 200 -
2026-09-17 10:47:06,528 INFO "GET /v1/status HTTP/1.1" 200 -
2026-09-17 10:47:06,589 INFO "GET /v1/status HTTP/1.1" 200 -
2026-09-17 10:47:06,645 INFO "GET /v1/status HTTP/1.1" 200 -
2026-09-17 10:47:06,707 INFO "GET /v1/status HTTP/1.1" 200 -
2026-09-17 10:47:06,766 INFO "GET /v1/status HTTP/1.1" 200 -
2026-09-17 10:47:06,830 INFO "GET /v1/status HTTP/1.1" 200 -
2026-09-17 10:47:07,053 INFO "GET /v1/status HTTP/1.1" 200 -
2026-09-17 10:47:07,086 INFO "GET /v1/status HTTP/1.1" 200 -
2026-09-17 10:47:07,693 INFO "POST /v1/chat/completions HTTP/1.1" 200 -
2026-09-17 10:47:08,237 INFO "POST /v1/chat/completions HTTP/1.1" 200 -
2026-09-17 10:47:08,775 INFO "POST /v1/chat/completions HTTP/1.1" 200 -
2026-09-17 10:47:09,311 INFO "POST /v1/chat/completions HTTP/1.1" 200 -
2026-09-17 10:47:09,853 INFO "POST /v1/chat/completions HTTP/1.1" 200 -
2026-09-17 10:47:10,391 INFO "POST /v1/chat/completions HTTP/1.1" 200 -
2026-09-17 10:47:10,930 INFO "POST /v1/chat/completions HTTP/1.1" 200 -
2026-09-17 10:47:11,463 INFO "POST /v1/chat/completions HTTP/1.1" 200 -
2026-09-17 10:47:12,007 INFO "POST /v1/chat/completions HTTP/1.1" 200 -
2026-09-17 10:47:12,539 INFO "POST /v1/chat/completions HTTP/1.1" 200 -
2026-09-17 10:47:13,078 INFO "POST /v1/chat/completions HTTP/1.1" 200 -
2026-09-17 10:47:13,633 INFO "POST /v1/chat/completions HTTP/1.1" 200 -
2026-09-17 10:47:14,178 INFO "POST /v1/chat/completions HTTP/1.1" 200 -
2026-09-17 10:47:14,713 INFO "POST /v1/chat/completions HTTP/1.1" 200 -
2026-09-17 10:47:15,253 INFO "POST /v1/chat/completions HTTP/1.1" 200 -
2026-09-17 10:47:15,786 INFO "POST /v1/chat/completions HTTP/1.1" 200 -
2026-09-17 10:47:16,332 INFO "POST /v1/chat/completions HTTP/1.1" 200 -
2026-09-17 10:47:16,867 INFO "POST /v1/chat/completions HTTP/1.1" 200 -
2026-09-17 10:47:17,409 INFO "POST /v1/chat/completions HTTP/1.1" 200 -
2026-09-17 10:47:17,947 INFO "POST /v1/chat/completions HTTP/1.1" 200 -
2026-09-17 10:47:20,293 INFO "POST /v1/chat/completions HTTP/1.1" 200 -
2026-09-17 10:47:20,293 INFO "POST /v1/chat/completions HTTP/1.1" 200 -
2026-09-17 10:47:20,339 INFO "POST /v1/chat/completions HTTP/1.1" 200 -
2026-09-17 10:47:20,344 INFO "POST /v1/chat/completions HTTP/1.1" 200 -
2026-09-17 10:47:20,390 INFO "POST /v1/chat/completions HTTP/1.1" 200 -
2026-09-17 10:47:20,390 INFO "POST /v1/chat/completions HTTP/1.1" 200 -
2026-09-17 10:47:20,433 INFO "POST /v1/chat/completions HTTP/1.1" 200 -
2026-09-17 10:47:20,433 INFO "POST /v1/chat/completions HTTP/1.1" 200 -
2026-09-17 10:47:20,472 INFO "POST /v1/chat/completions HTTP/1.1" 200 -
2026-09-17 10:47:20,473 INFO "POST /v1/chat/completions HTTP/1.1" 200 -
2026-09-17 10:47:20,507 INFO "POST /v1/chat/completions HTTP/1.1" 200 -
2026-09-17 10:47:20,507 INFO "POST /v1/chat/completions HTTP/1.1" 200 -
2026-09-17 10:47:20,539 INFO "POST /v1/chat/completions HTTP/1.1" 200 -
2026-09-17 10:47:20,539 INFO "POST /v1/chat/completions HTTP/1.1" 200 -
2026-09-17 10:47:20,564 INFO "POST /v1/chat/completions HTTP/1.1" 200 -
2026-09-17 10:47:20,568 INFO "POST /v1/chat/completions HTTP/1.1" 200 -
2026-09-17 10:47:20,590 INFO "POST /v1/chat/completions HTTP/1.1" 200 -
2026-09-17 10:47:20,594 INFO "POST /v1/chat/completions HTTP/1.1" 200 -
2026-09-17 10:47:20,610 INFO "POST /v1/chat/completions HTTP/1.1" 200 -
2026-09-17 10:47:20,612 INFO "POST /v1/chat/completions HTTP/1.1" 200 -
2026-09-17 10:47:20,614 INFO "GET /v1/status HTTP/1.1" 200 -
2026-09-17 10:47:20,671 INFO "GET /v1/status HTTP/1.1" 200 -
2026-09-17 10:47:20,729 INFO "GET /v1/status HTTP/1.1" 200 -
2026-09-17 10:47:20,789 INFO "GET /v1/status HTTP/1.1" 200 -
2026-09-17 10:47:20,851 INFO "GET /v1/status HTTP/1.1" 200 -
2026-09-17 10:47:20,915 INFO "GET /v1/status HTTP/1.1" 200 -
2026-09-17 10:47:20,969 INFO "GET /v1/status HTTP/1.1" 200 -
2026-09-17 10:47:21,198 INFO "GET /v1/status HTTP/1.1" 200 -
2026-09-17 10:47:21,231 INFO "GET /v1/status HTTP/1.1" 200 -
2026-09-17 10:47:21,802 INFO "POST /v1/chat/completions HTTP/1.1" 200 -
2026-09-17 10:47:22,355 INFO "POST /v1/chat/completions HTTP/1.1" 200 -
2026-09-17 10:47:22,920 INFO "POST /v1/chat/completions HTTP/1.1" 200 -
2026-09-17 10:47:23,459 INFO "POST /v1/chat/completions HTTP/1.1" 200 -
2026-09-17 10:47:23,998 INFO "POST /v1/chat/completions HTTP/1.1" 200 -
2026-09-17 10:47:24,553 INFO "POST /v1/chat/completions HTTP/1.1" 200 -
2026-09-17 10:47:25,094 INFO "POST /v1/chat/completions HTTP/1.1" 200 -
2026-09-17 10:47:25,634 INFO "POST /v1/chat/completions HTTP/1.1" 200 -
2026-09-17 10:47:26,177 INFO "POST /v1/chat/completions HTTP/1.1" 200 -
2026-09-17 10:47:26,716 INFO "POST /v1/chat/completions HTTP/1.1" 200 -
2026-09-17 10:47:27,267 INFO "POST /v1/chat/completions HTTP/1.1" 200 -
2026-09-17 10:47:27,803 INFO "POST /v1/chat/completions HTTP/1.1" 200 -
2026-09-17 10:47:28,344 INFO "POST /v1/chat/completions HTTP/1.1" 200 -
2026-09-17 10:47:28,926 INFO "POST /v1/chat/completions HTTP/1.1" 200 -
2026-09-17 10:47:29,469 INFO "POST /v1/chat/completions HTTP/1.1" 200 -
2026-09-17 10:47:30,016 INFO "POST /v1/chat/completions HTTP/1.1" 200 -
2026-09-17 10:47:30,564 INFO "POST /v1/chat/completions HTTP/1.1" 200 -
2026-09-17 10:47:31,105 INFO "POST /v1/chat/completions HTTP/1.1" 200 -
2026-09-17 10:47:31,645 INFO "POST /v1/chat/completions HTTP/1.1" 200 -
2026-09-17 10:47:32,196 INFO "POST /v1/chat/completions HTTP/1.1" 200 -
2026-09-17 10:47:34,558 INFO "POST /v1/chat/completions HTTP/1.1" 200 -
2026-09-17 10:47:34,558 INFO "POST /v1/chat/completions HTTP/1.1" 200 -
2026-09-17 10:47:34,608 INFO "POST /v1/chat/completions HTTP/1.1" 200 -
2026-09-17 10:47:34,608 INFO "POST /v1/chat/completions HTTP/1.1" 200 -
2026-09-17 10:47:34,650 INFO "POST /v1/chat/completions HTTP/1.1" 200 -
2026-09-17 10:47:34,654 INFO "POST /v1/chat/completions HTTP/1.1" 200 -
2026-09-17 10:47:34,697 INFO "POST /v1/chat/completions HTTP/1.1" 200 -
2026-09-17 10:47:34,697 INFO "POST /v1/chat/completions HTTP/1.1" 200 -
2026-09-17 10:47:34,736 INFO "POST /v1/chat/completions HTTP/1.1" 200 -
2026-09-17 10:47:34,736 INFO "POST /v1/chat/completions HTTP/1.1" 200 -
2026-09-17 10:47:34,771 INFO "POST /v1/chat/completions HTTP/1.1" 200 -
2026-09-17 10:47:34,771 INFO "POST /v1/chat/completions HTTP/1.1" 200 -
2026-09-17 10:47:34,817 INFO "POST /v1/chat/completions HTTP/1.1" 200 -
2026-09-17 10:47:34,821 INFO "POST /v1/chat/completions HTTP/1.1" 200 -
2026-09-17 10:47:34,849 INFO "POST /v1/chat/completions HTTP/1.1" 200 -
2026-09-17 10:47:34,849 INFO "POST /v1/chat/completions HTTP/1.1" 200 -
2026-09-17 10:47:34,874 INFO "POST /v1/chat/completions HTTP/1.1" 200 -
2026-09-17 10:47:34,874 INFO "POST /v1/chat/completions HTTP/1.1" 200 -
2026-09-17 10:47:34,892 INFO "POST /v1/chat/completions HTTP/1.1" 200 -
2026-09-17 10:47:34,892 INFO "POST /v1/chat/completions HTTP/1.1" 200 -
2026-09-17 10:47:34,894 INFO "GET /v1/status HTTP/1.1" 200 -
2026-09-17 10:47:34,955 INFO "GET /v1/status HTTP/1.1" 200 -
2026-09-17 10:47:35,014 INFO "GET /v1/status HTTP/1.1" 200 -
2026-09-17 10:47:35,071 INFO "GET /v1/status HTTP/1.1" 200 -
2026-09-17 10:47:35,293 INFO "GET /v1/status HTTP/1.1" 200 -
2026-09-17 10:47:35,325 INFO "GET /v1/status HTTP/1.1" 200 -
2026-09-17 10:47:35,874 INFO "POST /v1/chat/completions HTTP/1.1" 200 -
2026-09-17 10:47:36,425 INFO "POST /v1/chat/completions HTTP/1.1" 200 -
2026-09-17 10:47:36,966 INFO "POST /v1/chat/completions HTTP/1.1" 200 -
2026-09-17 10:47:37,511 INFO "POST /v1/chat/completions HTTP/1.1" 200 -
2026-09-17 10:47:38,051 INFO "POST /v1/chat/completions HTTP/1.1" 200 -
2026-09-17 10:47:38,620 INFO "POST /v1/chat/completions HTTP/1.1" 200 -
2026-09-17 10:47:39,154 INFO "POST /v1/chat/completions HTTP/1.1" 200 -
2026-09-17 10:47:39,693 INFO "POST /v1/chat/completions HTTP/1.1" 200 -
2026-09-17 10:47:40,227 INFO "POST /v1/chat/completions HTTP/1.1" 200 -
2026-09-17 10:47:40,767 INFO "POST /v1/chat/completions HTTP/1.1" 200 -
2026-09-17 10:47:41,304 INFO "POST /v1/chat/completions HTTP/1.1" 200 -
2026-09-17 10:47:41,844 INFO "POST /v1/chat/completions HTTP/1.1" 200 -
2026-09-17 10:47:42,381 INFO "POST /v1/chat/completions HTTP/1.1" 200 -
2026-09-17 10:47:42,924 INFO "POST /v1/chat/completions HTTP/1.1" 200 -
2026-09-17 10:47:43,462 INFO "POST /v1/chat/completions HTTP/1.1" 200 -
2026-09-17 10:47:43,997 INFO "POST /v1/chat/completions HTTP/1.1" 200 -
2026-09-17 10:47:44,533 INFO "POST /v1/chat/completions HTTP/1.1" 200 -
2026-09-17 10:47:45,071 INFO "POST /v1/chat/completions HTTP/1.1" 200 -
2026-09-17 10:47:45,609 INFO "POST /v1/chat/completions HTTP/1.1" 200 -
2026-09-17 10:47:46,148 INFO "POST /v1/chat/completions HTTP/1.1" 200 -
2026-09-17 10:47:48,539 INFO "POST /v1/chat/completions HTTP/1.1" 200 -
2026-09-17 10:47:48,539 INFO "POST /v1/chat/completions HTTP/1.1" 200 -
2026-09-17 10:47:48,587 INFO "POST /v1/chat/completions HTTP/1.1" 200 -
2026-09-17 10:47:48,592 INFO "POST /v1/chat/completions HTTP/1.1" 200 -
2026-09-17 10:47:48,639 INFO "POST /v1/chat/completions HTTP/1.1" 200 -
2026-09-17 10:47:48,639 INFO "POST /v1/chat/completions HTTP/1.1" 200 -
2026-09-17 10:47:48,681 INFO "POST /v1/chat/completions HTTP/1.1" 200 -
2026-09-17 10:47:48,681 INFO "POST /v1/chat/completions HTTP/1.1" 200 -
2026-09-17 10:47:48,720 INFO "POST /v1/chat/completions HTTP/1.1" 200 -
2026-09-17 10:47:48,720 INFO "POST /v1/chat/completions HTTP/1.1" 200 -
2026-09-17 10:47:48,755 INFO "POST /v1/chat/completions HTTP/1.1" 200 -
2026-09-17 10:47:48,755 INFO "POST /v1/chat/completions HTTP/1.1" 200 -
2026-09-17 10:47:48,783 INFO "POST /v1/chat/completions HTTP/1.1" 200 -
2026-09-17 10:47:48,786 INFO "POST /v1/chat/completions HTTP/1.1" 200 -
2026-09-17 10:47:48,815 INFO "POST /v1/chat/completions HTTP/1.1" 200 -
2026-09-17 10:47:48,815 INFO "POST /v1/chat/completions HTTP/1.1" 200 -
2026-09-17 10:47:48,841 INFO "POST /v1/chat/completions HTTP/1.1" 200 -
2026-09-17 10:47:48,841 INFO "POST /v1/chat/completions HTTP/1.1" 200 -
2026-09-17 10:47:48,857 INFO "POST /v1/chat/completions HTTP/1.1" 200 -
2026-09-17 10:47:48,859 INFO "POST /v1/chat/completions HTTP/1.1" 200 -
2026-09-17 10:47:48,861 INFO "GET /v1/status HTTP/1.1" 200 -
2026-09-17 10:47:48,914 INFO "GET /v1/status HTTP/1.1" 200 -
2026-09-17 10:47:48,973 INFO "GET /v1/status HTTP/1.1" 200 -
2026-09-17 10:47:49,035 INFO "GET /v1/status HTTP/1.1" 200 -
2026-09-17 10:47:49,094 INFO "GET /v1/status HTTP/1.1" 200 -
2026-09-17 10:47:49,156 INFO "GET /v1/status HTTP/1.1" 200 -
2026-09-17 10:47:49,397 INFO "GET /v1/status HTTP/1.1" 200 -
2026-09-17 10:47:49,430 INFO "GET /v1/status HTTP/1.1" 200 -
2026-09-17 10:47:50,022 INFO "POST /v1/chat/completions HTTP/1.1" 200 -
2026-09-17 10:47:50,564 INFO "POST /v1/chat/completions HTTP/1.1" 200 -
2026-09-17 10:47:51,100 INFO "POST /v1/chat/completions HTTP/1.1" 200 -
2026-09-17 10:47:51,635 INFO "POST /v1/chat/completions HTTP/1.1" 200 -
2026-09-17 10:47:52,178 INFO "POST /v1/chat/completions HTTP/1.1" 200 -
2026-09-17 10:47:52,712 INFO "POST /v1/chat/completions HTTP/1.1" 200 -
2026-09-17 10:47:53,250 INFO "POST /v1/chat/completions HTTP/1.1" 200 -
2026-09-17 10:47:53,787 INFO "POST /v1/chat/completions HTTP/1.1" 200 -
2026-09-17 10:47:54,328 INFO "POST /v1/chat/completions HTTP/1.1" 200 -
2026-09-17 10:47:54,860 INFO "POST /v1/chat/completions HTTP/1.1" 200 -
2026-09-17 10:47:55,399 INFO "POST /v1/chat/completions HTTP/1.1" 200 -
2026-09-17 10:47:55,933 INFO "POST /v1/chat/completions HTTP/1.1" 200 -
2026-09-17 10:47:56,474 INFO "POST /v1/chat/completions HTTP/1.1" 200 -
2026-09-17 10:47:57,009 INFO "POST /v1/chat/completions HTTP/1.1" 200 -
2026-09-17 10:47:57,553 INFO "POST /v1/chat/completions HTTP/1.1" 200 -
2026-09-17 10:47:58,089 INFO "POST /v1/chat/completions HTTP/1.1" 200 -
2026-09-17 10:47:58,633 INFO "POST /v1/chat/completions HTTP/1.1" 200 -
2026-09-17 10:47:59,168 INFO "POST /v1/chat/completions HTTP/1.1" 200 -
2026-09-17 10:47:59,707 INFO "POST /v1/chat/completions HTTP/1.1" 200 -
2026-09-17 10:48:00,242 INFO "POST /v1/chat/completions HTTP/1.1" 200 -
2026-09-17 10:48:02,637 INFO "POST /v1/chat/completions HTTP/1.1" 200 -
2026-09-17 10:48:02,637 INFO "POST /v1/chat/completions HTTP/1.1" 200 -
2026-09-17 10:48:02,689 INFO "POST /v1/chat/completions HTTP/1.1" 200 -
2026-09-17 10:48:02,689 INFO "POST /v1/chat/completions HTTP/1.1" 200 -
2026-09-17 10:48:02,736 INFO "POST /v1/chat/completions HTTP/1.1" 200 -
2026-09-17 10:48:02,736 INFO "POST /v1/chat/completions HTTP/1.1" 200 -
2026-09-17 10:48:02,779 INFO "POST /v1/chat/completions HTTP/1.1" 200 -
2026-09-17 10:48:02,779 INFO "POST /v1/chat/completions HTTP/1.1" 200 -
2026-09-17 10:48:02,815 INFO "POST /v1/chat/completions HTTP/1.1" 200 -
2026-09-17 10:48:02,819 INFO "POST /v1/chat/completions HTTP/1.1" 200 -
2026-09-17 10:48:02,850 INFO "POST /v1/chat/completions HTTP/1.1" 200 -
2026-09-17 10:48:02,854 INFO "POST /v1/chat/completions HTTP/1.1" 200 -
2026-09-17 10:48:02,885 INFO "POST /v1/chat/completions HTTP/1.1" 200 -
2026-09-17 10:48:02,885 INFO "POST /v1/chat/completions HTTP/1.1" 200 -
2026-09-17 10:48:02,914 INFO "POST /v1/chat/completions HTTP/1.1" 200 -
2026-09-17 10:48:02,914 INFO "POST /v1/chat/completions HTTP/1.1" 200 -
2026-09-17 10:48:02,939 INFO "POST /v1/chat/completions HTTP/1.1" 200 -
2026-09-17 10:48:02,939 INFO "POST /v1/chat/completions HTTP/1.1" 200 -
2026-09-17 10:48:02,957 INFO "POST /v1/chat/completions HTTP/1.1" 200 -
2026-09-17 10:48:02,957 INFO "POST /v1/chat/completions HTTP/1.1" 200 -
2026-09-17 10:48:02,958 INFO "GET /v1/status HTTP/1.1" 200 -
2026-09-17 10:48:03,020 INFO "GET /v1/status HTTP/1.1" 200 -
2026-09-17 10:48:03,082 INFO "GET /v1/status HTTP/1.1" 200 -
2026-09-17 10:48:03,138 INFO "GET /v1/status HTTP/1.1" 200 -
2026-09-17 10:48:03,192 INFO "GET /v1/status HTTP/1.1" 200 -
2026-09-17 10:48:03,433 INFO "GET /v1/status HTTP/1.1" 200 -
2026-09-17 10:48:03,466 INFO "GET /v1/status HTTP/1.1" 200 -
2026-09-17 10:48:04,028 INFO "POST /v1/chat/completions HTTP/1.1" 200 -
2026-09-17 10:48:04,574 INFO "POST /v1/chat/completions HTTP/1.1" 200 -
2026-09-17 10:48:05,118 INFO "POST /v1/chat/completions HTTP/1.1" 200 -
2026-09-17 10:48:05,688 INFO "POST /v1/chat/completions HTTP/1.1" 200 -
2026-09-17 10:48:06,228 INFO "POST /v1/chat/completions HTTP/1.1" 200 -
2026-09-17 10:48:06,763 INFO "POST /v1/chat/completions HTTP/1.1" 200 -
2026-09-17 10:48:07,300 INFO "POST /v1/chat/completions HTTP/1.1" 200 -
2026-09-17 10:48:07,836 INFO "POST /v1/chat/completions HTTP/1.1" 200 -
2026-09-17 10:48:08,372 INFO "POST /v1/chat/completions HTTP/1.1" 200 -
2026-09-17 10:48:08,907 INFO "POST /v1/chat/completions HTTP/1.1" 200 -
2026-09-17 10:48:09,444 INFO "POST /v1/chat/completions HTTP/1.1" 200 -
2026-09-17 10:48:09,988 INFO "POST /v1/chat/completions HTTP/1.1" 200 -
2026-09-17 10:48:10,524 INFO "POST /v1/chat/completions HTTP/1.1" 200 -
2026-09-17 10:48:11,062 INFO "POST /v1/chat/completions HTTP/1.1" 200 -
2026-09-17 10:48:11,597 INFO "POST /v1/chat/completions HTTP/1.1" 200 -
2026-09-17 10:48:12,135 INFO "POST /v1/chat/completions HTTP/1.1" 200 -
2026-09-17 10:48:12,670 INFO "POST /v1/chat/completions HTTP/1.1" 200 -
2026-09-17 10:48:13,211 INFO "POST /v1/chat/completions HTTP/1.1" 200 -
2026-09-17 10:48:13,747 INFO "POST /v1/chat/completions HTTP/1.1" 200 -
2026-09-17 10:48:14,295 INFO "POST /v1/chat/completions HTTP/1.1" 200 -
2026-09-17 10:48:16,678 INFO "POST /v1/chat/completions HTTP/1.1" 200 -
2026-09-17 10:48:16,678 INFO "POST /v1/chat/completions HTTP/1.1" 200 -
2026-09-17 10:48:16,731 INFO "POST /v1/chat/completions HTTP/1.1" 200 -
2026-09-17 10:48:16,731 INFO "POST /v1/chat/completions HTTP/1.1" 200 -
2026-09-17 10:48:16,775 INFO "POST /v1/chat/completions HTTP/1.1" 200 -
2026-09-17 10:48:16,779 INFO "POST /v1/chat/completions HTTP/1.1" 200 -
2026-09-17 10:48:16,823 INFO "POST /v1/chat/completions HTTP/1.1" 200 -
2026-09-17 10:48:16,823 INFO "POST /v1/chat/completions HTTP/1.1" 200 -
2026-09-17 10:48:16,858 INFO "POST /v1/chat/completions HTTP/1.1" 200 -
2026-09-17 10:48:16,862 INFO "POST /v1/chat/completions HTTP/1.1" 200 -
2026-09-17 10:48:16,897 INFO "POST /v1/chat/completions HTTP/1.1" 200 -
2026-09-17 10:48:16,897 INFO "POST /v1/chat/completions HTTP/1.1" 200 -
2026-09-17 10:48:16,924 INFO "POST /v1/chat/completions HTTP/1.1" 200 -
2026-09-17 10:48:16,928 INFO "POST /v1/chat/completions HTTP/1.1" 200 -
2026-09-17 10:48:16,957 INFO "POST /v1/chat/completions HTTP/1.1" 200 -
2026-09-17 10:48:16,957 INFO "POST /v1/chat/completions HTTP/1.1" 200 -
2026-09-17 10:48:16,982 INFO "POST /v1/chat/completions HTTP/1.1" 200 -
2026-09-17 10:48:16,982 INFO "POST /v1/chat/completions HTTP/1.1" 200 -
2026-09-17 10:48:17,000 INFO "POST /v1/chat/completions HTTP/1.1" 200 -
2026-09-17 10:48:17,000 INFO "POST /v1/chat/completions HTTP/1.1" 200 -
2026-09-17 10:48:17,002 INFO "GET /v1/status HTTP/1.1" 200 -
2026-09-17 10:48:17,055 INFO "GET /v1/status HTTP/1.1" 200 -
2026-09-17 10:48:17,117 INFO "GET /v1/status HTTP/1.1" 200 -
2026-09-17 10:48:17,174 INFO "GET /v1/status HTTP/1.1" 200 -
2026-09-17 10:48:17,237 INFO "GET /v1/status HTTP/1.1" 200 -
2026-09-17 10:48:17,297 INFO "GET /v1/status HTTP/1.1" 200 -
2026-09-17 10:48:17,537 INFO "GET /v1/status HTTP/1.1" 200 -
2026-09-17 10:48:17,571 INFO "GET /v1/status HTTP/1.1" 200 -
2026-09-17 10:48:18,132 INFO "POST /v1/chat/completions HTTP/1.1" 200 -
2026-09-17 10:48:18,680 INFO "POST /v1/chat/completions HTTP/1.1" 200 -
2026-09-17 10:48:19,218 INFO "POST /v1/chat/completions HTTP/1.1" 200 -
2026-09-17 10:48:19,760 INFO "POST /v1/chat/completions HTTP/1.1" 200 -
2026-09-17 10:48:20,299 INFO "POST /v1/chat/completions HTTP/1.1" 200 -
2026-09-17 10:48:20,838 INFO "POST /v1/chat/completions HTTP/1.1" 200 -
2026-09-17 10:48:21,402 INFO "POST /v1/chat/completions HTTP/1.1" 200 -
2026-09-17 10:48:21,945 INFO "POST /v1/chat/completions HTTP/1.1" 200 -
2026-09-17 10:48:22,479 INFO "POST /v1/chat/completions HTTP/1.1" 200 -
2026-09-17 10:48:23,013 INFO "POST /v1/chat/completions HTTP/1.1" 200 -
2026-09-17 10:48:23,549 INFO "POST /v1/chat/completions HTTP/1.1" 200 -
2026-09-17 10:48:24,088 INFO "POST /v1/chat/completions HTTP/1.1" 200 -
2026-09-17 10:48:24,628 INFO "POST /v1/chat/completions HTTP/1.1" 200 -
2026-09-17 10:48:25,166 INFO "POST /v1/chat/completions HTTP/1.1" 200 -
2026-09-17 10:48:25,707 INFO "POST /v1/chat/completions HTTP/1.1" 200 -
2026-09-17 10:48:26,265 INFO "POST /v1/chat/completions HTTP/1.1" 200 -
2026-09-17 10:48:26,801 INFO "POST /v1/chat/completions HTTP/1.1" 200 -
2026-09-17 10:48:27,342 INFO "POST /v1/chat/completions HTTP/1.1" 200 -
2026-09-17 10:48:27,875 INFO "POST /v1/chat/completions HTTP/1.1" 200 -
2026-09-17 10:48:28,412 INFO "POST /v1/chat/completions HTTP/1.1" 200 -
2026-09-17 10:48:30,787 INFO "POST /v1/chat/completions HTTP/1.1" 200 -
2026-09-17 10:48:30,787 INFO "POST /v1/chat/completions HTTP/1.1" 200 -
2026-09-17 10:48:30,839 INFO "POST /v1/chat/completions HTTP/1.1" 200 -
2026-09-17 10:48:30,839 INFO "POST /v1/chat/completions HTTP/1.1" 200 -
2026-09-17 10:48:30,886 INFO "POST /v1/chat/completions HTTP/1.1" 200 -
2026-09-17 10:48:30,886 INFO "POST /v1/chat/completions HTTP/1.1" 200 -
2026-09-17 10:48:30,929 INFO "POST /v1/chat/completions HTTP/1.1" 200 -
2026-09-17 10:48:30,929 INFO "POST /v1/chat/completions HTTP/1.1" 200 -
2026-09-17 10:48:30,969 INFO "POST /v1/chat/completions HTTP/1.1" 200 -
2026-09-17 10:48:30,969 INFO "POST /v1/chat/completions HTTP/1.1" 200 -
2026-09-17 10:48:31,000 INFO "POST /v1/chat/completions HTTP/1.1" 200 -
2026-09-17 10:48:31,003 INFO "POST /v1/chat/completions HTTP/1.1" 200 -
2026-09-17 10:48:31,035 INFO "POST /v1/chat/completions HTTP/1.1" 200 -
2026-09-17 10:48:31,035 INFO "POST /v1/chat/completions HTTP/1.1" 200 -
2026-09-17 10:48:31,064 INFO "POST /v1/chat/completions HTTP/1.1" 200 -
2026-09-17 10:48:31,064 INFO "POST /v1/chat/completions HTTP/1.1" 200 -
2026-09-17 10:48:31,089 INFO "POST /v1/chat/completions HTTP/1.1" 200 -
2026-09-17 10:48:31,089 INFO "POST /v1/chat/completions HTTP/1.1" 200 -
2026-09-17 10:48:31,107 INFO "POST /v1/chat/completions HTTP/1.1" 200 -
2026-09-17 10:48:31,107 INFO "POST /v1/chat/completions HTTP/1.1" 200 -
2026-09-17 10:48:31,108 INFO "GET /v1/status HTTP/1.1" 200 -
2026-09-17 10:48:31,170 INFO "GET /v1/status HTTP/1.1" 200 -
2026-09-17 10:48:31,227 INFO "GET /v1/status HTTP/1.1" 200 -
2026-09-17 10:48:31,280 INFO "GET /v1/status HTTP/1.1" 200 -
2026-09-17 10:48:31,342 INFO "GET /v1/status HTTP/1.1" 200 -
2026-09-17 10:48:31,406 INFO "GET /v1/status HTTP/1.1" 200 -
[transformers] PyTorch was not found. Models won't be available and only tokenizers, configuration and file/data utilities can be used.
2026-09-17 11:57:21,033 INFO "GET /v1/status HTTP/1.1" 200 -
2026-09-17 11:57:22,039 INFO "GET /v1/status HTTP/1.1" 200 -
2026-09-17 11:57:22,371 INFO ubc_evict: evicted 4772.0 MB from UBC for ~/mlx-models/Qwen3.6-35B-A3B-uncensored-heretic-Native-MTP-Preserved-oQ4e-mtp/model-00001-of-00005.safetensors
2026-09-17 11:57:22,409 INFO ubc_evict: evicted 4896.0 MB from UBC for ~/mlx-models/Qwen3.6-35B-A3B-uncensored-heretic-Native-MTP-Preserved-oQ4e-mtp/model-00002-of-00005.safetensors
2026-09-17 11:57:22,449 INFO ubc_evict: evicted 4896.0 MB from UBC for ~/mlx-models/Qwen3.6-35B-A3B-uncensored-heretic-Native-MTP-Preserved-oQ4e-mtp/model-00003-of-00005.safetensors
2026-09-17 11:57:22,487 INFO ubc_evict: evicted 4896.0 MB from UBC for ~/mlx-models/Qwen3.6-35B-A3B-uncensored-heretic-Native-MTP-Preserved-oQ4e-mtp/model-00004-of-00005.safetensors
2026-09-17 11:57:22,497 INFO ubc_evict: evicted 1152.0 MB from UBC for ~/mlx-models/Qwen3.6-35B-A3B-uncensored-heretic-Native-MTP-Preserved-oQ4e-mtp/model-00005-of-00005.safetensors
2026-09-17 11:57:22,497 INFO ubc_evict: pass complete total_mb=20612.0 elapsed_s=0.16
2026-09-17 11:57:23,059 INFO "GET /v1/status HTTP/1.1" 200 -
2026-09-17 11:57:23,089 INFO "GET /v1/status HTTP/1.1" 200 -
2026-09-17 11:57:23,812 INFO "POST /v1/chat/completions HTTP/1.1" 200 -
2026-09-17 11:57:24,382 INFO "POST /v1/chat/completions HTTP/1.1" 200 -
2026-09-17 11:57:24,955 INFO "POST /v1/chat/completions HTTP/1.1" 200 -
2026-09-17 11:57:25,526 INFO "POST /v1/chat/completions HTTP/1.1" 200 -
2026-09-17 11:57:26,094 INFO "POST /v1/chat/completions HTTP/1.1" 200 -
2026-09-17 11:57:26,661 INFO "POST /v1/chat/completions HTTP/1.1" 200 -
2026-09-17 11:57:27,235 INFO "POST /v1/chat/completions HTTP/1.1" 200 -
2026-09-17 11:57:27,808 INFO "POST /v1/chat/completions HTTP/1.1" 200 -
2026-09-17 11:57:28,383 INFO "POST /v1/chat/completions HTTP/1.1" 200 -
2026-09-17 11:57:28,953 INFO "POST /v1/chat/completions HTTP/1.1" 200 -
2026-09-17 11:57:29,527 INFO "POST /v1/chat/completions HTTP/1.1" 200 -
2026-09-17 11:57:30,098 INFO "POST /v1/chat/completions HTTP/1.1" 200 -
2026-09-17 11:57:30,674 INFO "POST /v1/chat/completions HTTP/1.1" 200 -
2026-09-17 11:57:31,244 INFO "POST /v1/chat/completions HTTP/1.1" 200 -
2026-09-17 11:57:31,821 INFO "POST /v1/chat/completions HTTP/1.1" 200 -
2026-09-17 11:57:32,399 INFO "POST /v1/chat/completions HTTP/1.1" 200 -
2026-09-17 11:57:32,976 INFO "POST /v1/chat/completions HTTP/1.1" 200 -
2026-09-17 11:57:33,549 INFO "POST /v1/chat/completions HTTP/1.1" 200 -
2026-09-17 11:57:34,125 INFO "POST /v1/chat/completions HTTP/1.1" 200 -
2026-09-17 11:57:34,697 INFO "POST /v1/chat/completions HTTP/1.1" 200 -
2026-09-17 11:57:37,386 INFO "POST /v1/chat/completions HTTP/1.1" 200 -
2026-09-17 11:57:37,386 INFO "POST /v1/chat/completions HTTP/1.1" 200 -
2026-09-17 11:57:37,438 INFO "POST /v1/chat/completions HTTP/1.1" 200 -
2026-09-17 11:57:37,441 INFO "POST /v1/chat/completions HTTP/1.1" 200 -
2026-09-17 11:57:37,491 INFO "POST /v1/chat/completions HTTP/1.1" 200 -
2026-09-17 11:57:37,495 INFO "POST /v1/chat/completions HTTP/1.1" 200 -
2026-09-17 11:57:37,539 INFO "POST /v1/chat/completions HTTP/1.1" 200 -
2026-09-17 11:57:37,543 INFO "POST /v1/chat/completions HTTP/1.1" 200 -
2026-09-17 11:57:37,587 INFO "POST /v1/chat/completions HTTP/1.1" 200 -
2026-09-17 11:57:37,587 INFO "POST /v1/chat/completions HTTP/1.1" 200 -
2026-09-17 11:57:37,625 INFO "POST /v1/chat/completions HTTP/1.1" 200 -
2026-09-17 11:57:37,625 INFO "POST /v1/chat/completions HTTP/1.1" 200 -
2026-09-17 11:57:37,657 INFO "POST /v1/chat/completions HTTP/1.1" 200 -
2026-09-17 11:57:37,660 INFO "POST /v1/chat/completions HTTP/1.1" 200 -
2026-09-17 11:57:37,691 INFO "POST /v1/chat/completions HTTP/1.1" 200 -
2026-09-17 11:57:37,691 INFO "POST /v1/chat/completions HTTP/1.1" 200 -
2026-09-17 11:57:37,718 INFO "POST /v1/chat/completions HTTP/1.1" 200 -
2026-09-17 11:57:37,718 INFO "POST /v1/chat/completions HTTP/1.1" 200 -
2026-09-17 11:57:37,737 INFO "POST /v1/chat/completions HTTP/1.1" 200 -
2026-09-17 11:57:37,737 INFO "POST /v1/chat/completions HTTP/1.1" 200 -
2026-09-17 11:57:37,738 INFO "GET /v1/status HTTP/1.1" 200 -
2026-09-17 11:57:37,793 INFO "GET /v1/status HTTP/1.1" 200 -
2026-09-17 11:57:37,848 INFO "GET /v1/status HTTP/1.1" 200 -
2026-09-17 11:57:37,903 INFO "GET /v1/status HTTP/1.1" 200 -
2026-09-17 11:57:37,955 INFO "GET /v1/status HTTP/1.1" 200 -
2026-09-17 11:57:38,010 INFO "GET /v1/status HTTP/1.1" 200 -
2026-09-17 11:57:38,067 INFO "GET /v1/status HTTP/1.1" 200 -
2026-09-17 11:57:38,124 INFO "GET /v1/status HTTP/1.1" 200 -
2026-09-17 11:57:38,183 INFO "GET /v1/status HTTP/1.1" 200 -
2026-09-17 11:57:38,240 INFO "GET /v1/status HTTP/1.1" 200 -
2026-09-17 11:57:38,297 INFO "GET /v1/status HTTP/1.1" 200 -
2026-09-17 11:57:38,355 INFO "GET /v1/status HTTP/1.1" 200 -
2026-09-17 11:57:38,414 INFO "GET /v1/status HTTP/1.1" 200 -
2026-09-17 11:57:38,471 INFO "GET /v1/status HTTP/1.1" 200 -
2026-09-17 11:57:38,642 INFO "GET /v1/status HTTP/1.1" 200 -
2026-09-17 11:57:38,674 INFO "GET /v1/status HTTP/1.1" 200 -
2026-09-17 11:57:39,236 INFO "POST /v1/chat/completions HTTP/1.1" 200 -
2026-09-17 11:57:39,779 INFO "POST /v1/chat/completions HTTP/1.1" 200 -
2026-09-17 11:57:40,349 INFO "POST /v1/chat/completions HTTP/1.1" 200 -
2026-09-17 11:57:40,890 INFO "POST /v1/chat/completions HTTP/1.1" 200 -
2026-09-17 11:57:41,424 INFO "POST /v1/chat/completions HTTP/1.1" 200 -
2026-09-17 11:57:41,961 INFO "POST /v1/chat/completions HTTP/1.1" 200 -
2026-09-17 11:57:42,497 INFO "POST /v1/chat/completions HTTP/1.1" 200 -
2026-09-17 11:57:43,033 INFO "POST /v1/chat/completions HTTP/1.1" 200 -
2026-09-17 11:57:43,570 INFO "POST /v1/chat/completions HTTP/1.1" 200 -
2026-09-17 11:57:44,111 INFO "POST /v1/chat/completions HTTP/1.1" 200 -
2026-09-17 11:57:44,653 INFO "POST /v1/chat/completions HTTP/1.1" 200 -
2026-09-17 11:57:45,193 INFO "POST /v1/chat/completions HTTP/1.1" 200 -
2026-09-17 11:57:45,730 INFO "POST /v1/chat/completions HTTP/1.1" 200 -
2026-09-17 11:57:46,280 INFO "POST /v1/chat/completions HTTP/1.1" 200 -
2026-09-17 11:57:46,817 INFO "POST /v1/chat/completions HTTP/1.1" 200 -
2026-09-17 11:57:47,357 INFO "POST /v1/chat/completions HTTP/1.1" 200 -
2026-09-17 11:57:47,898 INFO "POST /v1/chat/completions HTTP/1.1" 200 -
2026-09-17 11:57:48,445 INFO "POST /v1/chat/completions HTTP/1.1" 200 -
2026-09-17 11:57:48,997 INFO "POST /v1/chat/completions HTTP/1.1" 200 -
2026-09-17 11:57:49,547 INFO "POST /v1/chat/completions HTTP/1.1" 200 -
2026-09-17 11:57:52,421 INFO "POST /v1/chat/completions HTTP/1.1" 200 -
2026-09-17 11:57:52,421 INFO "POST /v1/chat/completions HTTP/1.1" 200 -
2026-09-17 11:57:52,475 INFO "POST /v1/chat/completions HTTP/1.1" 200 -
2026-09-17 11:57:52,479 INFO "POST /v1/chat/completions HTTP/1.1" 200 -
2026-09-17 11:57:52,531 INFO "POST /v1/chat/completions HTTP/1.1" 200 -
2026-09-17 11:57:52,531 INFO "POST /v1/chat/completions HTTP/1.1" 200 -
2026-09-17 11:57:52,582 INFO "POST /v1/chat/completions HTTP/1.1" 200 -
2026-09-17 11:57:52,582 INFO "POST /v1/chat/completions HTTP/1.1" 200 -
2026-09-17 11:57:52,625 INFO "POST /v1/chat/completions HTTP/1.1" 200 -
2026-09-17 11:57:52,625 INFO "POST /v1/chat/completions HTTP/1.1" 200 -
2026-09-17 11:57:52,663 INFO "POST /v1/chat/completions HTTP/1.1" 200 -
2026-09-17 11:57:52,663 INFO "POST /v1/chat/completions HTTP/1.1" 200 -
2026-09-17 11:57:52,697 INFO "POST /v1/chat/completions HTTP/1.1" 200 -
2026-09-17 11:57:52,697 INFO "POST /v1/chat/completions HTTP/1.1" 200 -
2026-09-17 11:57:52,728 INFO "POST /v1/chat/completions HTTP/1.1" 200 -
2026-09-17 11:57:52,728 INFO "POST /v1/chat/completions HTTP/1.1" 200 -
2026-09-17 11:57:52,755 INFO "POST /v1/chat/completions HTTP/1.1" 200 -
2026-09-17 11:57:52,755 INFO "POST /v1/chat/completions HTTP/1.1" 200 -
2026-09-17 11:57:52,774 INFO "POST /v1/chat/completions HTTP/1.1" 200 -
2026-09-17 11:57:52,774 INFO "POST /v1/chat/completions HTTP/1.1" 200 -
2026-09-17 11:57:52,775 INFO "GET /v1/status HTTP/1.1" 200 -
2026-09-17 11:57:52,832 INFO "GET /v1/status HTTP/1.1" 200 -
2026-09-17 11:57:52,888 INFO "GET /v1/status HTTP/1.1" 200 -
2026-09-17 11:57:52,942 INFO "GET /v1/status HTTP/1.1" 200 -
2026-09-17 11:57:52,998 INFO "GET /v1/status HTTP/1.1" 200 -
2026-09-17 11:57:53,054 INFO "GET /v1/status HTTP/1.1" 200 -
2026-09-17 11:57:53,109 INFO "GET /v1/status HTTP/1.1" 200 -
2026-09-17 11:57:53,167 INFO "GET /v1/status HTTP/1.1" 200 -
2026-09-17 11:57:53,226 INFO "GET /v1/status HTTP/1.1" 200 -
2026-09-17 11:57:53,280 INFO "GET /v1/status HTTP/1.1" 200 -
2026-09-17 11:57:53,336 INFO "GET /v1/status HTTP/1.1" 200 -
2026-09-17 11:57:53,394 INFO "GET /v1/status HTTP/1.1" 200 -
2026-09-17 11:57:53,449 INFO "GET /v1/status HTTP/1.1" 200 -
2026-09-17 11:57:53,508 INFO "GET /v1/status HTTP/1.1" 200 -
2026-09-17 11:57:53,561 INFO "GET /v1/status HTTP/1.1" 200 -
2026-09-17 11:57:53,615 INFO "GET /v1/status HTTP/1.1" 200 -
2026-09-17 11:57:53,785 INFO "GET /v1/status HTTP/1.1" 200 -
2026-09-17 11:57:53,818 INFO "GET /v1/status HTTP/1.1" 200 -
2026-09-17 11:57:54,381 INFO "POST /v1/chat/completions HTTP/1.1" 200 -
2026-09-17 11:57:54,927 INFO "POST /v1/chat/completions HTTP/1.1" 200 -
2026-09-17 11:57:55,471 INFO "POST /v1/chat/completions HTTP/1.1" 200 -
2026-09-17 11:57:56,012 INFO "POST /v1/chat/completions HTTP/1.1" 200 -
2026-09-17 11:57:56,554 INFO "POST /v1/chat/completions HTTP/1.1" 200 -
2026-09-17 11:57:57,118 INFO "POST /v1/chat/completions HTTP/1.1" 200 -
2026-09-17 11:57:57,650 INFO "POST /v1/chat/completions HTTP/1.1" 200 -
2026-09-17 11:57:58,184 INFO "POST /v1/chat/completions HTTP/1.1" 200 -
2026-09-17 11:57:58,720 INFO "POST /v1/chat/completions HTTP/1.1" 200 -
2026-09-17 11:57:59,256 INFO "POST /v1/chat/completions HTTP/1.1" 200 -
2026-09-17 11:57:59,794 INFO "POST /v1/chat/completions HTTP/1.1" 200 -
2026-09-17 11:58:00,336 INFO "POST /v1/chat/completions HTTP/1.1" 200 -
2026-09-17 11:58:00,900 INFO "POST /v1/chat/completions HTTP/1.1" 200 -
2026-09-17 11:58:01,438 INFO "POST /v1/chat/completions HTTP/1.1" 200 -
2026-09-17 11:58:01,978 INFO "POST /v1/chat/completions HTTP/1.1" 200 -
2026-09-17 11:58:02,518 INFO "POST /v1/chat/completions HTTP/1.1" 200 -
2026-09-17 11:58:03,065 INFO "POST /v1/chat/completions HTTP/1.1" 200 -
2026-09-17 11:58:03,613 INFO "POST /v1/chat/completions HTTP/1.1" 200 -
2026-09-17 11:58:04,172 INFO "POST /v1/chat/completions HTTP/1.1" 200 -
2026-09-17 11:58:04,744 INFO "POST /v1/chat/completions HTTP/1.1" 200 -
2026-09-17 11:58:07,685 INFO "POST /v1/chat/completions HTTP/1.1" 200 -
2026-09-17 11:58:07,685 INFO "POST /v1/chat/completions HTTP/1.1" 200 -
2026-09-17 11:58:07,740 INFO "POST /v1/chat/completions HTTP/1.1" 200 -
2026-09-17 11:58:07,744 INFO "POST /v1/chat/completions HTTP/1.1" 200 -
2026-09-17 11:58:07,796 INFO "POST /v1/chat/completions HTTP/1.1" 200 -
2026-09-17 11:58:07,796 INFO "POST /v1/chat/completions HTTP/1.1" 200 -
2026-09-17 11:58:07,840 INFO "POST /v1/chat/completions HTTP/1.1" 200 -
2026-09-17 11:58:07,844 INFO "POST /v1/chat/completions HTTP/1.1" 200 -
2026-09-17 11:58:07,888 INFO "POST /v1/chat/completions HTTP/1.1" 200 -
2026-09-17 11:58:07,888 INFO "POST /v1/chat/completions HTTP/1.1" 200 -
2026-09-17 11:58:07,925 INFO "POST /v1/chat/completions HTTP/1.1" 200 -
2026-09-17 11:58:07,925 INFO "POST /v1/chat/completions HTTP/1.1" 200 -
2026-09-17 11:58:07,955 INFO "POST /v1/chat/completions HTTP/1.1" 200 -
2026-09-17 11:58:07,959 INFO "POST /v1/chat/completions HTTP/1.1" 200 -
2026-09-17 11:58:07,989 INFO "POST /v1/chat/completions HTTP/1.1" 200 -
2026-09-17 11:58:07,989 INFO "POST /v1/chat/completions HTTP/1.1" 200 -
2026-09-17 11:58:08,015 INFO "POST /v1/chat/completions HTTP/1.1" 200 -
2026-09-17 11:58:08,015 INFO "POST /v1/chat/completions HTTP/1.1" 200 -
2026-09-17 11:58:08,034 INFO "POST /v1/chat/completions HTTP/1.1" 200 -
2026-09-17 11:58:08,034 INFO "POST /v1/chat/completions HTTP/1.1" 200 -
2026-09-17 11:58:08,036 INFO "GET /v1/status HTTP/1.1" 200 -
2026-09-17 11:58:08,092 INFO "GET /v1/status HTTP/1.1" 200 -
2026-09-17 11:58:08,150 INFO "GET /v1/status HTTP/1.1" 200 -
2026-09-17 11:58:08,207 INFO "GET /v1/status HTTP/1.1" 200 -
2026-09-17 11:58:08,264 INFO "GET /v1/status HTTP/1.1" 200 -
2026-09-17 11:58:08,324 INFO "GET /v1/status HTTP/1.1" 200 -
2026-09-17 11:58:08,382 INFO "GET /v1/status HTTP/1.1" 200 -
2026-09-17 11:58:08,441 INFO "GET /v1/status HTTP/1.1" 200 -
2026-09-17 11:58:08,500 INFO "GET /v1/status HTTP/1.1" 200 -
2026-09-17 11:58:08,558 INFO "GET /v1/status HTTP/1.1" 200 -
2026-09-17 11:58:08,613 INFO "GET /v1/status HTTP/1.1" 200 -
2026-09-17 11:58:08,669 INFO "GET /v1/status HTTP/1.1" 200 -
2026-09-17 11:58:08,726 INFO "GET /v1/status HTTP/1.1" 200 -
2026-09-17 11:58:08,785 INFO "GET /v1/status HTTP/1.1" 200 -
2026-09-17 11:58:08,958 INFO "GET /v1/status HTTP/1.1" 200 -
2026-09-17 11:58:08,990 INFO "GET /v1/status HTTP/1.1" 200 -
2026-09-17 11:58:09,592 INFO "POST /v1/chat/completions HTTP/1.1" 200 -
2026-09-17 11:58:10,131 INFO "POST /v1/chat/completions HTTP/1.1" 200 -
2026-09-17 11:58:10,674 INFO "POST /v1/chat/completions HTTP/1.1" 200 -
2026-09-17 11:58:11,212 INFO "POST /v1/chat/completions HTTP/1.1" 200 -
2026-09-17 11:58:11,753 INFO "POST /v1/chat/completions HTTP/1.1" 200 -
2026-09-17 11:58:12,290 INFO "POST /v1/chat/completions HTTP/1.1" 200 -
2026-09-17 11:58:12,832 INFO "POST /v1/chat/completions HTTP/1.1" 200 -
2026-09-17 11:58:13,370 INFO "POST /v1/chat/completions HTTP/1.1" 200 -
2026-09-17 11:58:13,912 INFO "POST /v1/chat/completions HTTP/1.1" 200 -
2026-09-17 11:58:14,447 INFO "POST /v1/chat/completions HTTP/1.1" 200 -
2026-09-17 11:58:14,986 INFO "POST /v1/chat/completions HTTP/1.1" 200 -
2026-09-17 11:58:15,522 INFO "POST /v1/chat/completions HTTP/1.1" 200 -
2026-09-17 11:58:16,064 INFO "POST /v1/chat/completions HTTP/1.1" 200 -
2026-09-17 11:58:16,623 INFO "POST /v1/chat/completions HTTP/1.1" 200 -
2026-09-17 11:58:17,168 INFO "POST /v1/chat/completions HTTP/1.1" 200 -
2026-09-17 11:58:17,713 INFO "POST /v1/chat/completions HTTP/1.1" 200 -
2026-09-17 11:58:18,276 INFO "POST /v1/chat/completions HTTP/1.1" 200 -
2026-09-17 11:58:18,821 INFO "POST /v1/chat/completions HTTP/1.1" 200 -
2026-09-17 11:58:19,411 INFO "POST /v1/chat/completions HTTP/1.1" 200 -
2026-09-17 11:58:19,962 INFO "POST /v1/chat/completions HTTP/1.1" 200 -
2026-09-17 11:58:22,886 INFO "POST /v1/chat/completions HTTP/1.1" 200 -
2026-09-17 11:58:22,886 INFO "POST /v1/chat/completions HTTP/1.1" 200 -
2026-09-17 11:58:22,948 INFO "POST /v1/chat/completions HTTP/1.1" 200 -
2026-09-17 11:58:22,948 INFO "POST /v1/chat/completions HTTP/1.1" 200 -
2026-09-17 11:58:23,002 INFO "POST /v1/chat/completions HTTP/1.1" 200 -
2026-09-17 11:58:23,002 INFO "POST /v1/chat/completions HTTP/1.1" 200 -
2026-09-17 11:58:23,051 INFO "POST /v1/chat/completions HTTP/1.1" 200 -
2026-09-17 11:58:23,051 INFO "POST /v1/chat/completions HTTP/1.1" 200 -
2026-09-17 11:58:23,095 INFO "POST /v1/chat/completions HTTP/1.1" 200 -
2026-09-17 11:58:23,095 INFO "POST /v1/chat/completions HTTP/1.1" 200 -
2026-09-17 11:58:23,135 INFO "POST /v1/chat/completions HTTP/1.1" 200 -
2026-09-17 11:58:23,135 INFO "POST /v1/chat/completions HTTP/1.1" 200 -
2026-09-17 11:58:23,170 INFO "POST /v1/chat/completions HTTP/1.1" 200 -
2026-09-17 11:58:23,170 INFO "POST /v1/chat/completions HTTP/1.1" 200 -
2026-09-17 11:58:23,201 INFO "POST /v1/chat/completions HTTP/1.1" 200 -
2026-09-17 11:58:23,201 INFO "POST /v1/chat/completions HTTP/1.1" 200 -
2026-09-17 11:58:23,228 INFO "POST /v1/chat/completions HTTP/1.1" 200 -
2026-09-17 11:58:23,228 INFO "POST /v1/chat/completions HTTP/1.1" 200 -
2026-09-17 11:58:23,248 INFO "POST /v1/chat/completions HTTP/1.1" 200 -
2026-09-17 11:58:23,248 INFO "POST /v1/chat/completions HTTP/1.1" 200 -
2026-09-17 11:58:23,249 INFO "GET /v1/status HTTP/1.1" 200 -
2026-09-17 11:58:23,306 INFO "GET /v1/status HTTP/1.1" 200 -
2026-09-17 11:58:23,363 INFO "GET /v1/status HTTP/1.1" 200 -
2026-09-17 11:58:23,420 INFO "GET /v1/status HTTP/1.1" 200 -
2026-09-17 11:58:23,476 INFO "GET /v1/status HTTP/1.1" 200 -
2026-09-17 11:58:23,532 INFO "GET /v1/status HTTP/1.1" 200 -
2026-09-17 11:58:23,590 INFO "GET /v1/status HTTP/1.1" 200 -
2026-09-17 11:58:23,648 INFO "GET /v1/status HTTP/1.1" 200 -
2026-09-17 11:58:23,702 INFO "GET /v1/status HTTP/1.1" 200 -
2026-09-17 11:58:23,760 INFO "GET /v1/status HTTP/1.1" 200 -
2026-09-17 11:58:23,817 INFO "GET /v1/status HTTP/1.1" 200 -
2026-09-17 11:58:23,876 INFO "GET /v1/status HTTP/1.1" 200 -
2026-09-17 11:58:23,931 INFO "GET /v1/status HTTP/1.1" 200 -
2026-09-17 11:58:24,110 INFO "GET /v1/status HTTP/1.1" 200 -
2026-09-17 11:58:24,143 INFO "GET /v1/status HTTP/1.1" 200 -
2026-09-17 11:58:24,703 INFO "POST /v1/chat/completions HTTP/1.1" 200 -
2026-09-17 11:58:25,248 INFO "POST /v1/chat/completions HTTP/1.1" 200 -
2026-09-17 11:58:25,792 INFO "POST /v1/chat/completions HTTP/1.1" 200 -
2026-09-17 11:58:26,356 INFO "POST /v1/chat/completions HTTP/1.1" 200 -
2026-09-17 11:58:26,891 INFO "POST /v1/chat/completions HTTP/1.1" 200 -
2026-09-17 11:58:27,431 INFO "POST /v1/chat/completions HTTP/1.1" 200 -
2026-09-17 11:58:27,969 INFO "POST /v1/chat/completions HTTP/1.1" 200 -
2026-09-17 11:58:28,535 INFO "POST /v1/chat/completions HTTP/1.1" 200 -
2026-09-17 11:58:29,083 INFO "POST /v1/chat/completions HTTP/1.1" 200 -
2026-09-17 11:58:29,624 INFO "POST /v1/chat/completions HTTP/1.1" 200 -
2026-09-17 11:58:30,162 INFO "POST /v1/chat/completions HTTP/1.1" 200 -
2026-09-17 11:58:30,710 INFO "POST /v1/chat/completions HTTP/1.1" 200 -
2026-09-17 11:58:31,247 INFO "POST /v1/chat/completions HTTP/1.1" 200 -
2026-09-17 11:58:31,789 INFO "POST /v1/chat/completions HTTP/1.1" 200 -
2026-09-17 11:58:32,331 INFO "POST /v1/chat/completions HTTP/1.1" 200 -
2026-09-17 11:58:32,879 INFO "POST /v1/chat/completions HTTP/1.1" 200 -
2026-09-17 11:58:33,425 INFO "POST /v1/chat/completions HTTP/1.1" 200 -
2026-09-17 11:58:33,974 INFO "POST /v1/chat/completions HTTP/1.1" 200 -
2026-09-17 11:58:34,521 INFO "POST /v1/chat/completions HTTP/1.1" 200 -
2026-09-17 11:58:35,077 INFO "POST /v1/chat/completions HTTP/1.1" 200 -
2026-09-17 11:58:38,007 INFO "POST /v1/chat/completions HTTP/1.1" 200 -
2026-09-17 11:58:38,007 INFO "POST /v1/chat/completions HTTP/1.1" 200 -
2026-09-17 11:58:38,068 INFO "POST /v1/chat/completions HTTP/1.1" 200 -
2026-09-17 11:58:38,068 INFO "POST /v1/chat/completions HTTP/1.1" 200 -
2026-09-17 11:58:38,121 INFO "POST /v1/chat/completions HTTP/1.1" 200 -
2026-09-17 11:58:38,121 INFO "POST /v1/chat/completions HTTP/1.1" 200 -
2026-09-17 11:58:38,170 INFO "POST /v1/chat/completions HTTP/1.1" 200 -
2026-09-17 11:58:38,170 INFO "POST /v1/chat/completions HTTP/1.1" 200 -
2026-09-17 11:58:38,214 INFO "POST /v1/chat/completions HTTP/1.1" 200 -
2026-09-17 11:58:38,214 INFO "POST /v1/chat/completions HTTP/1.1" 200 -
2026-09-17 11:58:38,251 INFO "POST /v1/chat/completions HTTP/1.1" 200 -
2026-09-17 11:58:38,251 INFO "POST /v1/chat/completions HTTP/1.1" 200 -
2026-09-17 11:58:38,286 INFO "POST /v1/chat/completions HTTP/1.1" 200 -
2026-09-17 11:58:38,286 INFO "POST /v1/chat/completions HTTP/1.1" 200 -
2026-09-17 11:58:38,312 INFO "POST /v1/chat/completions HTTP/1.1" 200 -
2026-09-17 11:58:38,316 INFO "POST /v1/chat/completions HTTP/1.1" 200 -
2026-09-17 11:58:38,339 INFO "POST /v1/chat/completions HTTP/1.1" 200 -
2026-09-17 11:58:38,343 INFO "POST /v1/chat/completions HTTP/1.1" 200 -
2026-09-17 11:58:38,362 INFO "POST /v1/chat/completions HTTP/1.1" 200 -
2026-09-17 11:58:38,362 INFO "POST /v1/chat/completions HTTP/1.1" 200 -
2026-09-17 11:58:38,364 INFO "GET /v1/status HTTP/1.1" 200 -
2026-09-17 11:58:38,420 INFO "GET /v1/status HTTP/1.1" 200 -
2026-09-17 11:58:38,473 INFO "GET /v1/status HTTP/1.1" 200 -
2026-09-17 11:58:38,531 INFO "GET /v1/status HTTP/1.1" 200 -
2026-09-17 11:58:38,585 INFO "GET /v1/status HTTP/1.1" 200 -
2026-09-17 11:58:38,641 INFO "GET /v1/status HTTP/1.1" 200 -
2026-09-17 11:58:38,700 INFO "GET /v1/status HTTP/1.1" 200 -
2026-09-17 11:58:38,759 INFO "GET /v1/status HTTP/1.1" 200 -
2026-09-17 11:58:38,814 INFO "GET /v1/status HTTP/1.1" 200 -
2026-09-17 11:58:38,873 INFO "GET /v1/status HTTP/1.1" 200 -
2026-09-17 11:58:38,929 INFO "GET /v1/status HTTP/1.1" 200 -
2026-09-17 11:58:38,987 INFO "GET /v1/status HTTP/1.1" 200 -
2026-09-17 11:58:39,046 INFO "GET /v1/status HTTP/1.1" 200 -
2026-09-17 11:58:39,104 INFO "GET /v1/status HTTP/1.1" 200 -
2026-09-17 11:58:39,289 INFO "GET /v1/status HTTP/1.1" 200 -
2026-09-17 11:58:39,322 INFO "GET /v1/status HTTP/1.1" 200 -
2026-09-17 11:58:39,887 INFO "POST /v1/chat/completions HTTP/1.1" 200 -
2026-09-17 11:58:40,456 INFO "POST /v1/chat/completions HTTP/1.1" 200 -
2026-09-17 11:58:40,999 INFO "POST /v1/chat/completions HTTP/1.1" 200 -
2026-09-17 11:58:41,537 INFO "POST /v1/chat/completions HTTP/1.1" 200 -
2026-09-17 11:58:42,078 INFO "POST /v1/chat/completions HTTP/1.1" 200 -
2026-09-17 11:58:42,616 INFO "POST /v1/chat/completions HTTP/1.1" 200 -
2026-09-17 11:58:43,183 INFO "POST /v1/chat/completions HTTP/1.1" 200 -
2026-09-17 11:58:43,717 INFO "POST /v1/chat/completions HTTP/1.1" 200 -
2026-09-17 11:58:44,259 INFO "POST /v1/chat/completions HTTP/1.1" 200 -
2026-09-17 11:58:44,797 INFO "POST /v1/chat/completions HTTP/1.1" 200 -
2026-09-17 11:58:45,343 INFO "POST /v1/chat/completions HTTP/1.1" 200 -
2026-09-17 11:58:45,878 INFO "POST /v1/chat/completions HTTP/1.1" 200 -
2026-09-17 11:58:46,421 INFO "POST /v1/chat/completions HTTP/1.1" 200 -
2026-09-17 11:58:46,956 INFO "POST /v1/chat/completions HTTP/1.1" 200 -
2026-09-17 11:58:47,500 INFO "POST /v1/chat/completions HTTP/1.1" 200 -
2026-09-17 11:58:48,040 INFO "POST /v1/chat/completions HTTP/1.1" 200 -
2026-09-17 11:58:48,588 INFO "POST /v1/chat/completions HTTP/1.1" 200 -
2026-09-17 11:58:49,131 INFO "POST /v1/chat/completions HTTP/1.1" 200 -
2026-09-17 11:58:49,679 INFO "POST /v1/chat/completions HTTP/1.1" 200 -
2026-09-17 11:58:50,226 INFO "POST /v1/chat/completions HTTP/1.1" 200 -
2026-09-17 11:58:53,162 INFO "POST /v1/chat/completions HTTP/1.1" 200 -
2026-09-17 11:58:53,165 INFO "POST /v1/chat/completions HTTP/1.1" 200 -
2026-09-17 11:58:53,221 INFO "POST /v1/chat/completions HTTP/1.1" 200 -
2026-09-17 11:58:53,225 INFO "POST /v1/chat/completions HTTP/1.1" 200 -
2026-09-17 11:58:53,274 INFO "POST /v1/chat/completions HTTP/1.1" 200 -
2026-09-17 11:58:53,279 INFO "POST /v1/chat/completions HTTP/1.1" 200 -
2026-09-17 11:58:53,328 INFO "POST /v1/chat/completions HTTP/1.1" 200 -
2026-09-17 11:58:53,328 INFO "POST /v1/chat/completions HTTP/1.1" 200 -
2026-09-17 11:58:53,374 INFO "POST /v1/chat/completions HTTP/1.1" 200 -
2026-09-17 11:58:53,374 INFO "POST /v1/chat/completions HTTP/1.1" 200 -
2026-09-17 11:58:53,413 INFO "POST /v1/chat/completions HTTP/1.1" 200 -
2026-09-17 11:58:53,413 INFO "POST /v1/chat/completions HTTP/1.1" 200 -
2026-09-17 11:58:53,448 INFO "POST /v1/chat/completions HTTP/1.1" 200 -
2026-09-17 11:58:53,448 INFO "POST /v1/chat/completions HTTP/1.1" 200 -
2026-09-17 11:58:53,479 INFO "POST /v1/chat/completions HTTP/1.1" 200 -
2026-09-17 11:58:53,479 INFO "POST /v1/chat/completions HTTP/1.1" 200 -
2026-09-17 11:58:53,506 INFO "POST /v1/chat/completions HTTP/1.1" 200 -
2026-09-17 11:58:53,506 INFO "POST /v1/chat/completions HTTP/1.1" 200 -
2026-09-17 11:58:53,524 INFO "POST /v1/chat/completions HTTP/1.1" 200 -
2026-09-17 11:58:53,526 INFO "POST /v1/chat/completions HTTP/1.1" 200 -
2026-09-17 11:58:53,527 INFO "GET /v1/status HTTP/1.1" 200 -
2026-09-17 11:58:53,584 INFO "GET /v1/status HTTP/1.1" 200 -
2026-09-17 11:58:53,641 INFO "GET /v1/status HTTP/1.1" 200 -
2026-09-17 11:58:53,699 INFO "GET /v1/status HTTP/1.1" 200 -
2026-09-17 11:58:53,757 INFO "GET /v1/status HTTP/1.1" 200 -
2026-09-17 11:58:53,812 INFO "GET /v1/status HTTP/1.1" 200 -
2026-09-17 11:58:53,868 INFO "GET /v1/status HTTP/1.1" 200 -
2026-09-17 11:58:53,926 INFO "GET /v1/status HTTP/1.1" 200 -
2026-09-17 11:58:53,982 INFO "GET /v1/status HTTP/1.1" 200 -
2026-09-17 11:58:54,040 INFO "GET /v1/status HTTP/1.1" 200 -
2026-09-17 11:58:54,100 INFO "GET /v1/status HTTP/1.1" 200 -
2026-09-17 11:58:54,158 INFO "GET /v1/status HTTP/1.1" 200 -
2026-09-17 11:58:54,216 INFO "GET /v1/status HTTP/1.1" 200 -
2026-09-17 11:58:54,411 INFO "GET /v1/status HTTP/1.1" 200 -
2026-09-17 11:58:54,444 INFO "GET /v1/status HTTP/1.1" 200 -
2026-09-17 11:58:55,012 INFO "POST /v1/chat/completions HTTP/1.1" 200 -
2026-09-17 11:58:55,574 INFO "POST /v1/chat/completions HTTP/1.1" 200 -
2026-09-17 11:58:56,120 INFO "POST /v1/chat/completions HTTP/1.1" 200 -
2026-09-17 11:58:56,658 INFO "POST /v1/chat/completions HTTP/1.1" 200 -
2026-09-17 11:58:57,194 INFO "POST /v1/chat/completions HTTP/1.1" 200 -
2026-09-17 11:58:57,731 INFO "POST /v1/chat/completions HTTP/1.1" 200 -
2026-09-17 11:58:58,264 INFO "POST /v1/chat/completions HTTP/1.1" 200 -
2026-09-17 11:58:58,800 INFO "POST /v1/chat/completions HTTP/1.1" 200 -
2026-09-17 11:58:59,336 INFO "POST /v1/chat/completions HTTP/1.1" 200 -
2026-09-17 11:58:59,878 INFO "POST /v1/chat/completions HTTP/1.1" 200 -
2026-09-17 11:59:00,418 INFO "POST /v1/chat/completions HTTP/1.1" 200 -
2026-09-17 11:59:00,959 INFO "POST /v1/chat/completions HTTP/1.1" 200 -
2026-09-17 11:59:01,495 INFO "POST /v1/chat/completions HTTP/1.1" 200 -
2026-09-17 11:59:02,040 INFO "POST /v1/chat/completions HTTP/1.1" 200 -
2026-09-17 11:59:02,578 INFO "POST /v1/chat/completions HTTP/1.1" 200 -
2026-09-17 11:59:03,120 INFO "POST /v1/chat/completions HTTP/1.1" 200 -
2026-09-17 11:59:03,664 INFO "POST /v1/chat/completions HTTP/1.1" 200 -
2026-09-17 11:59:04,219 INFO "POST /v1/chat/completions HTTP/1.1" 200 -
2026-09-17 11:59:04,768 INFO "POST /v1/chat/completions HTTP/1.1" 200 -
2026-09-17 11:59:05,331 INFO "POST /v1/chat/completions HTTP/1.1" 200 -
2026-09-17 11:59:08,288 INFO "POST /v1/chat/completions HTTP/1.1" 200 -
2026-09-17 11:59:08,288 INFO "POST /v1/chat/completions HTTP/1.1" 200 -
2026-09-17 11:59:08,346 INFO "POST /v1/chat/completions HTTP/1.1" 200 -
2026-09-17 11:59:08,346 INFO "POST /v1/chat/completions HTTP/1.1" 200 -
2026-09-17 11:59:08,397 INFO "POST /v1/chat/completions HTTP/1.1" 200 -
2026-09-17 11:59:08,397 INFO "POST /v1/chat/completions HTTP/1.1" 200 -
2026-09-17 11:59:08,442 INFO "POST /v1/chat/completions HTTP/1.1" 200 -
2026-09-17 11:59:08,446 INFO "POST /v1/chat/completions HTTP/1.1" 200 -
2026-09-17 11:59:08,489 INFO "POST /v1/chat/completions HTTP/1.1" 200 -
2026-09-17 11:59:08,489 INFO "POST /v1/chat/completions HTTP/1.1" 200 -
2026-09-17 11:59:08,527 INFO "POST /v1/chat/completions HTTP/1.1" 200 -
2026-09-17 11:59:08,527 INFO "POST /v1/chat/completions HTTP/1.1" 200 -
2026-09-17 11:59:08,556 INFO "POST /v1/chat/completions HTTP/1.1" 200 -
2026-09-17 11:59:08,560 INFO "POST /v1/chat/completions HTTP/1.1" 200 -
2026-09-17 11:59:08,590 INFO "POST /v1/chat/completions HTTP/1.1" 200 -
2026-09-17 11:59:08,590 INFO "POST /v1/chat/completions HTTP/1.1" 200 -
2026-09-17 11:59:08,616 INFO "POST /v1/chat/completions HTTP/1.1" 200 -
2026-09-17 11:59:08,616 INFO "POST /v1/chat/completions HTTP/1.1" 200 -
2026-09-17 11:59:08,635 INFO "POST /v1/chat/completions HTTP/1.1" 200 -
2026-09-17 11:59:08,635 INFO "POST /v1/chat/completions HTTP/1.1" 200 -
2026-09-17 11:59:08,636 INFO "GET /v1/status HTTP/1.1" 200 -
2026-09-17 11:59:08,693 INFO "GET /v1/status HTTP/1.1" 200 -
2026-09-17 11:59:08,750 INFO "GET /v1/status HTTP/1.1" 200 -
2026-09-17 11:59:08,806 INFO "GET /v1/status HTTP/1.1" 200 -
2026-09-17 11:59:08,861 INFO "GET /v1/status HTTP/1.1" 200 -
2026-09-17 11:59:08,917 INFO "GET /v1/status HTTP/1.1" 200 -
2026-09-17 11:59:08,977 INFO "GET /v1/status HTTP/1.1" 200 -
2026-09-17 11:59:09,036 INFO "GET /v1/status HTTP/1.1" 200 -
2026-09-17 11:59:09,095 INFO "GET /v1/status HTTP/1.1" 200 -
2026-09-17 11:59:09,150 INFO "GET /v1/status HTTP/1.1" 200 -
2026-09-17 11:59:09,209 INFO "GET /v1/status HTTP/1.1" 200 -
2026-09-17 11:59:09,268 INFO "GET /v1/status HTTP/1.1" 200 -
2026-09-17 11:59:09,325 INFO "GET /v1/status HTTP/1.1" 200 -
2026-09-17 11:59:09,382 INFO "GET /v1/status HTTP/1.1" 200 -
2026-09-17 11:59:09,581 INFO "GET /v1/status HTTP/1.1" 200 -
2026-09-17 11:59:09,613 INFO "GET /v1/status HTTP/1.1" 200 -
2026-09-17 11:59:10,175 INFO "POST /v1/chat/completions HTTP/1.1" 200 -
2026-09-17 11:59:10,725 INFO "POST /v1/chat/completions HTTP/1.1" 200 -
2026-09-17 11:59:11,266 INFO "POST /v1/chat/completions HTTP/1.1" 200 -
2026-09-17 11:59:11,809 INFO "POST /v1/chat/completions HTTP/1.1" 200 -
2026-09-17 11:59:12,377 INFO "POST /v1/chat/completions HTTP/1.1" 200 -
2026-09-17 11:59:12,918 INFO "POST /v1/chat/completions HTTP/1.1" 200 -
2026-09-17 11:59:13,454 INFO "POST /v1/chat/completions HTTP/1.1" 200 -
2026-09-17 11:59:13,992 INFO "POST /v1/chat/completions HTTP/1.1" 200 -
2026-09-17 11:59:14,530 INFO "POST /v1/chat/completions HTTP/1.1" 200 -
2026-09-17 11:59:15,069 INFO "POST /v1/chat/completions HTTP/1.1" 200 -
2026-09-17 11:59:15,607 INFO "POST /v1/chat/completions HTTP/1.1" 200 -
2026-09-17 11:59:16,147 INFO "POST /v1/chat/completions HTTP/1.1" 200 -
2026-09-17 11:59:16,691 INFO "POST /v1/chat/completions HTTP/1.1" 200 -
2026-09-17 11:59:17,230 INFO "POST /v1/chat/completions HTTP/1.1" 200 -
2026-09-17 11:59:17,770 INFO "POST /v1/chat/completions HTTP/1.1" 200 -
2026-09-17 11:59:18,310 INFO "POST /v1/chat/completions HTTP/1.1" 200 -
2026-09-17 11:59:18,854 INFO "POST /v1/chat/completions HTTP/1.1" 200 -
2026-09-17 11:59:19,400 INFO "POST /v1/chat/completions HTTP/1.1" 200 -
2026-09-17 11:59:19,951 INFO "POST /v1/chat/completions HTTP/1.1" 200 -
2026-09-17 11:59:20,566 INFO "POST /v1/chat/completions HTTP/1.1" 200 -
2026-09-17 11:59:23,551 INFO "POST /v1/chat/completions HTTP/1.1" 200 -
2026-09-17 11:59:23,551 INFO "POST /v1/chat/completions HTTP/1.1" 200 -
2026-09-17 11:59:23,609 INFO "POST /v1/chat/completions HTTP/1.1" 200 -
2026-09-17 11:59:23,609 INFO "POST /v1/chat/completions HTTP/1.1" 200 -
2026-09-17 11:59:23,658 INFO "POST /v1/chat/completions HTTP/1.1" 200 -
2026-09-17 11:59:23,663 INFO "POST /v1/chat/completions HTTP/1.1" 200 -
2026-09-17 11:59:23,709 INFO "POST /v1/chat/completions HTTP/1.1" 200 -
2026-09-17 11:59:23,713 INFO "POST /v1/chat/completions HTTP/1.1" 200 -
2026-09-17 11:59:23,758 INFO "POST /v1/chat/completions HTTP/1.1" 200 -
2026-09-17 11:59:23,758 INFO "POST /v1/chat/completions HTTP/1.1" 200 -
2026-09-17 11:59:23,797 INFO "POST /v1/chat/completions HTTP/1.1" 200 -
2026-09-17 11:59:23,797 INFO "POST /v1/chat/completions HTTP/1.1" 200 -
2026-09-17 11:59:23,832 INFO "POST /v1/chat/completions HTTP/1.1" 200 -
2026-09-17 11:59:23,832 INFO "POST /v1/chat/completions HTTP/1.1" 200 -
2026-09-17 11:59:23,859 INFO "POST /v1/chat/completions HTTP/1.1" 200 -
2026-09-17 11:59:23,862 INFO "POST /v1/chat/completions HTTP/1.1" 200 -
2026-09-17 11:59:23,889 INFO "POST /v1/chat/completions HTTP/1.1" 200 -
2026-09-17 11:59:23,889 INFO "POST /v1/chat/completions HTTP/1.1" 200 -
2026-09-17 11:59:23,907 INFO "POST /v1/chat/completions HTTP/1.1" 200 -
2026-09-17 11:59:23,909 INFO "POST /v1/chat/completions HTTP/1.1" 200 -
2026-09-17 11:59:23,910 INFO "GET /v1/status HTTP/1.1" 200 -
2026-09-17 11:59:23,967 INFO "GET /v1/status HTTP/1.1" 200 -
2026-09-17 11:59:24,024 INFO "GET /v1/status HTTP/1.1" 200 -
2026-09-17 11:59:24,081 INFO "GET /v1/status HTTP/1.1" 200 -
2026-09-17 11:59:24,140 INFO "GET /v1/status HTTP/1.1" 200 -
2026-09-17 11:59:24,199 INFO "GET /v1/status HTTP/1.1" 200 -
2026-09-17 11:59:24,257 INFO "GET /v1/status HTTP/1.1" 200 -
2026-09-17 11:59:24,316 INFO "GET /v1/status HTTP/1.1" 200 -
2026-09-17 11:59:24,373 INFO "GET /v1/status HTTP/1.1" 200 -
2026-09-17 11:59:24,429 INFO "GET /v1/status HTTP/1.1" 200 -
2026-09-17 11:59:24,483 INFO "GET /v1/status HTTP/1.1" 200 -
2026-09-17 11:59:24,542 INFO "GET /v1/status HTTP/1.1" 200 -
2026-09-17 11:59:24,747 INFO "GET /v1/status HTTP/1.1" 200 -
2026-09-17 11:59:24,778 INFO "GET /v1/status HTTP/1.1" 200 -
2026-09-17 11:59:25,361 INFO "POST /v1/chat/completions HTTP/1.1" 200 -
2026-09-17 11:59:25,901 INFO "POST /v1/chat/completions HTTP/1.1" 200 -
2026-09-17 11:59:26,452 INFO "POST /v1/chat/completions HTTP/1.1" 200 -
2026-09-17 11:59:26,990 INFO "POST /v1/chat/completions HTTP/1.1" 200 -
2026-09-17 11:59:27,535 INFO "POST /v1/chat/completions HTTP/1.1" 200 -
2026-09-17 11:59:28,077 INFO "POST /v1/chat/completions HTTP/1.1" 200 -
2026-09-17 11:59:28,648 INFO "POST /v1/chat/completions HTTP/1.1" 200 -
2026-09-17 11:59:29,182 INFO "POST /v1/chat/completions HTTP/1.1" 200 -
2026-09-17 11:59:29,721 INFO "POST /v1/chat/completions HTTP/1.1" 200 -
2026-09-17 11:59:30,257 INFO "POST /v1/chat/completions HTTP/1.1" 200 -
2026-09-17 11:59:30,806 INFO "POST /v1/chat/completions HTTP/1.1" 200 -
2026-09-17 11:59:31,343 INFO "POST /v1/chat/completions HTTP/1.1" 200 -
2026-09-17 11:59:31,886 INFO "POST /v1/chat/completions HTTP/1.1" 200 -
2026-09-17 11:59:32,427 INFO "POST /v1/chat/completions HTTP/1.1" 200 -
2026-09-17 11:59:32,974 INFO "POST /v1/chat/completions HTTP/1.1" 200 -
2026-09-17 11:59:33,514 INFO "POST /v1/chat/completions HTTP/1.1" 200 -
2026-09-17 11:59:34,060 INFO "POST /v1/chat/completions HTTP/1.1" 200 -
2026-09-17 11:59:34,623 INFO "POST /v1/chat/completions HTTP/1.1" 200 -
2026-09-17 11:59:35,172 INFO "POST /v1/chat/completions HTTP/1.1" 200 -
2026-09-17 11:59:35,721 INFO "POST /v1/chat/completions HTTP/1.1" 200 -
2026-09-17 11:59:38,682 INFO "POST /v1/chat/completions HTTP/1.1" 200 -
2026-09-17 11:59:38,682 INFO "POST /v1/chat/completions HTTP/1.1" 200 -
2026-09-17 11:59:38,736 INFO "POST /v1/chat/completions HTTP/1.1" 200 -
2026-09-17 11:59:38,741 INFO "POST /v1/chat/completions HTTP/1.1" 200 -
2026-09-17 11:59:38,794 INFO "POST /v1/chat/completions HTTP/1.1" 200 -
2026-09-17 11:59:38,794 INFO "POST /v1/chat/completions HTTP/1.1" 200 -
2026-09-17 11:59:38,844 INFO "POST /v1/chat/completions HTTP/1.1" 200 -
2026-09-17 11:59:38,844 INFO "POST /v1/chat/completions HTTP/1.1" 200 -
2026-09-17 11:59:38,885 INFO "POST /v1/chat/completions HTTP/1.1" 200 -
2026-09-17 11:59:38,889 INFO "POST /v1/chat/completions HTTP/1.1" 200 -
2026-09-17 11:59:38,928 INFO "POST /v1/chat/completions HTTP/1.1" 200 -
2026-09-17 11:59:38,928 INFO "POST /v1/chat/completions HTTP/1.1" 200 -
2026-09-17 11:59:38,962 INFO "POST /v1/chat/completions HTTP/1.1" 200 -
2026-09-17 11:59:38,962 INFO "POST /v1/chat/completions HTTP/1.1" 200 -
2026-09-17 11:59:38,993 INFO "POST /v1/chat/completions HTTP/1.1" 200 -
2026-09-17 11:59:38,993 INFO "POST /v1/chat/completions HTTP/1.1" 200 -
2026-09-17 11:59:39,019 INFO "POST /v1/chat/completions HTTP/1.1" 200 -
2026-09-17 11:59:39,019 INFO "POST /v1/chat/completions HTTP/1.1" 200 -
2026-09-17 11:59:39,038 INFO "POST /v1/chat/completions HTTP/1.1" 200 -
2026-09-17 11:59:39,038 INFO "POST /v1/chat/completions HTTP/1.1" 200 -
2026-09-17 11:59:39,039 INFO "GET /v1/status HTTP/1.1" 200 -
2026-09-17 11:59:39,096 INFO "GET /v1/status HTTP/1.1" 200 -
2026-09-17 11:59:39,149 INFO "GET /v1/status HTTP/1.1" 200 -
2026-09-17 11:59:39,207 INFO "GET /v1/status HTTP/1.1" 200 -
2026-09-17 11:59:39,265 INFO "GET /v1/status HTTP/1.1" 200 -
2026-09-17 11:59:39,325 INFO "GET /v1/status HTTP/1.1" 200 -
2026-09-17 11:59:39,380 INFO "GET /v1/status HTTP/1.1" 200 -
2026-09-17 11:59:39,434 INFO "GET /v1/status HTTP/1.1" 200 -
2026-09-17 11:59:39,489 INFO "GET /v1/status HTTP/1.1" 200 -
2026-09-17 11:59:39,548 INFO "GET /v1/status HTTP/1.1" 200 -
2026-09-17 11:59:39,603 INFO "GET /v1/status HTTP/1.1" 200 -
2026-09-17 11:59:39,663 INFO "GET /v1/status HTTP/1.1" 200 -
2026-09-17 11:59:39,875 INFO "GET /v1/status HTTP/1.1" 200 -
2026-09-17 11:59:39,908 INFO "GET /v1/status HTTP/1.1" 200 -
2026-09-17 11:59:40,478 INFO "POST /v1/chat/completions HTTP/1.1" 200 -
2026-09-17 11:59:41,053 INFO "POST /v1/chat/completions HTTP/1.1" 200 -
2026-09-17 11:59:41,591 INFO "POST /v1/chat/completions HTTP/1.1" 200 -
2026-09-17 11:59:42,128 INFO "POST /v1/chat/completions HTTP/1.1" 200 -
2026-09-17 11:59:42,663 INFO "POST /v1/chat/completions HTTP/1.1" 200 -
2026-09-17 11:59:43,204 INFO "POST /v1/chat/completions HTTP/1.1" 200 -
2026-09-17 11:59:43,744 INFO "POST /v1/chat/completions HTTP/1.1" 200 -
2026-09-17 11:59:44,288 INFO "POST /v1/chat/completions HTTP/1.1" 200 -
2026-09-17 11:59:44,828 INFO "POST /v1/chat/completions HTTP/1.1" 200 -
2026-09-17 11:59:45,372 INFO "POST /v1/chat/completions HTTP/1.1" 200 -
2026-09-17 11:59:45,911 INFO "POST /v1/chat/completions HTTP/1.1" 200 -
2026-09-17 11:59:46,470 INFO "POST /v1/chat/completions HTTP/1.1" 200 -
2026-09-17 11:59:47,008 INFO "POST /v1/chat/completions HTTP/1.1" 200 -
2026-09-17 11:59:47,549 INFO "POST /v1/chat/completions HTTP/1.1" 200 -
2026-09-17 11:59:48,090 INFO "POST /v1/chat/completions HTTP/1.1" 200 -
2026-09-17 11:59:48,637 INFO "POST /v1/chat/completions HTTP/1.1" 200 -
2026-09-17 11:59:49,179 INFO "POST /v1/chat/completions HTTP/1.1" 200 -
2026-09-17 11:59:49,737 INFO "POST /v1/chat/completions HTTP/1.1" 200 -
2026-09-17 11:59:50,280 INFO "POST /v1/chat/completions HTTP/1.1" 200 -
2026-09-17 11:59:50,830 INFO "POST /v1/chat/completions HTTP/1.1" 200 -
2026-09-17 11:59:53,723 INFO "POST /v1/chat/completions HTTP/1.1" 200 -
2026-09-17 11:59:53,726 INFO "POST /v1/chat/completions HTTP/1.1" 200 -
2026-09-17 11:59:53,787 INFO "POST /v1/chat/completions HTTP/1.1" 200 -
2026-09-17 11:59:53,787 INFO "POST /v1/chat/completions HTTP/1.1" 200 -
2026-09-17 11:59:53,840 INFO "POST /v1/chat/completions HTTP/1.1" 200 -
2026-09-17 11:59:53,840 INFO "POST /v1/chat/completions HTTP/1.1" 200 -
2026-09-17 11:59:53,888 INFO "POST /v1/chat/completions HTTP/1.1" 200 -
2026-09-17 11:59:53,888 INFO "POST /v1/chat/completions HTTP/1.1" 200 -
2026-09-17 11:59:53,931 INFO "POST /v1/chat/completions HTTP/1.1" 200 -
2026-09-17 11:59:53,931 INFO "POST /v1/chat/completions HTTP/1.1" 200 -
2026-09-17 11:59:53,971 INFO "POST /v1/chat/completions HTTP/1.1" 200 -
2026-09-17 11:59:53,971 INFO "POST /v1/chat/completions HTTP/1.1" 200 -
2026-09-17 11:59:54,006 INFO "POST /v1/chat/completions HTTP/1.1" 200 -
2026-09-17 11:59:54,006 INFO "POST /v1/chat/completions HTTP/1.1" 200 -
2026-09-17 11:59:54,037 INFO "POST /v1/chat/completions HTTP/1.1" 200 -
2026-09-17 11:59:54,037 INFO "POST /v1/chat/completions HTTP/1.1" 200 -
2026-09-17 11:59:54,060 INFO "POST /v1/chat/completions HTTP/1.1" 200 -
2026-09-17 11:59:54,063 INFO "POST /v1/chat/completions HTTP/1.1" 200 -
2026-09-17 11:59:54,082 INFO "POST /v1/chat/completions HTTP/1.1" 200 -
2026-09-17 11:59:54,083 INFO "POST /v1/chat/completions HTTP/1.1" 200 -
2026-09-17 11:59:54,084 INFO "GET /v1/status HTTP/1.1" 200 -
2026-09-17 11:59:54,139 INFO "GET /v1/status HTTP/1.1" 200 -
2026-09-17 11:59:54,193 INFO "GET /v1/status HTTP/1.1" 200 -
2026-09-17 11:59:54,249 INFO "GET /v1/status HTTP/1.1" 200 -
2026-09-17 11:59:54,307 INFO "GET /v1/status HTTP/1.1" 200 -
2026-09-17 11:59:54,362 INFO "GET /v1/status HTTP/1.1" 200 -
2026-09-17 11:59:54,420 INFO "GET /v1/status HTTP/1.1" 200 -
2026-09-17 11:59:54,478 INFO "GET /v1/status HTTP/1.1" 200 -
2026-09-17 11:59:54,534 INFO "GET /v1/status HTTP/1.1" 200 -
2026-09-17 11:59:54,591 INFO "GET /v1/status HTTP/1.1" 200 -
2026-09-17 11:59:54,650 INFO "GET /v1/status HTTP/1.1" 200 -
2026-09-17 11:59:54,709 INFO "GET /v1/status HTTP/1.1" 200 -
2026-09-17 11:59:54,767 INFO "GET /v1/status HTTP/1.1" 200 -
2026-09-17 11:59:54,826 INFO "GET /v1/status HTTP/1.1" 200 -
2026-09-17 11:59:55,041 INFO "GET /v1/status HTTP/1.1" 200 -
2026-09-17 11:59:55,074 INFO "GET /v1/status HTTP/1.1" 200 -
2026-09-17 11:59:55,634 INFO "POST /v1/chat/completions HTTP/1.1" 200 -
2026-09-17 11:59:56,180 INFO "POST /v1/chat/completions HTTP/1.1" 200 -
2026-09-17 11:59:56,728 INFO "POST /v1/chat/completions HTTP/1.1" 200 -
2026-09-17 11:59:57,271 INFO "POST /v1/chat/completions HTTP/1.1" 200 -
2026-09-17 11:59:57,840 INFO "POST /v1/chat/completions HTTP/1.1" 200 -
2026-09-17 11:59:58,396 INFO "POST /v1/chat/completions HTTP/1.1" 200 -
2026-09-17 11:59:58,932 INFO "POST /v1/chat/completions HTTP/1.1" 200 -
2026-09-17 11:59:59,472 INFO "POST /v1/chat/completions HTTP/1.1" 200 -
2026-09-17 12:00:00,012 INFO "POST /v1/chat/completions HTTP/1.1" 200 -
2026-09-17 12:00:00,555 INFO "POST /v1/chat/completions HTTP/1.1" 200 -
2026-09-17 12:00:01,097 INFO "POST /v1/chat/completions HTTP/1.1" 200 -
2026-09-17 12:00:01,659 INFO "POST /v1/chat/completions HTTP/1.1" 200 -
2026-09-17 12:00:02,223 INFO "POST /v1/chat/completions HTTP/1.1" 200 -
2026-09-17 12:00:02,779 INFO "POST /v1/chat/completions HTTP/1.1" 200 -
2026-09-17 12:00:03,324 INFO "POST /v1/chat/completions HTTP/1.1" 200 -
2026-09-17 12:00:03,871 INFO "POST /v1/chat/completions HTTP/1.1" 200 -
2026-09-17 12:00:04,420 INFO "POST /v1/chat/completions HTTP/1.1" 200 -
2026-09-17 12:00:04,965 INFO "POST /v1/chat/completions HTTP/1.1" 200 -
2026-09-17 12:00:05,510 INFO "POST /v1/chat/completions HTTP/1.1" 200 -
2026-09-17 12:00:06,057 INFO "POST /v1/chat/completions HTTP/1.1" 200 -
2026-09-17 12:00:08,977 INFO "POST /v1/chat/completions HTTP/1.1" 200 -
2026-09-17 12:00:08,977 INFO "POST /v1/chat/completions HTTP/1.1" 200 -
2026-09-17 12:00:09,033 INFO "POST /v1/chat/completions HTTP/1.1" 200 -
2026-09-17 12:00:09,033 INFO "POST /v1/chat/completions HTTP/1.1" 200 -
2026-09-17 12:00:09,085 INFO "POST /v1/chat/completions HTTP/1.1" 200 -
2026-09-17 12:00:09,085 INFO "POST /v1/chat/completions HTTP/1.1" 200 -
2026-09-17 12:00:09,129 INFO "POST /v1/chat/completions HTTP/1.1" 200 -
2026-09-17 12:00:09,132 INFO "POST /v1/chat/completions HTTP/1.1" 200 -
2026-09-17 12:00:09,175 INFO "POST /v1/chat/completions HTTP/1.1" 200 -
2026-09-17 12:00:09,176 INFO "POST /v1/chat/completions HTTP/1.1" 200 -
2026-09-17 12:00:09,213 INFO "POST /v1/chat/completions HTTP/1.1" 200 -
2026-09-17 12:00:09,213 INFO "POST /v1/chat/completions HTTP/1.1" 200 -
2026-09-17 12:00:09,264 INFO "POST /v1/chat/completions HTTP/1.1" 200 -
2026-09-17 12:00:09,268 INFO "POST /v1/chat/completions HTTP/1.1" 200 -
2026-09-17 12:00:09,297 INFO "POST /v1/chat/completions HTTP/1.1" 200 -
2026-09-17 12:00:09,297 INFO "POST /v1/chat/completions HTTP/1.1" 200 -
2026-09-17 12:00:09,324 INFO "POST /v1/chat/completions HTTP/1.1" 200 -
2026-09-17 12:00:09,324 INFO "POST /v1/chat/completions HTTP/1.1" 200 -
2026-09-17 12:00:09,343 INFO "POST /v1/chat/completions HTTP/1.1" 200 -
2026-09-17 12:00:09,343 INFO "POST /v1/chat/completions HTTP/1.1" 200 -
2026-09-17 12:00:09,344 INFO "GET /v1/status HTTP/1.1" 200 -
2026-09-17 12:00:09,401 INFO "GET /v1/status HTTP/1.1" 200 -
2026-09-17 12:00:09,457 INFO "GET /v1/status HTTP/1.1" 200 -
2026-09-17 12:00:09,514 INFO "GET /v1/status HTTP/1.1" 200 -
2026-09-17 12:00:09,571 INFO "GET /v1/status HTTP/1.1" 200 -
2026-09-17 12:00:09,629 INFO "GET /v1/status HTTP/1.1" 200 -
2026-09-17 12:00:09,688 INFO "GET /v1/status HTTP/1.1" 200 -
2026-09-17 12:00:09,746 INFO "GET /v1/status HTTP/1.1" 200 -
2026-09-17 12:00:09,800 INFO "GET /v1/status HTTP/1.1" 200 -
2026-09-17 12:00:09,858 INFO "GET /v1/status HTTP/1.1" 200 -
2026-09-17 12:00:09,916 INFO "GET /v1/status HTTP/1.1" 200 -
2026-09-17 12:00:10,119 INFO "GET /v1/status HTTP/1.1" 200 -
2026-09-17 12:00:10,153 INFO "GET /v1/status HTTP/1.1" 200 -
2026-09-17 12:00:10,732 INFO "POST /v1/chat/completions HTTP/1.1" 200 -
2026-09-17 12:00:11,290 INFO "POST /v1/chat/completions HTTP/1.1" 200 -
2026-09-17 12:00:11,835 INFO "POST /v1/chat/completions HTTP/1.1" 200 -
2026-09-17 12:00:12,385 INFO "POST /v1/chat/completions HTTP/1.1" 200 -
2026-09-17 12:00:12,929 INFO "POST /v1/chat/completions HTTP/1.1" 200 -
2026-09-17 12:00:13,472 INFO "POST /v1/chat/completions HTTP/1.1" 200 -
2026-09-17 12:00:14,020 INFO "POST /v1/chat/completions HTTP/1.1" 200 -
2026-09-17 12:00:14,603 INFO "POST /v1/chat/completions HTTP/1.1" 200 -
2026-09-17 12:00:15,154 INFO "POST /v1/chat/completions HTTP/1.1" 200 -
2026-09-17 12:00:15,703 INFO "POST /v1/chat/completions HTTP/1.1" 200 -
2026-09-17 12:00:16,263 INFO "POST /v1/chat/completions HTTP/1.1" 200 -
2026-09-17 12:00:16,818 INFO "POST /v1/chat/completions HTTP/1.1" 200 -
2026-09-17 12:00:17,370 INFO "POST /v1/chat/completions HTTP/1.1" 200 -
2026-09-17 12:00:17,920 INFO "POST /v1/chat/completions HTTP/1.1" 200 -
2026-09-17 12:00:18,471 INFO "POST /v1/chat/completions HTTP/1.1" 200 -
2026-09-17 12:00:19,026 INFO "POST /v1/chat/completions HTTP/1.1" 200 -
2026-09-17 12:00:19,579 INFO "POST /v1/chat/completions HTTP/1.1" 200 -
2026-09-17 12:00:20,137 INFO "POST /v1/chat/completions HTTP/1.1" 200 -
2026-09-17 12:00:20,699 INFO "POST /v1/chat/completions HTTP/1.1" 200 -
2026-09-17 12:00:21,257 INFO "POST /v1/chat/completions HTTP/1.1" 200 -
2026-09-17 12:00:24,240 INFO "POST /v1/chat/completions HTTP/1.1" 200 -
2026-09-17 12:00:24,240 INFO "POST /v1/chat/completions HTTP/1.1" 200 -
2026-09-17 12:00:24,292 INFO "POST /v1/chat/completions HTTP/1.1" 200 -
2026-09-17 12:00:24,296 INFO "POST /v1/chat/completions HTTP/1.1" 200 -
2026-09-17 12:00:24,347 INFO "POST /v1/chat/completions HTTP/1.1" 200 -
2026-09-17 12:00:24,347 INFO "POST /v1/chat/completions HTTP/1.1" 200 -
2026-09-17 12:00:24,395 INFO "POST /v1/chat/completions HTTP/1.1" 200 -
2026-09-17 12:00:24,396 INFO "POST /v1/chat/completions HTTP/1.1" 200 -
2026-09-17 12:00:24,439 INFO "POST /v1/chat/completions HTTP/1.1" 200 -
2026-09-17 12:00:24,439 INFO "POST /v1/chat/completions HTTP/1.1" 200 -
2026-09-17 12:00:24,477 INFO "POST /v1/chat/completions HTTP/1.1" 200 -
2026-09-17 12:00:24,477 INFO "POST /v1/chat/completions HTTP/1.1" 200 -
2026-09-17 12:00:24,508 INFO "POST /v1/chat/completions HTTP/1.1" 200 -
2026-09-17 12:00:24,512 INFO "POST /v1/chat/completions HTTP/1.1" 200 -
2026-09-17 12:00:24,542 INFO "POST /v1/chat/completions HTTP/1.1" 200 -
2026-09-17 12:00:24,542 INFO "POST /v1/chat/completions HTTP/1.1" 200 -
2026-09-17 12:00:24,569 INFO "POST /v1/chat/completions HTTP/1.1" 200 -
2026-09-17 12:00:24,569 INFO "POST /v1/chat/completions HTTP/1.1" 200 -
2026-09-17 12:00:24,588 INFO "POST /v1/chat/completions HTTP/1.1" 200 -
2026-09-17 12:00:24,588 INFO "POST /v1/chat/completions HTTP/1.1" 200 -
2026-09-17 12:00:24,590 INFO "GET /v1/status HTTP/1.1" 200 -
2026-09-17 12:00:24,645 INFO "GET /v1/status HTTP/1.1" 200 -
2026-09-17 12:00:24,702 INFO "GET /v1/status HTTP/1.1" 200 -
2026-09-17 12:00:24,759 INFO "GET /v1/status HTTP/1.1" 200 -
2026-09-17 12:00:24,817 INFO "GET /v1/status HTTP/1.1" 200 -
2026-09-17 12:00:24,876 INFO "GET /v1/status HTTP/1.1" 200 -
2026-09-17 12:00:24,935 INFO "GET /v1/status HTTP/1.1" 200 -
2026-09-17 12:00:24,993 INFO "GET /v1/status HTTP/1.1" 200 -
2026-09-17 12:00:25,050 INFO "GET /v1/status HTTP/1.1" 200 -
2026-09-17 12:00:25,105 INFO "GET /v1/status HTTP/1.1" 200 -
2026-09-17 12:00:25,328 INFO "GET /v1/status HTTP/1.1" 200 -
2026-09-17 12:00:25,361 INFO "GET /v1/status HTTP/1.1" 200 -
2026-09-17 12:00:25,932 INFO "POST /v1/chat/completions HTTP/1.1" 200 -
2026-09-17 12:00:26,491 INFO "POST /v1/chat/completions HTTP/1.1" 200 -
2026-09-17 12:00:27,062 INFO "POST /v1/chat/completions HTTP/1.1" 200 -
2026-09-17 12:00:27,608 INFO "POST /v1/chat/completions HTTP/1.1" 200 -
2026-09-17 12:00:28,148 INFO "POST /v1/chat/completions HTTP/1.1" 200 -
2026-09-17 12:00:28,693 INFO "POST /v1/chat/completions HTTP/1.1" 200 -
2026-09-17 12:00:29,237 INFO "POST /v1/chat/completions HTTP/1.1" 200 -
2026-09-17 12:00:29,793 INFO "POST /v1/chat/completions HTTP/1.1" 200 -
2026-09-17 12:00:30,336 INFO "POST /v1/chat/completions HTTP/1.1" 200 -
2026-09-17 12:00:30,876 INFO "POST /v1/chat/completions HTTP/1.1" 200 -
2026-09-17 12:00:31,424 INFO "POST /v1/chat/completions HTTP/1.1" 200 -
2026-09-17 12:00:31,977 INFO "POST /v1/chat/completions HTTP/1.1" 200 -
2026-09-17 12:00:32,536 INFO "POST /v1/chat/completions HTTP/1.1" 200 -
2026-09-17 12:00:33,096 INFO "POST /v1/chat/completions HTTP/1.1" 200 -
2026-09-17 12:00:33,658 INFO "POST /v1/chat/completions HTTP/1.1" 200 -
2026-09-17 12:00:34,213 INFO "POST /v1/chat/completions HTTP/1.1" 200 -
2026-09-17 12:00:34,822 INFO "POST /v1/chat/completions HTTP/1.1" 200 -
2026-09-17 12:00:35,387 INFO "POST /v1/chat/completions HTTP/1.1" 200 -
2026-09-17 12:00:35,948 INFO "POST /v1/chat/completions HTTP/1.1" 200 -
2026-09-17 12:00:36,512 INFO "POST /v1/chat/completions HTTP/1.1" 200 -
2026-09-17 12:00:39,477 INFO "POST /v1/chat/completions HTTP/1.1" 200 -
2026-09-17 12:00:39,477 INFO "POST /v1/chat/completions HTTP/1.1" 200 -
2026-09-17 12:00:39,534 INFO "POST /v1/chat/completions HTTP/1.1" 200 -
2026-09-17 12:00:39,534 INFO "POST /v1/chat/completions HTTP/1.1" 200 -
2026-09-17 12:00:39,586 INFO "POST /v1/chat/completions HTTP/1.1" 200 -
2026-09-17 12:00:39,586 INFO "POST /v1/chat/completions HTTP/1.1" 200 -
2026-09-17 12:00:39,634 INFO "POST /v1/chat/completions HTTP/1.1" 200 -
2026-09-17 12:00:39,635 INFO "POST /v1/chat/completions HTTP/1.1" 200 -
2026-09-17 12:00:39,675 INFO "POST /v1/chat/completions HTTP/1.1" 200 -
2026-09-17 12:00:39,679 INFO "POST /v1/chat/completions HTTP/1.1" 200 -
2026-09-17 12:00:39,719 INFO "POST /v1/chat/completions HTTP/1.1" 200 -
2026-09-17 12:00:39,719 INFO "POST /v1/chat/completions HTTP/1.1" 200 -
2026-09-17 12:00:39,753 INFO "POST /v1/chat/completions HTTP/1.1" 200 -
2026-09-17 12:00:39,753 INFO "POST /v1/chat/completions HTTP/1.1" 200 -
2026-09-17 12:00:39,784 INFO "POST /v1/chat/completions HTTP/1.1" 200 -
2026-09-17 12:00:39,784 INFO "POST /v1/chat/completions HTTP/1.1" 200 -
2026-09-17 12:00:39,811 INFO "POST /v1/chat/completions HTTP/1.1" 200 -
2026-09-17 12:00:39,811 INFO "POST /v1/chat/completions HTTP/1.1" 200 -
2026-09-17 12:00:39,831 INFO "POST /v1/chat/completions HTTP/1.1" 200 -
2026-09-17 12:00:39,831 INFO "POST /v1/chat/completions HTTP/1.1" 200 -
2026-09-17 12:00:39,832 INFO "GET /v1/status HTTP/1.1" 200 -
2026-09-17 12:00:39,893 INFO "GET /v1/status HTTP/1.1" 200 -
2026-09-17 12:00:39,948 INFO "GET /v1/status HTTP/1.1" 200 -
2026-09-17 12:00:40,001 INFO "GET /v1/status HTTP/1.1" 200 -
2026-09-17 12:00:40,061 INFO "GET /v1/status HTTP/1.1" 200 -
2026-09-17 12:00:40,120 INFO "GET /v1/status HTTP/1.1" 200 -
2026-09-17 12:00:40,179 INFO "GET /v1/status HTTP/1.1" 200 -
2026-09-17 12:00:40,241 INFO "GET /v1/status HTTP/1.1" 200 -
2026-09-17 12:00:40,472 INFO "GET /v1/status HTTP/1.1" 200 -
2026-09-17 12:00:40,504 INFO "GET /v1/status HTTP/1.1" 200 -
2026-09-17 12:00:41,078 INFO "POST /v1/chat/completions HTTP/1.1" 200 -
2026-09-17 12:00:41,624 INFO "POST /v1/chat/completions HTTP/1.1" 200 -
2026-09-17 12:00:42,172 INFO "POST /v1/chat/completions HTTP/1.1" 200 -
2026-09-17 12:00:42,712 INFO "POST /v1/chat/completions HTTP/1.1" 200 -
2026-09-17 12:00:43,260 INFO "POST /v1/chat/completions HTTP/1.1" 200 -
2026-09-17 12:00:43,841 INFO "POST /v1/chat/completions HTTP/1.1" 200 -
2026-09-17 12:00:44,388 INFO "POST /v1/chat/completions HTTP/1.1" 200 -
2026-09-17 12:00:44,926 INFO "POST /v1/chat/completions HTTP/1.1" 200 -
2026-09-17 12:00:45,467 INFO "POST /v1/chat/completions HTTP/1.1" 200 -
2026-09-17 12:00:46,004 INFO "POST /v1/chat/completions HTTP/1.1" 200 -
2026-09-17 12:00:46,548 INFO "POST /v1/chat/completions HTTP/1.1" 200 -
2026-09-17 12:00:47,088 INFO "POST /v1/chat/completions HTTP/1.1" 200 -
2026-09-17 12:00:47,638 INFO "POST /v1/chat/completions HTTP/1.1" 200 -
2026-09-17 12:00:48,194 INFO "POST /v1/chat/completions HTTP/1.1" 200 -
2026-09-17 12:00:48,753 INFO "POST /v1/chat/completions HTTP/1.1" 200 -
2026-09-17 12:00:49,301 INFO "POST /v1/chat/completions HTTP/1.1" 200 -
2026-09-17 12:00:49,857 INFO "POST /v1/chat/completions HTTP/1.1" 200 -
2026-09-17 12:00:50,416 INFO "POST /v1/chat/completions HTTP/1.1" 200 -
2026-09-17 12:00:50,970 INFO "POST /v1/chat/completions HTTP/1.1" 200 -
2026-09-17 12:00:51,523 INFO "POST /v1/chat/completions HTTP/1.1" 200 -
2026-09-17 12:00:54,434 INFO "POST /v1/chat/completions HTTP/1.1" 200 -
2026-09-17 12:00:54,434 INFO "POST /v1/chat/completions HTTP/1.1" 200 -
2026-09-17 12:00:54,492 INFO "POST /v1/chat/completions HTTP/1.1" 200 -
2026-09-17 12:00:54,492 INFO "POST /v1/chat/completions HTTP/1.1" 200 -
2026-09-17 12:00:54,546 INFO "POST /v1/chat/completions HTTP/1.1" 200 -
2026-09-17 12:00:54,546 INFO "POST /v1/chat/completions HTTP/1.1" 200 -
2026-09-17 12:00:54,595 INFO "POST /v1/chat/completions HTTP/1.1" 200 -
2026-09-17 12:00:54,595 INFO "POST /v1/chat/completions HTTP/1.1" 200 -
2026-09-17 12:00:54,636 INFO "POST /v1/chat/completions HTTP/1.1" 200 -
2026-09-17 12:00:54,640 INFO "POST /v1/chat/completions HTTP/1.1" 200 -
2026-09-17 12:00:54,679 INFO "POST /v1/chat/completions HTTP/1.1" 200 -
2026-09-17 12:00:54,679 INFO "POST /v1/chat/completions HTTP/1.1" 200 -
2026-09-17 12:00:54,710 INFO "POST /v1/chat/completions HTTP/1.1" 200 -
2026-09-17 12:00:54,714 INFO "POST /v1/chat/completions HTTP/1.1" 200 -
2026-09-17 12:00:54,745 INFO "POST /v1/chat/completions HTTP/1.1" 200 -
2026-09-17 12:00:54,745 INFO "POST /v1/chat/completions HTTP/1.1" 200 -
2026-09-17 12:00:54,772 INFO "POST /v1/chat/completions HTTP/1.1" 200 -
2026-09-17 12:00:54,772 INFO "POST /v1/chat/completions HTTP/1.1" 200 -
2026-09-17 12:00:54,791 INFO "POST /v1/chat/completions HTTP/1.1" 200 -
2026-09-17 12:00:54,791 INFO "POST /v1/chat/completions HTTP/1.1" 200 -
2026-09-17 12:00:54,792 INFO "GET /v1/status HTTP/1.1" 200 -
2026-09-17 12:00:54,854 INFO "GET /v1/status HTTP/1.1" 200 -
2026-09-17 12:00:54,909 INFO "GET /v1/status HTTP/1.1" 200 -
2026-09-17 12:00:54,972 INFO "GET /v1/status HTTP/1.1" 200 -
2026-09-17 12:00:55,033 INFO "GET /v1/status HTTP/1.1" 200 -
2026-09-17 12:00:55,089 INFO "GET /v1/status HTTP/1.1" 200 -
2026-09-17 12:00:55,146 INFO "GET /v1/status HTTP/1.1" 200 -
2026-09-17 12:00:55,202 INFO "GET /v1/status HTTP/1.1" 200 -
2026-09-17 12:00:55,263 INFO "GET /v1/status HTTP/1.1" 200 -
2026-09-17 12:00:55,319 INFO "GET /v1/status HTTP/1.1" 200 -
2026-09-17 12:00:55,376 INFO "GET /v1/status HTTP/1.1" 200 -
2026-09-17 12:00:55,613 INFO "GET /v1/status HTTP/1.1" 200 -
2026-09-17 12:00:55,647 INFO "GET /v1/status HTTP/1.1" 200 -
2026-09-17 12:00:56,244 INFO "POST /v1/chat/completions HTTP/1.1" 200 -
2026-09-17 12:00:56,813 INFO "POST /v1/chat/completions HTTP/1.1" 200 -
2026-09-17 12:00:57,376 INFO "POST /v1/chat/completions HTTP/1.1" 200 -
2026-09-17 12:00:57,927 INFO "POST /v1/chat/completions HTTP/1.1" 200 -
2026-09-17 12:00:58,478 INFO "POST /v1/chat/completions HTTP/1.1" 200 -
2026-09-17 12:00:59,026 INFO "POST /v1/chat/completions HTTP/1.1" 200 -
2026-09-17 12:00:59,579 INFO "POST /v1/chat/completions HTTP/1.1" 200 -
2026-09-17 12:01:00,127 INFO "POST /v1/chat/completions HTTP/1.1" 200 -
2026-09-17 12:01:00,672 INFO "POST /v1/chat/completions HTTP/1.1" 200 -
2026-09-17 12:01:01,214 INFO "POST /v1/chat/completions HTTP/1.1" 200 -
2026-09-17 12:01:01,752 INFO "POST /v1/chat/completions HTTP/1.1" 200 -
2026-09-17 12:01:02,297 INFO "POST /v1/chat/completions HTTP/1.1" 200 -
2026-09-17 12:01:02,839 INFO "POST /v1/chat/completions HTTP/1.1" 200 -
2026-09-17 12:01:03,388 INFO "POST /v1/chat/completions HTTP/1.1" 200 -
2026-09-17 12:01:03,937 INFO "POST /v1/chat/completions HTTP/1.1" 200 -
2026-09-17 12:01:04,510 INFO "POST /v1/chat/completions HTTP/1.1" 200 -
2026-09-17 12:01:05,064 INFO "POST /v1/chat/completions HTTP/1.1" 200 -
2026-09-17 12:01:05,615 INFO "POST /v1/chat/completions HTTP/1.1" 200 -
2026-09-17 12:01:06,164 INFO "POST /v1/chat/completions HTTP/1.1" 200 -
2026-09-17 12:01:06,727 INFO "POST /v1/chat/completions HTTP/1.1" 200 -
2026-09-17 12:01:09,637 INFO "POST /v1/chat/completions HTTP/1.1" 200 -
2026-09-17 12:01:09,638 INFO "POST /v1/chat/completions HTTP/1.1" 200 -
2026-09-17 12:01:09,692 INFO "POST /v1/chat/completions HTTP/1.1" 200 -
2026-09-17 12:01:09,697 INFO "POST /v1/chat/completions HTTP/1.1" 200 -
2026-09-17 12:01:09,749 INFO "POST /v1/chat/completions HTTP/1.1" 200 -
2026-09-17 12:01:09,749 INFO "POST /v1/chat/completions HTTP/1.1" 200 -
2026-09-17 12:01:09,793 INFO "POST /v1/chat/completions HTTP/1.1" 200 -
2026-09-17 12:01:09,798 INFO "POST /v1/chat/completions HTTP/1.1" 200 -
2026-09-17 12:01:09,841 INFO "POST /v1/chat/completions HTTP/1.1" 200 -
2026-09-17 12:01:09,841 INFO "POST /v1/chat/completions HTTP/1.1" 200 -
2026-09-17 12:01:09,879 INFO "POST /v1/chat/completions HTTP/1.1" 200 -
2026-09-17 12:01:09,879 INFO "POST /v1/chat/completions HTTP/1.1" 200 -
2026-09-17 12:01:09,911 INFO "POST /v1/chat/completions HTTP/1.1" 200 -
2026-09-17 12:01:09,915 INFO "POST /v1/chat/completions HTTP/1.1" 200 -
2026-09-17 12:01:09,947 INFO "POST /v1/chat/completions HTTP/1.1" 200 -
2026-09-17 12:01:09,947 INFO "POST /v1/chat/completions HTTP/1.1" 200 -
2026-09-17 12:01:09,974 INFO "POST /v1/chat/completions HTTP/1.1" 200 -
2026-09-17 12:01:09,974 INFO "POST /v1/chat/completions HTTP/1.1" 200 -
2026-09-17 12:01:09,993 INFO "POST /v1/chat/completions HTTP/1.1" 200 -
2026-09-17 12:01:09,993 INFO "POST /v1/chat/completions HTTP/1.1" 200 -
2026-09-17 12:01:09,995 INFO "GET /v1/status HTTP/1.1" 200 -
2026-09-17 12:01:10,056 INFO "GET /v1/status HTTP/1.1" 200 -
2026-09-17 12:01:10,109 INFO "GET /v1/status HTTP/1.1" 200 -
2026-09-17 12:01:10,172 INFO "GET /v1/status HTTP/1.1" 200 -
2026-09-17 12:01:10,229 INFO "GET /v1/status HTTP/1.1" 200 -
2026-09-17 12:01:10,291 INFO "GET /v1/status HTTP/1.1" 200 -
2026-09-17 12:01:10,352 INFO "GET /v1/status HTTP/1.1" 200 -
2026-09-17 12:01:10,416 INFO "GET /v1/status HTTP/1.1" 200 -
2026-09-17 12:01:10,477 INFO "GET /v1/status HTTP/1.1" 200 -
2026-09-17 12:01:10,538 INFO "GET /v1/status HTTP/1.1" 200 -
2026-09-17 12:01:10,785 INFO "GET /v1/status HTTP/1.1" 200 -
2026-09-17 12:01:10,818 INFO "GET /v1/status HTTP/1.1" 200 -
2026-09-17 12:01:11,387 INFO "POST /v1/chat/completions HTTP/1.1" 200 -
2026-09-17 12:01:11,931 INFO "POST /v1/chat/completions HTTP/1.1" 200 -
2026-09-17 12:01:12,505 INFO "POST /v1/chat/completions HTTP/1.1" 200 -
2026-09-17 12:01:13,042 INFO "POST /v1/chat/completions HTTP/1.1" 200 -
2026-09-17 12:01:13,584 INFO "POST /v1/chat/completions HTTP/1.1" 200 -
2026-09-17 12:01:14,119 INFO "POST /v1/chat/completions HTTP/1.1" 200 -
2026-09-17 12:01:14,663 INFO "POST /v1/chat/completions HTTP/1.1" 200 -
2026-09-17 12:01:15,198 INFO "POST /v1/chat/completions HTTP/1.1" 200 -
2026-09-17 12:01:15,739 INFO "POST /v1/chat/completions HTTP/1.1" 200 -
2026-09-17 12:01:16,296 INFO "POST /v1/chat/completions HTTP/1.1" 200 -
2026-09-17 12:01:16,849 INFO "POST /v1/chat/completions HTTP/1.1" 200 -
2026-09-17 12:01:17,384 INFO "POST /v1/chat/completions HTTP/1.1" 200 -
2026-09-17 12:01:17,921 INFO "POST /v1/chat/completions HTTP/1.1" 200 -
2026-09-17 12:01:18,456 INFO "POST /v1/chat/completions HTTP/1.1" 200 -
2026-09-17 12:01:18,997 INFO "POST /v1/chat/completions HTTP/1.1" 200 -
2026-09-17 12:01:19,537 INFO "POST /v1/chat/completions HTTP/1.1" 200 -
2026-09-17 12:01:20,088 INFO "POST /v1/chat/completions HTTP/1.1" 200 -
2026-09-17 12:01:20,638 INFO "POST /v1/chat/completions HTTP/1.1" 200 -
2026-09-17 12:01:21,191 INFO "POST /v1/chat/completions HTTP/1.1" 200 -
2026-09-17 12:01:21,739 INFO "POST /v1/chat/completions HTTP/1.1" 200 -
2026-09-17 12:01:24,632 INFO "POST /v1/chat/completions HTTP/1.1" 200 -
2026-09-17 12:01:24,632 INFO "POST /v1/chat/completions HTTP/1.1" 200 -
2026-09-17 12:01:24,693 INFO "POST /v1/chat/completions HTTP/1.1" 200 -
2026-09-17 12:01:24,693 INFO "POST /v1/chat/completions HTTP/1.1" 200 -
2026-09-17 12:01:24,747 INFO "POST /v1/chat/completions HTTP/1.1" 200 -
2026-09-17 12:01:24,747 INFO "POST /v1/chat/completions HTTP/1.1" 200 -
2026-09-17 12:01:24,796 INFO "POST /v1/chat/completions HTTP/1.1" 200 -
2026-09-17 12:01:24,796 INFO "POST /v1/chat/completions HTTP/1.1" 200 -
2026-09-17 12:01:24,841 INFO "POST /v1/chat/completions HTTP/1.1" 200 -
2026-09-17 12:01:24,841 INFO "POST /v1/chat/completions HTTP/1.1" 200 -
2026-09-17 12:01:24,876 INFO "POST /v1/chat/completions HTTP/1.1" 200 -
2026-09-17 12:01:24,880 INFO "POST /v1/chat/completions HTTP/1.1" 200 -
2026-09-17 12:01:24,915 INFO "POST /v1/chat/completions HTTP/1.1" 200 -
2026-09-17 12:01:24,915 INFO "POST /v1/chat/completions HTTP/1.1" 200 -
2026-09-17 12:01:24,943 INFO "POST /v1/chat/completions HTTP/1.1" 200 -
2026-09-17 12:01:24,946 INFO "POST /v1/chat/completions HTTP/1.1" 200 -
2026-09-17 12:01:24,973 INFO "POST /v1/chat/completions HTTP/1.1" 200 -
2026-09-17 12:01:24,973 INFO "POST /v1/chat/completions HTTP/1.1" 200 -
2026-09-17 12:01:24,992 INFO "POST /v1/chat/completions HTTP/1.1" 200 -
2026-09-17 12:01:24,992 INFO "POST /v1/chat/completions HTTP/1.1" 200 -
2026-09-17 12:01:24,994 INFO "GET /v1/status HTTP/1.1" 200 -
2026-09-17 12:01:25,056 INFO "GET /v1/status HTTP/1.1" 200 -
2026-09-17 12:01:25,109 INFO "GET /v1/status HTTP/1.1" 200 -
2026-09-17 12:01:25,170 INFO "GET /v1/status HTTP/1.1" 200 -
2026-09-17 12:01:25,227 INFO "GET /v1/status HTTP/1.1" 200 -
2026-09-17 12:01:25,291 INFO "GET /v1/status HTTP/1.1" 200 -
2026-09-17 12:01:25,346 INFO "GET /v1/status HTTP/1.1" 200 -
2026-09-17 12:01:25,406 INFO "GET /v1/status HTTP/1.1" 200 -
2026-09-17 12:01:25,465 INFO "GET /v1/status HTTP/1.1" 200 -
2026-09-17 12:01:25,528 INFO "GET /v1/status HTTP/1.1" 200 -
2026-09-17 12:01:25,586 INFO "GET /v1/status HTTP/1.1" 200 -
2026-09-17 12:01:25,644 INFO "GET /v1/status HTTP/1.1" 200 -
2026-09-17 12:01:25,895 INFO "GET /v1/status HTTP/1.1" 200 -
2026-09-17 12:01:25,928 INFO "GET /v1/status HTTP/1.1" 200 -
2026-09-17 12:01:26,487 INFO "POST /v1/chat/completions HTTP/1.1" 200 -
2026-09-17 12:01:27,032 INFO "POST /v1/chat/completions HTTP/1.1" 200 -
2026-09-17 12:01:27,575 INFO "POST /v1/chat/completions HTTP/1.1" 200 -
2026-09-17 12:01:28,139 INFO "POST /v1/chat/completions HTTP/1.1" 200 -
2026-09-17 12:01:28,683 INFO "POST /v1/chat/completions HTTP/1.1" 200 -
2026-09-17 12:01:29,296 INFO "POST /v1/chat/completions HTTP/1.1" 200 -
2026-09-17 12:01:29,831 INFO "POST /v1/chat/completions HTTP/1.1" 200 -
2026-09-17 12:01:30,366 INFO "POST /v1/chat/completions HTTP/1.1" 200 -
2026-09-17 12:01:30,899 INFO "POST /v1/chat/completions HTTP/1.1" 200 -
2026-09-17 12:01:31,459 INFO "POST /v1/chat/completions HTTP/1.1" 200 -
2026-09-17 12:01:31,996 INFO "POST /v1/chat/completions HTTP/1.1" 200 -
2026-09-17 12:01:32,540 INFO "POST /v1/chat/completions HTTP/1.1" 200 -
2026-09-17 12:01:33,075 INFO "POST /v1/chat/completions HTTP/1.1" 200 -
2026-09-17 12:01:33,616 INFO "POST /v1/chat/completions HTTP/1.1" 200 -
2026-09-17 12:01:34,151 INFO "POST /v1/chat/completions HTTP/1.1" 200 -
2026-09-17 12:01:34,690 INFO "POST /v1/chat/completions HTTP/1.1" 200 -
2026-09-17 12:01:35,226 INFO "POST /v1/chat/completions HTTP/1.1" 200 -
2026-09-17 12:01:35,772 INFO "POST /v1/chat/completions HTTP/1.1" 200 -
2026-09-17 12:01:36,316 INFO "POST /v1/chat/completions HTTP/1.1" 200 -
2026-09-17 12:01:36,866 INFO "POST /v1/chat/completions HTTP/1.1" 200 -
2026-09-17 12:01:39,786 INFO "POST /v1/chat/completions HTTP/1.1" 200 -
2026-09-17 12:01:39,786 INFO "POST /v1/chat/completions HTTP/1.1" 200 -
2026-09-17 12:01:39,843 INFO "POST /v1/chat/completions HTTP/1.1" 200 -
2026-09-17 12:01:39,843 INFO "POST /v1/chat/completions HTTP/1.1" 200 -
2026-09-17 12:01:39,890 INFO "POST /v1/chat/completions HTTP/1.1" 200 -
2026-09-17 12:01:39,895 INFO "POST /v1/chat/completions HTTP/1.1" 200 -
2026-09-17 12:01:39,942 INFO "POST /v1/chat/completions HTTP/1.1" 200 -
2026-09-17 12:01:39,942 INFO "POST /v1/chat/completions HTTP/1.1" 200 -
2026-09-17 12:01:39,987 INFO "POST /v1/chat/completions HTTP/1.1" 200 -
2026-09-17 12:01:39,987 INFO "POST /v1/chat/completions HTTP/1.1" 200 -
2026-09-17 12:01:40,022 INFO "POST /v1/chat/completions HTTP/1.1" 200 -
2026-09-17 12:01:40,026 INFO "POST /v1/chat/completions HTTP/1.1" 200 -
2026-09-17 12:01:40,057 INFO "POST /v1/chat/completions HTTP/1.1" 200 -
2026-09-17 12:01:40,060 INFO "POST /v1/chat/completions HTTP/1.1" 200 -
2026-09-17 12:01:40,091 INFO "POST /v1/chat/completions HTTP/1.1" 200 -
2026-09-17 12:01:40,091 INFO "POST /v1/chat/completions HTTP/1.1" 200 -
2026-09-17 12:01:40,118 INFO "POST /v1/chat/completions HTTP/1.1" 200 -
2026-09-17 12:01:40,118 INFO "POST /v1/chat/completions HTTP/1.1" 200 -
2026-09-17 12:01:40,137 INFO "POST /v1/chat/completions HTTP/1.1" 200 -
2026-09-17 12:01:40,137 INFO "POST /v1/chat/completions HTTP/1.1" 200 -
2026-09-17 12:01:40,139 INFO "GET /v1/status HTTP/1.1" 200 -
2026-09-17 12:01:40,201 INFO "GET /v1/status HTTP/1.1" 200 -
2026-09-17 12:01:40,263 INFO "GET /v1/status HTTP/1.1" 200 -
2026-09-17 12:01:40,326 INFO "GET /v1/status HTTP/1.1" 200 -
2026-09-17 12:01:40,381 INFO "GET /v1/status HTTP/1.1" 200 -
2026-09-17 12:01:40,442 INFO "GET /v1/status HTTP/1.1" 200 -
2026-09-17 12:01:40,503 INFO "GET /v1/status HTTP/1.1" 200 -
2026-09-17 12:01:40,562 INFO "GET /v1/status HTTP/1.1" 200 -
2026-09-17 12:01:40,620 INFO "GET /v1/status HTTP/1.1" 200 -
2026-09-17 12:01:40,677 INFO "GET /v1/status HTTP/1.1" 200 -
2026-09-17 12:01:40,735 INFO "GET /v1/status HTTP/1.1" 200 -
2026-09-17 12:01:40,794 INFO "GET /v1/status HTTP/1.1" 200 -
2026-09-17 12:01:41,054 INFO "GET /v1/status HTTP/1.1" 200 -
2026-09-17 12:01:41,087 INFO "GET /v1/status HTTP/1.1" 200 -
2026-09-17 12:01:41,672 INFO "POST /v1/chat/completions HTTP/1.1" 200 -
2026-09-17 12:01:42,220 INFO "POST /v1/chat/completions HTTP/1.1" 200 -
2026-09-17 12:01:42,757 INFO "POST /v1/chat/completions HTTP/1.1" 200 -
2026-09-17 12:01:43,298 INFO "POST /v1/chat/completions HTTP/1.1" 200 -
2026-09-17 12:01:43,839 INFO "POST /v1/chat/completions HTTP/1.1" 200 -
2026-09-17 12:01:44,382 INFO "POST /v1/chat/completions HTTP/1.1" 200 -
2026-09-17 12:01:44,919 INFO "POST /v1/chat/completions HTTP/1.1" 200 -
2026-09-17 12:01:45,455 INFO "POST /v1/chat/completions HTTP/1.1" 200 -
2026-09-17 12:01:45,995 INFO "POST /v1/chat/completions HTTP/1.1" 200 -
2026-09-17 12:01:46,533 INFO "POST /v1/chat/completions HTTP/1.1" 200 -
2026-09-17 12:01:47,070 INFO "POST /v1/chat/completions HTTP/1.1" 200 -
2026-09-17 12:01:47,615 INFO "POST /v1/chat/completions HTTP/1.1" 200 -
2026-09-17 12:01:48,182 INFO "POST /v1/chat/completions HTTP/1.1" 200 -
2026-09-17 12:01:48,735 INFO "POST /v1/chat/completions HTTP/1.1" 200 -
2026-09-17 12:01:49,278 INFO "POST /v1/chat/completions HTTP/1.1" 200 -
2026-09-17 12:01:49,815 INFO "POST /v1/chat/completions HTTP/1.1" 200 -
2026-09-17 12:01:50,360 INFO "POST /v1/chat/completions HTTP/1.1" 200 -
2026-09-17 12:01:50,900 INFO "POST /v1/chat/completions HTTP/1.1" 200 -
2026-09-17 12:01:51,447 INFO "POST /v1/chat/completions HTTP/1.1" 200 -
2026-09-17 12:01:51,999 INFO "POST /v1/chat/completions HTTP/1.1" 200 -
2026-09-17 12:01:54,877 INFO "POST /v1/chat/completions HTTP/1.1" 200 -
2026-09-17 12:01:54,877 INFO "POST /v1/chat/completions HTTP/1.1" 200 -
2026-09-17 12:01:54,933 INFO "POST /v1/chat/completions HTTP/1.1" 200 -
2026-09-17 12:01:54,933 INFO "POST /v1/chat/completions HTTP/1.1" 200 -
2026-09-17 12:01:54,988 INFO "POST /v1/chat/completions HTTP/1.1" 200 -
2026-09-17 12:01:54,988 INFO "POST /v1/chat/completions HTTP/1.1" 200 -
2026-09-17 12:01:55,038 INFO "POST /v1/chat/completions HTTP/1.1" 200 -
2026-09-17 12:01:55,038 INFO "POST /v1/chat/completions HTTP/1.1" 200 -
2026-09-17 12:01:55,082 INFO "POST /v1/chat/completions HTTP/1.1" 200 -
2026-09-17 12:01:55,082 INFO "POST /v1/chat/completions HTTP/1.1" 200 -
2026-09-17 12:01:55,121 INFO "POST /v1/chat/completions HTTP/1.1" 200 -
2026-09-17 12:01:55,121 INFO "POST /v1/chat/completions HTTP/1.1" 200 -
2026-09-17 12:01:55,156 INFO "POST /v1/chat/completions HTTP/1.1" 200 -
2026-09-17 12:01:55,156 INFO "POST /v1/chat/completions HTTP/1.1" 200 -
2026-09-17 12:01:55,187 INFO "POST /v1/chat/completions HTTP/1.1" 200 -
2026-09-17 12:01:55,187 INFO "POST /v1/chat/completions HTTP/1.1" 200 -
2026-09-17 12:01:55,210 INFO "POST /v1/chat/completions HTTP/1.1" 200 -
2026-09-17 12:01:55,213 INFO "POST /v1/chat/completions HTTP/1.1" 200 -
2026-09-17 12:01:55,231 INFO "POST /v1/chat/completions HTTP/1.1" 200 -
2026-09-17 12:01:55,233 INFO "POST /v1/chat/completions HTTP/1.1" 200 -
2026-09-17 12:01:55,234 INFO "GET /v1/status HTTP/1.1" 200 -
2026-09-17 12:01:55,293 INFO "GET /v1/status HTTP/1.1" 200 -
2026-09-17 12:01:55,353 INFO "GET /v1/status HTTP/1.1" 200 -
2026-09-17 12:01:55,410 INFO "GET /v1/status HTTP/1.1" 200 -
2026-09-17 12:01:55,471 INFO "GET /v1/status HTTP/1.1" 200 -
2026-09-17 12:01:55,531 INFO "GET /v1/status HTTP/1.1" 200 -
2026-09-17 12:01:55,589 INFO "GET /v1/status HTTP/1.1" 200 -
2026-09-17 12:01:55,644 INFO "GET /v1/status HTTP/1.1" 200 -
2026-09-17 12:01:55,700 INFO "GET /v1/status HTTP/1.1" 200 -
2026-09-17 12:01:55,763 INFO "GET /v1/status HTTP/1.1" 200 -
2026-09-17 12:01:55,819 INFO "GET /v1/status HTTP/1.1" 200 -
2026-09-17 12:01:55,883 INFO "GET /v1/status HTTP/1.1" 200 -
2026-09-17 12:01:55,946 INFO "GET /v1/status HTTP/1.1" 200 -
2026-09-17 12:01:56,000 INFO "GET /v1/status HTTP/1.1" 200 -
2026-09-17 12:01:56,263 INFO "GET /v1/status HTTP/1.1" 200 -
2026-09-17 12:01:56,296 INFO "GET /v1/status HTTP/1.1" 200 -
2026-09-17 12:01:56,868 INFO "POST /v1/chat/completions HTTP/1.1" 200 -
2026-09-17 12:01:57,412 INFO "POST /v1/chat/completions HTTP/1.1" 200 -
2026-09-17 12:01:57,963 INFO "POST /v1/chat/completions HTTP/1.1" 200 -
2026-09-17 12:01:58,534 INFO "POST /v1/chat/completions HTTP/1.1" 200 -
2026-09-17 12:01:59,075 INFO "POST /v1/chat/completions HTTP/1.1" 200 -
2026-09-17 12:01:59,612 INFO "POST /v1/chat/completions HTTP/1.1" 200 -
2026-09-17 12:02:00,158 INFO "POST /v1/chat/completions HTTP/1.1" 200 -
2026-09-17 12:02:00,700 INFO "POST /v1/chat/completions HTTP/1.1" 200 -
2026-09-17 12:02:01,240 INFO "POST /v1/chat/completions HTTP/1.1" 200 -
2026-09-17 12:02:01,780 INFO "POST /v1/chat/completions HTTP/1.1" 200 -
2026-09-17 12:02:02,326 INFO "POST /v1/chat/completions HTTP/1.1" 200 -
2026-09-17 12:02:02,865 INFO "POST /v1/chat/completions HTTP/1.1" 200 -
2026-09-17 12:02:03,409 INFO "POST /v1/chat/completions HTTP/1.1" 200 -
2026-09-17 12:02:03,950 INFO "POST /v1/chat/completions HTTP/1.1" 200 -
2026-09-17 12:02:04,498 INFO "POST /v1/chat/completions HTTP/1.1" 200 -
2026-09-17 12:02:05,039 INFO "POST /v1/chat/completions HTTP/1.1" 200 -
2026-09-17 12:02:05,580 INFO "POST /v1/chat/completions HTTP/1.1" 200 -
2026-09-17 12:02:06,118 INFO "POST /v1/chat/completions HTTP/1.1" 200 -
2026-09-17 12:02:06,660 INFO "POST /v1/chat/completions HTTP/1.1" 200 -
2026-09-17 12:02:07,202 INFO "POST /v1/chat/completions HTTP/1.1" 200 -
2026-09-17 12:02:10,120 INFO "POST /v1/chat/completions HTTP/1.1" 200 -
2026-09-17 12:02:10,120 INFO "POST /v1/chat/completions HTTP/1.1" 200 -
2026-09-17 12:02:10,180 INFO "POST /v1/chat/completions HTTP/1.1" 200 -
2026-09-17 12:02:10,180 INFO "POST /v1/chat/completions HTTP/1.1" 200 -
2026-09-17 12:02:10,233 INFO "POST /v1/chat/completions HTTP/1.1" 200 -
2026-09-17 12:02:10,233 INFO "POST /v1/chat/completions HTTP/1.1" 200 -
2026-09-17 12:02:10,282 INFO "POST /v1/chat/completions HTTP/1.1" 200 -
2026-09-17 12:02:10,282 INFO "POST /v1/chat/completions HTTP/1.1" 200 -
2026-09-17 12:02:10,326 INFO "POST /v1/chat/completions HTTP/1.1" 200 -
2026-09-17 12:02:10,327 INFO "POST /v1/chat/completions HTTP/1.1" 200 -
2026-09-17 12:02:10,361 INFO "POST /v1/chat/completions HTTP/1.1" 200 -
2026-09-17 12:02:10,365 INFO "POST /v1/chat/completions HTTP/1.1" 200 -
2026-09-17 12:02:10,400 INFO "POST /v1/chat/completions HTTP/1.1" 200 -
2026-09-17 12:02:10,400 INFO "POST /v1/chat/completions HTTP/1.1" 200 -
2026-09-17 12:02:10,431 INFO "POST /v1/chat/completions HTTP/1.1" 200 -
2026-09-17 12:02:10,431 INFO "POST /v1/chat/completions HTTP/1.1" 200 -
2026-09-17 12:02:10,458 INFO "POST /v1/chat/completions HTTP/1.1" 200 -
2026-09-17 12:02:10,458 INFO "POST /v1/chat/completions HTTP/1.1" 200 -
2026-09-17 12:02:10,477 INFO "POST /v1/chat/completions HTTP/1.1" 200 -
2026-09-17 12:02:10,477 INFO "POST /v1/chat/completions HTTP/1.1" 200 -
2026-09-17 12:02:10,479 INFO "GET /v1/status HTTP/1.1" 200 -
2026-09-17 12:02:10,535 INFO "GET /v1/status HTTP/1.1" 200 -
2026-09-17 12:02:10,591 INFO "GET /v1/status HTTP/1.1" 200 -
2026-09-17 12:02:10,653 INFO "GET /v1/status HTTP/1.1" 200 -
2026-09-17 12:02:10,710 INFO "GET /v1/status HTTP/1.1" 200 -
2026-09-17 12:02:10,765 INFO "GET /v1/status HTTP/1.1" 200 -
2026-09-17 12:02:10,820 INFO "GET /v1/status HTTP/1.1" 200 -
2026-09-17 12:02:10,878 INFO "GET /v1/status HTTP/1.1" 200 -
2026-09-17 12:02:10,941 INFO "GET /v1/status HTTP/1.1" 200 -
2026-09-17 12:02:11,003 INFO "GET /v1/status HTTP/1.1" 200 -
2026-09-17 12:02:11,058 INFO "GET /v1/status HTTP/1.1" 200 -
2026-09-17 12:02:11,113 INFO "GET /v1/status HTTP/1.1" 200 -
2026-09-17 12:02:11,177 INFO "GET /v1/status HTTP/1.1" 200 -
2026-09-17 12:02:11,445 INFO "GET /v1/status HTTP/1.1" 200 -
2026-09-17 12:02:11,478 INFO "GET /v1/status HTTP/1.1" 200 -
2026-09-17 12:02:12,051 INFO "POST /v1/chat/completions HTTP/1.1" 200 -
2026-09-17 12:02:12,602 INFO "POST /v1/chat/completions HTTP/1.1" 200 -
2026-09-17 12:02:13,147 INFO "POST /v1/chat/completions HTTP/1.1" 200 -
2026-09-17 12:02:13,694 INFO "POST /v1/chat/completions HTTP/1.1" 200 -
2026-09-17 12:02:14,233 INFO "POST /v1/chat/completions HTTP/1.1" 200 -
2026-09-17 12:02:14,775 INFO "POST /v1/chat/completions HTTP/1.1" 200 -
2026-09-17 12:02:15,341 INFO "POST /v1/chat/completions HTTP/1.1" 200 -
2026-09-17 12:02:15,882 INFO "POST /v1/chat/completions HTTP/1.1" 200 -
2026-09-17 12:02:16,422 INFO "POST /v1/chat/completions HTTP/1.1" 200 -
2026-09-17 12:02:16,964 INFO "POST /v1/chat/completions HTTP/1.1" 200 -
2026-09-17 12:02:17,502 INFO "POST /v1/chat/completions HTTP/1.1" 200 -
2026-09-17 12:02:18,042 INFO "POST /v1/chat/completions HTTP/1.1" 200 -
2026-09-17 12:02:18,580 INFO "POST /v1/chat/completions HTTP/1.1" 200 -
2026-09-17 12:02:19,122 INFO "POST /v1/chat/completions HTTP/1.1" 200 -
2026-09-17 12:02:19,663 INFO "POST /v1/chat/completions HTTP/1.1" 200 -
2026-09-17 12:02:20,210 INFO "POST /v1/chat/completions HTTP/1.1" 200 -
2026-09-17 12:02:20,749 INFO "POST /v1/chat/completions HTTP/1.1" 200 -
2026-09-17 12:02:21,291 INFO "POST /v1/chat/completions HTTP/1.1" 200 -
2026-09-17 12:02:21,833 INFO "POST /v1/chat/completions HTTP/1.1" 200 -
2026-09-17 12:02:22,384 INFO "POST /v1/chat/completions HTTP/1.1" 200 -
2026-09-17 12:02:25,237 INFO "POST /v1/chat/completions HTTP/1.1" 200 -
2026-09-17 12:02:25,237 INFO "POST /v1/chat/completions HTTP/1.1" 200 -
2026-09-17 12:02:25,296 INFO "POST /v1/chat/completions HTTP/1.1" 200 -
2026-09-17 12:02:25,296 INFO "POST /v1/chat/completions HTTP/1.1" 200 -
2026-09-17 12:02:25,349 INFO "POST /v1/chat/completions HTTP/1.1" 200 -
2026-09-17 12:02:25,349 INFO "POST /v1/chat/completions HTTP/1.1" 200 -
2026-09-17 12:02:25,399 INFO "POST /v1/chat/completions HTTP/1.1" 200 -
2026-09-17 12:02:25,399 INFO "POST /v1/chat/completions HTTP/1.1" 200 -
2026-09-17 12:02:25,444 INFO "POST /v1/chat/completions HTTP/1.1" 200 -
2026-09-17 12:02:25,444 INFO "POST /v1/chat/completions HTTP/1.1" 200 -
2026-09-17 12:02:25,482 INFO "POST /v1/chat/completions HTTP/1.1" 200 -
2026-09-17 12:02:25,482 INFO "POST /v1/chat/completions HTTP/1.1" 200 -
2026-09-17 12:02:25,517 INFO "POST /v1/chat/completions HTTP/1.1" 200 -
2026-09-17 12:02:25,517 INFO "POST /v1/chat/completions HTTP/1.1" 200 -
2026-09-17 12:02:25,548 INFO "POST /v1/chat/completions HTTP/1.1" 200 -
2026-09-17 12:02:25,548 INFO "POST /v1/chat/completions HTTP/1.1" 200 -
2026-09-17 12:02:25,574 INFO "POST /v1/chat/completions HTTP/1.1" 200 -
2026-09-17 12:02:25,574 INFO "POST /v1/chat/completions HTTP/1.1" 200 -
2026-09-17 12:02:25,593 INFO "POST /v1/chat/completions HTTP/1.1" 200 -
2026-09-17 12:02:25,593 INFO "POST /v1/chat/completions HTTP/1.1" 200 -
2026-09-17 12:02:25,595 INFO "GET /v1/status HTTP/1.1" 200 -
2026-09-17 12:02:25,655 INFO "GET /v1/status HTTP/1.1" 200 -
2026-09-17 12:02:25,717 INFO "GET /v1/status HTTP/1.1" 200 -
2026-09-17 12:02:25,777 INFO "GET /v1/status HTTP/1.1" 200 -
2026-09-17 12:02:25,837 INFO "GET /v1/status HTTP/1.1" 200 -
2026-09-17 12:02:25,895 INFO "GET /v1/status HTTP/1.1" 200 -
2026-09-17 12:02:25,959 INFO "GET /v1/status HTTP/1.1" 200 -
2026-09-17 12:02:26,022 INFO "GET /v1/status HTTP/1.1" 200 -
2026-09-17 12:02:26,078 INFO "GET /v1/status HTTP/1.1" 200 -
2026-09-17 12:02:26,132 INFO "GET /v1/status HTTP/1.1" 200 -
2026-09-17 12:02:26,197 INFO "GET /v1/status HTTP/1.1" 200 -
2026-09-17 12:02:26,261 INFO "GET /v1/status HTTP/1.1" 200 -
2026-09-17 12:02:26,325 INFO "GET /v1/status HTTP/1.1" 200 -
