[transformers] PyTorch was not found. Models won't be available and only tokenizers, configuration and file/data utilities can be used.
2026-09-17 09:50:05,959 INFO "GET /v1/status HTTP/1.1" 200 -
2026-09-17 09:50:06,965 INFO "GET /v1/status HTTP/1.1" 200 -
2026-09-17 09:50:07,298 INFO ubc_evict: evicted 4772.0 MB from UBC for ~/mlx-models/Qwen3.6-35B-A3B-uncensored-heretic-Native-MTP-Preserved-oQ4e-mtp/model-00001-of-00005.safetensors
2026-09-17 09:50:07,337 INFO ubc_evict: evicted 4896.0 MB from UBC for ~/mlx-models/Qwen3.6-35B-A3B-uncensored-heretic-Native-MTP-Preserved-oQ4e-mtp/model-00002-of-00005.safetensors
2026-09-17 09:50:07,376 INFO ubc_evict: evicted 4896.0 MB from UBC for ~/mlx-models/Qwen3.6-35B-A3B-uncensored-heretic-Native-MTP-Preserved-oQ4e-mtp/model-00003-of-00005.safetensors
2026-09-17 09:50:07,414 INFO ubc_evict: evicted 4896.0 MB from UBC for ~/mlx-models/Qwen3.6-35B-A3B-uncensored-heretic-Native-MTP-Preserved-oQ4e-mtp/model-00004-of-00005.safetensors
2026-09-17 09:50:07,425 INFO ubc_evict: evicted 1152.0 MB from UBC for ~/mlx-models/Qwen3.6-35B-A3B-uncensored-heretic-Native-MTP-Preserved-oQ4e-mtp/model-00005-of-00005.safetensors
2026-09-17 09:50:07,425 INFO ubc_evict: pass complete total_mb=20612.0 elapsed_s=0.16
2026-09-17 09:50:08,002 INFO "GET /v1/status HTTP/1.1" 200 -
2026-09-17 09:50:08,033 INFO "GET /v1/status HTTP/1.1" 200 -
2026-09-17 09:50:08,968 INFO "POST /v1/chat/completions HTTP/1.1" 200 -
2026-09-17 09:50:09,750 INFO "POST /v1/chat/completions HTTP/1.1" 200 -
2026-09-17 09:50:10,463 INFO "POST /v1/chat/completions HTTP/1.1" 200 -
2026-09-17 09:50:11,250 INFO "POST /v1/chat/completions HTTP/1.1" 200 -
2026-09-17 09:50:11,978 INFO "POST /v1/chat/completions HTTP/1.1" 200 -
2026-09-17 09:50:12,765 INFO "POST /v1/chat/completions HTTP/1.1" 200 -
2026-09-17 09:50:13,505 INFO "POST /v1/chat/completions HTTP/1.1" 200 -
2026-09-17 09:50:14,464 INFO "POST /v1/chat/completions HTTP/1.1" 200 -
2026-09-17 09:50:15,230 INFO "POST /v1/chat/completions HTTP/1.1" 200 -
2026-09-17 09:50:16,002 INFO "POST /v1/chat/completions HTTP/1.1" 200 -
2026-09-17 09:50:16,675 INFO "POST /v1/chat/completions HTTP/1.1" 200 -
2026-09-17 09:50:17,366 INFO "POST /v1/chat/completions HTTP/1.1" 200 -
2026-09-17 09:50:18,127 INFO "POST /v1/chat/completions HTTP/1.1" 200 -
2026-09-17 09:50:18,884 INFO "POST /v1/chat/completions HTTP/1.1" 200 -
2026-09-17 09:50:19,658 INFO "POST /v1/chat/completions HTTP/1.1" 200 -
2026-09-17 09:50:20,497 INFO "POST /v1/chat/completions HTTP/1.1" 200 -
2026-09-17 09:50:21,371 INFO "POST /v1/chat/completions HTTP/1.1" 200 -
2026-09-17 09:50:22,104 INFO "POST /v1/chat/completions HTTP/1.1" 200 -
2026-09-17 09:50:22,925 INFO "POST /v1/chat/completions HTTP/1.1" 200 -
2026-09-17 09:50:23,753 INFO "POST /v1/chat/completions HTTP/1.1" 200 -
2026-09-17 09:50:28,916 INFO "POST /v1/chat/completions HTTP/1.1" 200 -
2026-09-17 09:50:28,916 INFO "POST /v1/chat/completions HTTP/1.1" 200 -
2026-09-17 09:50:29,023 INFO "POST /v1/chat/completions HTTP/1.1" 200 -
2026-09-17 09:50:29,023 INFO "POST /v1/chat/completions HTTP/1.1" 200 -
2026-09-17 09:50:29,023 INFO "POST /v1/chat/completions HTTP/1.1" 200 -
2026-09-17 09:50:29,098 INFO "POST /v1/chat/completions HTTP/1.1" 200 -
2026-09-17 09:50:29,099 INFO "POST /v1/chat/completions HTTP/1.1" 200 -
2026-09-17 09:50:29,152 INFO "POST /v1/chat/completions HTTP/1.1" 200 -
2026-09-17 09:50:29,152 INFO "POST /v1/chat/completions HTTP/1.1" 200 -
2026-09-17 09:50:29,475 INFO "POST /v1/chat/completions HTTP/1.1" 200 -
2026-09-17 09:50:29,626 INFO "POST /v1/chat/completions HTTP/1.1" 200 -
2026-09-17 09:50:29,701 INFO "POST /v1/chat/completions HTTP/1.1" 200 -
2026-09-17 09:50:32,059 INFO "POST /v1/chat/completions HTTP/1.1" 200 -
2026-09-17 09:50:32,134 INFO "POST /v1/chat/completions HTTP/1.1" 200 -
2026-09-17 09:50:32,203 INFO "POST /v1/chat/completions HTTP/1.1" 200 -
2026-09-17 09:50:32,264 INFO "POST /v1/chat/completions HTTP/1.1" 200 -
2026-09-17 09:50:32,319 INFO "POST /v1/chat/completions HTTP/1.1" 200 -
2026-09-17 09:50:32,320 INFO "POST /v1/chat/completions HTTP/1.1" 200 -
2026-09-17 09:50:32,360 INFO "POST /v1/chat/completions HTTP/1.1" 200 -
2026-09-17 09:50:32,360 INFO "POST /v1/chat/completions HTTP/1.1" 200 -
2026-09-17 09:50:32,362 INFO "GET /v1/status HTTP/1.1" 200 -
2026-09-17 09:50:32,418 INFO "GET /v1/status HTTP/1.1" 200 -
2026-09-17 09:50:32,474 INFO "GET /v1/status HTTP/1.1" 200 -
2026-09-17 09:50:32,531 INFO "GET /v1/status HTTP/1.1" 200 -
2026-09-17 09:50:32,588 INFO "GET /v1/status HTTP/1.1" 200 -
2026-09-17 09:50:32,646 INFO "GET /v1/status HTTP/1.1" 200 -
2026-09-17 09:50:32,705 INFO "GET /v1/status HTTP/1.1" 200 -
2026-09-17 09:50:32,763 INFO "GET /v1/status HTTP/1.1" 200 -
2026-09-17 09:50:32,822 INFO "GET /v1/status HTTP/1.1" 200 -
2026-09-17 09:50:32,877 INFO "GET /v1/status HTTP/1.1" 200 -
2026-09-17 09:50:32,933 INFO "GET /v1/status HTTP/1.1" 200 -
2026-09-17 09:50:32,990 INFO "GET /v1/status HTTP/1.1" 200 -
2026-09-17 09:50:33,046 INFO "GET /v1/status HTTP/1.1" 200 -
2026-09-17 09:50:33,080 INFO "GET /v1/status HTTP/1.1" 200 -
2026-09-17 09:50:33,870 INFO "POST /v1/chat/completions HTTP/1.1" 200 -
2026-09-17 09:50:34,770 INFO "POST /v1/chat/completions HTTP/1.1" 200 -
2026-09-17 09:50:35,541 INFO "POST /v1/chat/completions HTTP/1.1" 200 -
2026-09-17 09:50:36,387 INFO "POST /v1/chat/completions HTTP/1.1" 200 -
2026-09-17 09:50:37,102 INFO "POST /v1/chat/completions HTTP/1.1" 200 -
2026-09-17 09:50:37,898 INFO "POST /v1/chat/completions HTTP/1.1" 200 -
2026-09-17 09:50:38,606 INFO "POST /v1/chat/completions HTTP/1.1" 200 -
2026-09-17 09:50:39,537 INFO "POST /v1/chat/completions HTTP/1.1" 200 -
2026-09-17 09:50:40,290 INFO "POST /v1/chat/completions HTTP/1.1" 200 -
2026-09-17 09:50:41,030 INFO "POST /v1/chat/completions HTTP/1.1" 200 -
2026-09-17 09:50:41,702 INFO "POST /v1/chat/completions HTTP/1.1" 200 -
2026-09-17 09:50:42,403 INFO "POST /v1/chat/completions HTTP/1.1" 200 -
2026-09-17 09:50:43,117 INFO "POST /v1/chat/completions HTTP/1.1" 200 -
2026-09-17 09:50:43,984 INFO "POST /v1/chat/completions HTTP/1.1" 200 -
2026-09-17 09:50:44,760 INFO "POST /v1/chat/completions HTTP/1.1" 200 -
2026-09-17 09:50:45,536 INFO "POST /v1/chat/completions HTTP/1.1" 200 -
2026-09-17 09:50:46,361 INFO "POST /v1/chat/completions HTTP/1.1" 200 -
2026-09-17 09:50:47,093 INFO "POST /v1/chat/completions HTTP/1.1" 200 -
2026-09-17 09:50:47,944 INFO "POST /v1/chat/completions HTTP/1.1" 200 -
2026-09-17 09:50:48,849 INFO "POST /v1/chat/completions HTTP/1.1" 200 -
2026-09-17 09:50:51,570 INFO "POST /v1/chat/completions HTTP/1.1" 200 -
2026-09-17 09:50:51,633 INFO "POST /v1/chat/completions HTTP/1.1" 200 -
2026-09-17 09:50:51,633 INFO "POST /v1/chat/completions HTTP/1.1" 200 -
2026-09-17 09:50:51,817 INFO "POST /v1/chat/completions HTTP/1.1" 200 -
2026-09-17 09:50:51,842 INFO "POST /v1/chat/completions HTTP/1.1" 200 -
2026-09-17 09:50:56,460 INFO "POST /v1/chat/completions HTTP/1.1" 200 -
2026-09-17 09:50:56,460 INFO "POST /v1/chat/completions HTTP/1.1" 200 -
2026-09-17 09:50:56,570 INFO "POST /v1/chat/completions HTTP/1.1" 200 -
2026-09-17 09:50:56,570 INFO "POST /v1/chat/completions HTTP/1.1" 200 -
2026-09-17 09:50:56,570 INFO "POST /v1/chat/completions HTTP/1.1" 200 -
2026-09-17 09:50:56,639 INFO "POST /v1/chat/completions HTTP/1.1" 200 -
2026-09-17 09:50:56,639 INFO "POST /v1/chat/completions HTTP/1.1" 200 -
2026-09-17 09:50:56,684 INFO "POST /v1/chat/completions HTTP/1.1" 200 -
2026-09-17 09:50:56,748 INFO "POST /v1/chat/completions HTTP/1.1" 200 -
2026-09-17 09:50:56,888 INFO "POST /v1/chat/completions HTTP/1.1" 200 -
2026-09-17 09:50:57,220 INFO "POST /v1/chat/completions HTTP/1.1" 200 -
2026-09-17 09:50:57,268 INFO "POST /v1/chat/completions HTTP/1.1" 200 -
2026-09-17 09:50:57,448 INFO "POST /v1/chat/completions HTTP/1.1" 200 -
2026-09-17 09:50:57,915 INFO "POST /v1/chat/completions HTTP/1.1" 200 -
2026-09-17 09:50:57,915 INFO "POST /v1/chat/completions HTTP/1.1" 200 -
2026-09-17 09:50:57,916 INFO "GET /v1/status HTTP/1.1" 200 -
2026-09-17 09:50:57,973 INFO "GET /v1/status HTTP/1.1" 200 -
2026-09-17 09:50:58,026 INFO "GET /v1/status HTTP/1.1" 200 -
2026-09-17 09:50:58,084 INFO "GET /v1/status HTTP/1.1" 200 -
2026-09-17 09:50:58,143 INFO "GET /v1/status HTTP/1.1" 200 -
2026-09-17 09:50:58,200 INFO "GET /v1/status HTTP/1.1" 200 -
2026-09-17 09:50:58,261 INFO "GET /v1/status HTTP/1.1" 200 -
2026-09-17 09:50:58,320 INFO "GET /v1/status HTTP/1.1" 200 -
2026-09-17 09:50:58,380 INFO "GET /v1/status HTTP/1.1" 200 -
2026-09-17 09:50:58,440 INFO "GET /v1/status HTTP/1.1" 200 -
2026-09-17 09:50:58,495 INFO "GET /v1/status HTTP/1.1" 200 -
2026-09-17 09:50:58,550 INFO "GET /v1/status HTTP/1.1" 200 -
2026-09-17 09:50:58,609 INFO "GET /v1/status HTTP/1.1" 200 -
2026-09-17 09:50:58,665 INFO "GET /v1/status HTTP/1.1" 200 -
2026-09-17 09:50:58,723 INFO "GET /v1/status HTTP/1.1" 200 -
2026-09-17 09:50:58,778 INFO "GET /v1/status HTTP/1.1" 200 -
2026-09-17 09:50:58,836 INFO "GET /v1/status HTTP/1.1" 200 -
2026-09-17 09:50:58,896 INFO "GET /v1/status HTTP/1.1" 200 -
2026-09-17 09:50:58,950 INFO "GET /v1/status HTTP/1.1" 200 -
2026-09-17 09:50:58,984 INFO "GET /v1/status HTTP/1.1" 200 -
2026-09-17 09:50:59,962 INFO "POST /v1/chat/completions HTTP/1.1" 200 -
2026-09-17 09:51:00,723 INFO "POST /v1/chat/completions HTTP/1.1" 200 -
2026-09-17 09:51:01,512 INFO "POST /v1/chat/completions HTTP/1.1" 200 -
2026-09-17 09:51:02,383 INFO "POST /v1/chat/completions HTTP/1.1" 200 -
2026-09-17 09:51:03,113 INFO "POST /v1/chat/completions HTTP/1.1" 200 -
2026-09-17 09:51:03,913 INFO "POST /v1/chat/completions HTTP/1.1" 200 -
2026-09-17 09:51:04,657 INFO "POST /v1/chat/completions HTTP/1.1" 200 -
2026-09-17 09:51:05,584 INFO "POST /v1/chat/completions HTTP/1.1" 200 -
2026-09-17 09:51:06,338 INFO "POST /v1/chat/completions HTTP/1.1" 200 -
2026-09-17 09:51:07,065 INFO "POST /v1/chat/completions HTTP/1.1" 200 -
2026-09-17 09:51:07,748 INFO "POST /v1/chat/completions HTTP/1.1" 200 -
2026-09-17 09:51:08,449 INFO "POST /v1/chat/completions HTTP/1.1" 200 -
2026-09-17 09:51:09,221 INFO "POST /v1/chat/completions HTTP/1.1" 200 -
2026-09-17 09:51:09,938 INFO "POST /v1/chat/completions HTTP/1.1" 200 -
2026-09-17 09:51:10,764 INFO "POST /v1/chat/completions HTTP/1.1" 200 -
2026-09-17 09:51:11,576 INFO "POST /v1/chat/completions HTTP/1.1" 200 -
2026-09-17 09:51:12,404 INFO "POST /v1/chat/completions HTTP/1.1" 200 -
2026-09-17 09:51:13,219 INFO "POST /v1/chat/completions HTTP/1.1" 200 -
2026-09-17 09:51:14,036 INFO "POST /v1/chat/completions HTTP/1.1" 200 -
2026-09-17 09:51:14,902 INFO "POST /v1/chat/completions HTTP/1.1" 200 -
2026-09-17 09:51:19,724 INFO "POST /v1/chat/completions HTTP/1.1" 200 -
2026-09-17 09:51:19,725 INFO "POST /v1/chat/completions HTTP/1.1" 200 -
2026-09-17 09:51:19,725 INFO "POST /v1/chat/completions HTTP/1.1" 200 -
2026-09-17 09:51:19,825 INFO "POST /v1/chat/completions HTTP/1.1" 200 -
2026-09-17 09:51:19,826 INFO "POST /v1/chat/completions HTTP/1.1" 200 -
2026-09-17 09:51:19,918 INFO "POST /v1/chat/completions HTTP/1.1" 200 -
2026-09-17 09:51:19,918 INFO "POST /v1/chat/completions HTTP/1.1" 200 -
2026-09-17 09:51:19,979 INFO "POST /v1/chat/completions HTTP/1.1" 200 -
2026-09-17 09:51:20,123 INFO "POST /v1/chat/completions HTTP/1.1" 200 -
2026-09-17 09:51:20,123 INFO "POST /v1/chat/completions HTTP/1.1" 200 -
2026-09-17 09:51:20,263 INFO "POST /v1/chat/completions HTTP/1.1" 200 -
2026-09-17 09:51:23,010 INFO "POST /v1/chat/completions HTTP/1.1" 200 -
2026-09-17 09:51:23,010 INFO "POST /v1/chat/completions HTTP/1.1" 200 -
2026-09-17 09:51:23,010 INFO "POST /v1/chat/completions HTTP/1.1" 200 -
2026-09-17 09:51:23,070 INFO "POST /v1/chat/completions HTTP/1.1" 200 -
2026-09-17 09:51:23,126 INFO "POST /v1/chat/completions HTTP/1.1" 200 -
2026-09-17 09:51:23,126 INFO "POST /v1/chat/completions HTTP/1.1" 200 -
2026-09-17 09:51:23,186 INFO "POST /v1/chat/completions HTTP/1.1" 200 -
2026-09-17 09:51:23,210 INFO "POST /v1/chat/completions HTTP/1.1" 200 -
2026-09-17 09:51:23,622 INFO "POST /v1/chat/completions HTTP/1.1" 200 -
2026-09-17 09:51:23,623 INFO "GET /v1/status HTTP/1.1" 200 -
2026-09-17 09:51:23,681 INFO "GET /v1/status HTTP/1.1" 200 -
2026-09-17 09:51:23,720 INFO "GET /v1/status HTTP/1.1" 200 -
2026-09-17 09:51:23,753 INFO "GET /v1/status HTTP/1.1" 200 -
2026-09-17 09:51:24,509 INFO "POST /v1/chat/completions HTTP/1.1" 200 -
2026-09-17 09:51:25,423 INFO "POST /v1/chat/completions HTTP/1.1" 200 -
2026-09-17 09:51:26,234 INFO "POST /v1/chat/completions HTTP/1.1" 200 -
2026-09-17 09:51:27,035 INFO "POST /v1/chat/completions HTTP/1.1" 200 -
2026-09-17 09:51:27,708 INFO "POST /v1/chat/completions HTTP/1.1" 200 -
2026-09-17 09:51:28,505 INFO "POST /v1/chat/completions HTTP/1.1" 200 -
2026-09-17 09:51:29,253 INFO "POST /v1/chat/completions HTTP/1.1" 200 -
2026-09-17 09:51:30,181 INFO "POST /v1/chat/completions HTTP/1.1" 200 -
2026-09-17 09:51:30,932 INFO "POST /v1/chat/completions HTTP/1.1" 200 -
2026-09-17 09:51:31,700 INFO "POST /v1/chat/completions HTTP/1.1" 200 -
2026-09-17 09:51:32,379 INFO "POST /v1/chat/completions HTTP/1.1" 200 -
2026-09-17 09:51:33,082 INFO "POST /v1/chat/completions HTTP/1.1" 200 -
2026-09-17 09:51:33,884 INFO "POST /v1/chat/completions HTTP/1.1" 200 -
2026-09-17 09:51:34,660 INFO "POST /v1/chat/completions HTTP/1.1" 200 -
2026-09-17 09:51:35,378 INFO "POST /v1/chat/completions HTTP/1.1" 200 -
2026-09-17 09:51:36,230 INFO "POST /v1/chat/completions HTTP/1.1" 200 -
2026-09-17 09:51:37,055 INFO "POST /v1/chat/completions HTTP/1.1" 200 -
2026-09-17 09:51:37,796 INFO "POST /v1/chat/completions HTTP/1.1" 200 -
2026-09-17 09:51:38,670 INFO "POST /v1/chat/completions HTTP/1.1" 200 -
2026-09-17 09:51:39,530 INFO "POST /v1/chat/completions HTTP/1.1" 200 -
2026-09-17 09:51:42,850 INFO "POST /v1/chat/completions HTTP/1.1" 200 -
2026-09-17 09:51:42,850 INFO "POST /v1/chat/completions HTTP/1.1" 200 -
2026-09-17 09:51:42,924 INFO "POST /v1/chat/completions HTTP/1.1" 200 -
2026-09-17 09:51:42,991 INFO "POST /v1/chat/completions HTTP/1.1" 200 -
2026-09-17 09:51:42,991 INFO "POST /v1/chat/completions HTTP/1.1" 200 -
2026-09-17 09:51:43,116 INFO "POST /v1/chat/completions HTTP/1.1" 200 -
2026-09-17 09:51:43,166 INFO "POST /v1/chat/completions HTTP/1.1" 200 -
2026-09-17 09:51:47,372 INFO "POST /v1/chat/completions HTTP/1.1" 200 -
2026-09-17 09:51:47,372 INFO "POST /v1/chat/completions HTTP/1.1" 200 -
2026-09-17 09:51:47,469 INFO "POST /v1/chat/completions HTTP/1.1" 200 -
2026-09-17 09:51:47,474 INFO "POST /v1/chat/completions HTTP/1.1" 200 -
2026-09-17 09:51:47,559 INFO "POST /v1/chat/completions HTTP/1.1" 200 -
2026-09-17 09:51:47,560 INFO "POST /v1/chat/completions HTTP/1.1" 200 -
2026-09-17 09:51:47,652 INFO "POST /v1/chat/completions HTTP/1.1" 200 -
2026-09-17 09:51:47,652 INFO "POST /v1/chat/completions HTTP/1.1" 200 -
2026-09-17 09:51:47,737 INFO "POST /v1/chat/completions HTTP/1.1" 200 -
2026-09-17 09:51:47,737 INFO "POST /v1/chat/completions HTTP/1.1" 200 -
2026-09-17 09:51:47,872 INFO "POST /v1/chat/completions HTTP/1.1" 200 -
2026-09-17 09:51:48,024 INFO "POST /v1/chat/completions HTTP/1.1" 200 -
2026-09-17 09:51:48,560 INFO "POST /v1/chat/completions HTTP/1.1" 200 -
2026-09-17 09:51:48,562 INFO "GET /v1/status HTTP/1.1" 200 -
2026-09-17 09:51:48,596 INFO "GET /v1/status HTTP/1.1" 200 -
2026-09-17 09:51:48,628 INFO "GET /v1/status HTTP/1.1" 200 -
2026-09-17 09:51:49,417 INFO "POST /v1/chat/completions HTTP/1.1" 200 -
2026-09-17 09:51:50,234 INFO "POST /v1/chat/completions HTTP/1.1" 200 -
2026-09-17 09:51:50,971 INFO "POST /v1/chat/completions HTTP/1.1" 200 -
2026-09-17 09:51:51,791 INFO "POST /v1/chat/completions HTTP/1.1" 200 -
2026-09-17 09:51:52,548 INFO "POST /v1/chat/completions HTTP/1.1" 200 -
2026-09-17 09:51:53,349 INFO "POST /v1/chat/completions HTTP/1.1" 200 -
2026-09-17 09:51:54,102 INFO "POST /v1/chat/completions HTTP/1.1" 200 -
2026-09-17 09:51:55,008 INFO "POST /v1/chat/completions HTTP/1.1" 200 -
2026-09-17 09:51:55,745 INFO "POST /v1/chat/completions HTTP/1.1" 200 -
2026-09-17 09:51:56,499 INFO "POST /v1/chat/completions HTTP/1.1" 200 -
2026-09-17 09:51:57,121 INFO "POST /v1/chat/completions HTTP/1.1" 200 -
2026-09-17 09:51:57,847 INFO "POST /v1/chat/completions HTTP/1.1" 200 -
2026-09-17 09:51:58,649 INFO "POST /v1/chat/completions HTTP/1.1" 200 -
2026-09-17 09:51:59,425 INFO "POST /v1/chat/completions HTTP/1.1" 200 -
2026-09-17 09:52:00,187 INFO "POST /v1/chat/completions HTTP/1.1" 200 -
2026-09-17 09:52:01,044 INFO "POST /v1/chat/completions HTTP/1.1" 200 -
2026-09-17 09:52:01,931 INFO "POST /v1/chat/completions HTTP/1.1" 200 -
2026-09-17 09:52:02,709 INFO "POST /v1/chat/completions HTTP/1.1" 200 -
2026-09-17 09:52:03,563 INFO "POST /v1/chat/completions HTTP/1.1" 200 -
2026-09-17 09:52:04,460 INFO "POST /v1/chat/completions HTTP/1.1" 200 -
2026-09-17 09:52:08,595 INFO "POST /v1/chat/completions HTTP/1.1" 200 -
2026-09-17 09:52:08,709 INFO "POST /v1/chat/completions HTTP/1.1" 200 -
2026-09-17 09:52:08,709 INFO "POST /v1/chat/completions HTTP/1.1" 200 -
2026-09-17 09:52:08,797 INFO "POST /v1/chat/completions HTTP/1.1" 200 -
2026-09-17 09:52:08,873 INFO "POST /v1/chat/completions HTTP/1.1" 200 -
2026-09-17 09:52:09,061 INFO "POST /v1/chat/completions HTTP/1.1" 200 -
2026-09-17 09:52:09,061 INFO "POST /v1/chat/completions HTTP/1.1" 200 -
2026-09-17 09:52:09,061 INFO "POST /v1/chat/completions HTTP/1.1" 200 -
2026-09-17 09:52:09,095 INFO "POST /v1/chat/completions HTTP/1.1" 200 -
2026-09-17 09:52:09,121 INFO "POST /v1/chat/completions HTTP/1.1" 200 -
2026-09-17 09:52:12,078 INFO "POST /v1/chat/completions HTTP/1.1" 200 -
2026-09-17 09:52:12,175 INFO "POST /v1/chat/completions HTTP/1.1" 200 -
2026-09-17 09:52:12,175 INFO "POST /v1/chat/completions HTTP/1.1" 200 -
2026-09-17 09:52:12,252 INFO "POST /v1/chat/completions HTTP/1.1" 200 -
2026-09-17 09:52:12,328 INFO "POST /v1/chat/completions HTTP/1.1" 200 -
2026-09-17 09:52:12,328 INFO "POST /v1/chat/completions HTTP/1.1" 200 -
2026-09-17 09:52:12,387 INFO "POST /v1/chat/completions HTTP/1.1" 200 -
2026-09-17 09:52:12,387 INFO "POST /v1/chat/completions HTTP/1.1" 200 -
2026-09-17 09:52:12,448 INFO "POST /v1/chat/completions HTTP/1.1" 200 -
2026-09-17 09:52:12,563 INFO "POST /v1/chat/completions HTTP/1.1" 200 -
2026-09-17 09:52:12,564 INFO "GET /v1/status HTTP/1.1" 200 -
2026-09-17 09:52:12,622 INFO "GET /v1/status HTTP/1.1" 200 -
2026-09-17 09:52:12,681 INFO "GET /v1/status HTTP/1.1" 200 -
2026-09-17 09:52:12,740 INFO "GET /v1/status HTTP/1.1" 200 -
2026-09-17 09:52:12,797 INFO "GET /v1/status HTTP/1.1" 200 -
2026-09-17 09:52:12,856 INFO "GET /v1/status HTTP/1.1" 200 -
2026-09-17 09:52:12,920 INFO "GET /v1/status HTTP/1.1" 200 -
2026-09-17 09:52:12,955 INFO "GET /v1/status HTTP/1.1" 200 -
2026-09-17 09:52:13,980 INFO "POST /v1/chat/completions HTTP/1.1" 200 -
2026-09-17 09:52:14,733 INFO "POST /v1/chat/completions HTTP/1.1" 200 -
2026-09-17 09:52:15,384 INFO "POST /v1/chat/completions HTTP/1.1" 200 -
2026-09-17 09:52:16,236 INFO "POST /v1/chat/completions HTTP/1.1" 200 -
2026-09-17 09:52:17,003 INFO "POST /v1/chat/completions HTTP/1.1" 200 -
2026-09-17 09:52:17,816 INFO "POST /v1/chat/completions HTTP/1.1" 200 -
2026-09-17 09:52:18,533 INFO "POST /v1/chat/completions HTTP/1.1" 200 -
2026-09-17 09:52:19,452 INFO "POST /v1/chat/completions HTTP/1.1" 200 -
2026-09-17 09:52:20,188 INFO "POST /v1/chat/completions HTTP/1.1" 200 -
2026-09-17 09:52:20,953 INFO "POST /v1/chat/completions HTTP/1.1" 200 -
2026-09-17 09:52:21,588 INFO "POST /v1/chat/completions HTTP/1.1" 200 -
2026-09-17 09:52:22,281 INFO "POST /v1/chat/completions HTTP/1.1" 200 -
2026-09-17 09:52:23,074 INFO "POST /v1/chat/completions HTTP/1.1" 200 -
2026-09-17 09:52:23,840 INFO "POST /v1/chat/completions HTTP/1.1" 200 -
2026-09-17 09:52:24,661 INFO "POST /v1/chat/completions HTTP/1.1" 200 -
2026-09-17 09:52:25,498 INFO "POST /v1/chat/completions HTTP/1.1" 200 -
2026-09-17 09:52:26,393 INFO "POST /v1/chat/completions HTTP/1.1" 200 -
2026-09-17 09:52:27,175 INFO "POST /v1/chat/completions HTTP/1.1" 200 -
2026-09-17 09:52:28,019 INFO "POST /v1/chat/completions HTTP/1.1" 200 -
2026-09-17 09:52:28,862 INFO "POST /v1/chat/completions HTTP/1.1" 200 -
2026-09-17 09:52:32,082 INFO "POST /v1/chat/completions HTTP/1.1" 200 -
2026-09-17 09:52:32,157 INFO "POST /v1/chat/completions HTTP/1.1" 200 -
2026-09-17 09:52:32,235 INFO "POST /v1/chat/completions HTTP/1.1" 200 -
2026-09-17 09:52:32,236 INFO "POST /v1/chat/completions HTTP/1.1" 200 -
2026-09-17 09:52:32,459 INFO "POST /v1/chat/completions HTTP/1.1" 200 -
2026-09-17 09:52:32,459 INFO "POST /v1/chat/completions HTTP/1.1" 200 -
2026-09-17 09:52:32,580 INFO "POST /v1/chat/completions HTTP/1.1" 200 -
2026-09-17 09:52:36,937 INFO "POST /v1/chat/completions HTTP/1.1" 200 -
2026-09-17 09:52:36,938 INFO "POST /v1/chat/completions HTTP/1.1" 200 -
2026-09-17 09:52:36,940 INFO "POST /v1/chat/completions HTTP/1.1" 200 -
2026-09-17 09:52:37,029 INFO "POST /v1/chat/completions HTTP/1.1" 200 -
2026-09-17 09:52:37,033 INFO "POST /v1/chat/completions HTTP/1.1" 200 -
2026-09-17 09:52:37,033 INFO "POST /v1/chat/completions HTTP/1.1" 200 -
2026-09-17 09:52:37,099 INFO "POST /v1/chat/completions HTTP/1.1" 200 -
2026-09-17 09:52:37,099 INFO "POST /v1/chat/completions HTTP/1.1" 200 -
2026-09-17 09:52:37,148 INFO "POST /v1/chat/completions HTTP/1.1" 200 -
2026-09-17 09:52:37,148 INFO "POST /v1/chat/completions HTTP/1.1" 200 -
2026-09-17 09:52:37,192 INFO "POST /v1/chat/completions HTTP/1.1" 200 -
2026-09-17 09:52:37,352 INFO "POST /v1/chat/completions HTTP/1.1" 200 -
2026-09-17 09:52:37,386 INFO "POST /v1/chat/completions HTTP/1.1" 200 -
2026-09-17 09:52:37,388 INFO "GET /v1/status HTTP/1.1" 200 -
2026-09-17 09:52:37,446 INFO "GET /v1/status HTTP/1.1" 200 -
2026-09-17 09:52:37,504 INFO "GET /v1/status HTTP/1.1" 200 -
2026-09-17 09:52:37,550 INFO "GET /v1/status HTTP/1.1" 200 -
2026-09-17 09:52:37,584 INFO "GET /v1/status HTTP/1.1" 200 -
2026-09-17 09:52:38,484 INFO "POST /v1/chat/completions HTTP/1.1" 200 -
2026-09-17 09:52:39,301 INFO "POST /v1/chat/completions HTTP/1.1" 200 -
2026-09-17 09:52:40,011 INFO "POST /v1/chat/completions HTTP/1.1" 200 -
2026-09-17 09:52:40,811 INFO "POST /v1/chat/completions HTTP/1.1" 200 -
2026-09-17 09:52:41,528 INFO "POST /v1/chat/completions HTTP/1.1" 200 -
2026-09-17 09:52:42,308 INFO "POST /v1/chat/completions HTTP/1.1" 200 -
2026-09-17 09:52:43,105 INFO "POST /v1/chat/completions HTTP/1.1" 200 -
2026-09-17 09:52:44,033 INFO "POST /v1/chat/completions HTTP/1.1" 200 -
2026-09-17 09:52:44,760 INFO "POST /v1/chat/completions HTTP/1.1" 200 -
2026-09-17 09:52:45,488 INFO "POST /v1/chat/completions HTTP/1.1" 200 -
2026-09-17 09:52:46,257 INFO "POST /v1/chat/completions HTTP/1.1" 200 -
2026-09-17 09:52:47,002 INFO "POST /v1/chat/completions HTTP/1.1" 200 -
2026-09-17 09:52:47,795 INFO "POST /v1/chat/completions HTTP/1.1" 200 -
2026-09-17 09:52:48,577 INFO "POST /v1/chat/completions HTTP/1.1" 200 -
2026-09-17 09:52:49,402 INFO "POST /v1/chat/completions HTTP/1.1" 200 -
2026-09-17 09:52:50,200 INFO "POST /v1/chat/completions HTTP/1.1" 200 -
2026-09-17 09:52:50,988 INFO "POST /v1/chat/completions HTTP/1.1" 200 -
2026-09-17 09:52:51,746 INFO "POST /v1/chat/completions HTTP/1.1" 200 -
2026-09-17 09:52:52,614 INFO "POST /v1/chat/completions HTTP/1.1" 200 -
2026-09-17 09:52:53,514 INFO "POST /v1/chat/completions HTTP/1.1" 200 -
2026-09-17 09:52:56,709 INFO "POST /v1/chat/completions HTTP/1.1" 200 -
2026-09-17 09:52:56,786 INFO "POST /v1/chat/completions HTTP/1.1" 200 -
2026-09-17 09:52:56,857 INFO "POST /v1/chat/completions HTTP/1.1" 200 -
2026-09-17 09:52:56,857 INFO "POST /v1/chat/completions HTTP/1.1" 200 -
2026-09-17 09:52:57,114 INFO "POST /v1/chat/completions HTTP/1.1" 200 -
2026-09-17 09:52:57,114 INFO "POST /v1/chat/completions HTTP/1.1" 200 -
2026-09-17 09:52:57,114 INFO "POST /v1/chat/completions HTTP/1.1" 200 -
2026-09-17 09:53:01,382 INFO "POST /v1/chat/completions HTTP/1.1" 200 -
2026-09-17 09:53:01,382 INFO "POST /v1/chat/completions HTTP/1.1" 200 -
2026-09-17 09:53:01,382 INFO "POST /v1/chat/completions HTTP/1.1" 200 -
2026-09-17 09:53:01,473 INFO "POST /v1/chat/completions HTTP/1.1" 200 -
2026-09-17 09:53:01,473 INFO "POST /v1/chat/completions HTTP/1.1" 200 -
2026-09-17 09:53:01,554 INFO "POST /v1/chat/completions HTTP/1.1" 200 -
2026-09-17 09:53:01,554 INFO "POST /v1/chat/completions HTTP/1.1" 200 -
2026-09-17 09:53:01,554 INFO "POST /v1/chat/completions HTTP/1.1" 200 -
2026-09-17 09:53:01,603 INFO "POST /v1/chat/completions HTTP/1.1" 200 -
2026-09-17 09:53:01,603 INFO "POST /v1/chat/completions HTTP/1.1" 200 -
2026-09-17 09:53:01,757 INFO "POST /v1/chat/completions HTTP/1.1" 200 -
2026-09-17 09:53:02,040 INFO "POST /v1/chat/completions HTTP/1.1" 200 -
2026-09-17 09:53:02,040 INFO "POST /v1/chat/completions HTTP/1.1" 200 -
2026-09-17 09:53:02,042 INFO "GET /v1/status HTTP/1.1" 200 -
2026-09-17 09:53:02,099 INFO "GET /v1/status HTTP/1.1" 200 -
2026-09-17 09:53:02,158 INFO "GET /v1/status HTTP/1.1" 200 -
2026-09-17 09:53:02,216 INFO "GET /v1/status HTTP/1.1" 200 -
2026-09-17 09:53:02,278 INFO "GET /v1/status HTTP/1.1" 200 -
2026-09-17 09:53:02,331 INFO "GET /v1/status HTTP/1.1" 200 -
2026-09-17 09:53:02,367 INFO "GET /v1/status HTTP/1.1" 200 -
2026-09-17 09:53:03,228 INFO "POST /v1/chat/completions HTTP/1.1" 200 -
2026-09-17 09:53:04,047 INFO "POST /v1/chat/completions HTTP/1.1" 200 -
2026-09-17 09:53:04,779 INFO "POST /v1/chat/completions HTTP/1.1" 200 -
2026-09-17 09:53:05,807 INFO "POST /v1/chat/completions HTTP/1.1" 200 -
2026-09-17 09:53:06,604 INFO "POST /v1/chat/completions HTTP/1.1" 200 -
2026-09-17 09:53:07,372 INFO "POST /v1/chat/completions HTTP/1.1" 200 -
2026-09-17 09:53:08,111 INFO "POST /v1/chat/completions HTTP/1.1" 200 -
2026-09-17 09:53:09,019 INFO "POST /v1/chat/completions HTTP/1.1" 200 -
2026-09-17 09:53:09,739 INFO "POST /v1/chat/completions HTTP/1.1" 200 -
2026-09-17 09:53:10,405 INFO "POST /v1/chat/completions HTTP/1.1" 200 -
2026-09-17 09:53:11,104 INFO "POST /v1/chat/completions HTTP/1.1" 200 -
2026-09-17 09:53:11,861 INFO "POST /v1/chat/completions HTTP/1.1" 200 -
2026-09-17 09:53:12,655 INFO "POST /v1/chat/completions HTTP/1.1" 200 -
2026-09-17 09:53:13,439 INFO "POST /v1/chat/completions HTTP/1.1" 200 -
2026-09-17 09:53:14,264 INFO "POST /v1/chat/completions HTTP/1.1" 200 -
2026-09-17 09:53:15,088 INFO "POST /v1/chat/completions HTTP/1.1" 200 -
2026-09-17 09:53:15,922 INFO "POST /v1/chat/completions HTTP/1.1" 200 -
2026-09-17 09:53:16,732 INFO "POST /v1/chat/completions HTTP/1.1" 200 -
2026-09-17 09:53:17,560 INFO "POST /v1/chat/completions HTTP/1.1" 200 -
2026-09-17 09:53:18,404 INFO "POST /v1/chat/completions HTTP/1.1" 200 -
2026-09-17 09:53:21,321 INFO "POST /v1/chat/completions HTTP/1.1" 200 -
2026-09-17 09:53:21,392 INFO "POST /v1/chat/completions HTTP/1.1" 200 -
2026-09-17 09:53:21,392 INFO "POST /v1/chat/completions HTTP/1.1" 200 -
2026-09-17 09:53:21,483 INFO "POST /v1/chat/completions HTTP/1.1" 200 -
2026-09-17 09:53:21,602 INFO "POST /v1/chat/completions HTTP/1.1" 200 -
2026-09-17 09:53:21,628 INFO "POST /v1/chat/completions HTTP/1.1" 200 -
2026-09-17 09:53:26,243 INFO "POST /v1/chat/completions HTTP/1.1" 200 -
2026-09-17 09:53:26,253 INFO "POST /v1/chat/completions HTTP/1.1" 200 -
2026-09-17 09:53:26,253 INFO "POST /v1/chat/completions HTTP/1.1" 200 -
2026-09-17 09:53:26,363 INFO "POST /v1/chat/completions HTTP/1.1" 200 -
2026-09-17 09:53:26,363 INFO "POST /v1/chat/completions HTTP/1.1" 200 -
2026-09-17 09:53:26,363 INFO "POST /v1/chat/completions HTTP/1.1" 200 -
2026-09-17 09:53:26,363 INFO "POST /v1/chat/completions HTTP/1.1" 200 -
2026-09-17 09:53:26,420 INFO "POST /v1/chat/completions HTTP/1.1" 200 -
2026-09-17 09:53:26,420 INFO "POST /v1/chat/completions HTTP/1.1" 200 -
2026-09-17 09:53:26,453 INFO "POST /v1/chat/completions HTTP/1.1" 200 -
2026-09-17 09:53:26,496 INFO "POST /v1/chat/completions HTTP/1.1" 200 -
2026-09-17 09:53:26,833 INFO "POST /v1/chat/completions HTTP/1.1" 200 -
2026-09-17 09:53:27,041 INFO "POST /v1/chat/completions HTTP/1.1" 200 -
2026-09-17 09:53:27,095 INFO "POST /v1/chat/completions HTTP/1.1" 200 -
2026-09-17 09:53:27,097 INFO "GET /v1/status HTTP/1.1" 200 -
2026-09-17 09:53:27,155 INFO "GET /v1/status HTTP/1.1" 200 -
2026-09-17 09:53:27,209 INFO "GET /v1/status HTTP/1.1" 200 -
2026-09-17 09:53:27,268 INFO "GET /v1/status HTTP/1.1" 200 -
2026-09-17 09:53:27,326 INFO "GET /v1/status HTTP/1.1" 200 -
2026-09-17 09:53:27,386 INFO "GET /v1/status HTTP/1.1" 200 -
2026-09-17 09:53:27,445 INFO "GET /v1/status HTTP/1.1" 200 -
2026-09-17 09:53:27,507 INFO "GET /v1/status HTTP/1.1" 200 -
2026-09-17 09:53:27,565 INFO "GET /v1/status HTTP/1.1" 200 -
2026-09-17 09:53:27,626 INFO "GET /v1/status HTTP/1.1" 200 -
2026-09-17 09:53:27,687 INFO "GET /v1/status HTTP/1.1" 200 -
2026-09-17 09:53:27,746 INFO "GET /v1/status HTTP/1.1" 200 -
2026-09-17 09:53:27,803 INFO "GET /v1/status HTTP/1.1" 200 -
2026-09-17 09:53:27,861 INFO "GET /v1/status HTTP/1.1" 200 -
2026-09-17 09:53:27,921 INFO "GET /v1/status HTTP/1.1" 200 -
2026-09-17 09:53:27,980 INFO "GET /v1/status HTTP/1.1" 200 -
2026-09-17 09:53:28,015 INFO "GET /v1/status HTTP/1.1" 200 -
2026-09-17 09:53:28,965 INFO "POST /v1/chat/completions HTTP/1.1" 200 -
2026-09-17 09:53:29,754 INFO "POST /v1/chat/completions HTTP/1.1" 200 -
2026-09-17 09:53:30,454 INFO "POST /v1/chat/completions HTTP/1.1" 200 -
2026-09-17 09:53:31,273 INFO "POST /v1/chat/completions HTTP/1.1" 200 -
2026-09-17 09:53:32,030 INFO "POST /v1/chat/completions HTTP/1.1" 200 -
2026-09-17 09:53:32,820 INFO "POST /v1/chat/completions HTTP/1.1" 200 -
2026-09-17 09:53:33,561 INFO "POST /v1/chat/completions HTTP/1.1" 200 -
2026-09-17 09:53:34,414 INFO "POST /v1/chat/completions HTTP/1.1" 200 -
2026-09-17 09:53:35,170 INFO "POST /v1/chat/completions HTTP/1.1" 200 -
2026-09-17 09:53:35,866 INFO "POST /v1/chat/completions HTTP/1.1" 200 -
2026-09-17 09:53:36,601 INFO "POST /v1/chat/completions HTTP/1.1" 200 -
2026-09-17 09:53:37,350 INFO "POST /v1/chat/completions HTTP/1.1" 200 -
2026-09-17 09:53:38,142 INFO "POST /v1/chat/completions HTTP/1.1" 200 -
2026-09-17 09:53:38,949 INFO "POST /v1/chat/completions HTTP/1.1" 200 -
2026-09-17 09:53:39,707 INFO "POST /v1/chat/completions HTTP/1.1" 200 -
2026-09-17 09:53:40,516 INFO "POST /v1/chat/completions HTTP/1.1" 200 -
2026-09-17 09:53:41,372 INFO "POST /v1/chat/completions HTTP/1.1" 200 -
2026-09-17 09:53:42,122 INFO "POST /v1/chat/completions HTTP/1.1" 200 -
2026-09-17 09:53:42,949 INFO "POST /v1/chat/completions HTTP/1.1" 200 -
2026-09-17 09:53:43,833 INFO "POST /v1/chat/completions HTTP/1.1" 200 -
2026-09-17 09:53:47,387 INFO "POST /v1/chat/completions HTTP/1.1" 200 -
2026-09-17 09:53:47,387 INFO "POST /v1/chat/completions HTTP/1.1" 200 -
2026-09-17 09:53:47,467 INFO "POST /v1/chat/completions HTTP/1.1" 200 -
2026-09-17 09:53:47,536 INFO "POST /v1/chat/completions HTTP/1.1" 200 -
2026-09-17 09:53:47,594 INFO "POST /v1/chat/completions HTTP/1.1" 200 -
2026-09-17 09:53:47,753 INFO "POST /v1/chat/completions HTTP/1.1" 200 -
2026-09-17 09:53:47,792 INFO "POST /v1/chat/completions HTTP/1.1" 200 -
2026-09-17 09:53:47,927 INFO "POST /v1/chat/completions HTTP/1.1" 200 -
2026-09-17 09:53:51,989 INFO "POST /v1/chat/completions HTTP/1.1" 200 -
2026-09-17 09:53:51,989 INFO "POST /v1/chat/completions HTTP/1.1" 200 -
2026-09-17 09:53:51,989 INFO "POST /v1/chat/completions HTTP/1.1" 200 -
2026-09-17 09:53:52,074 INFO "POST /v1/chat/completions HTTP/1.1" 200 -
2026-09-17 09:53:52,175 INFO "POST /v1/chat/completions HTTP/1.1" 200 -
2026-09-17 09:53:52,176 INFO "POST /v1/chat/completions HTTP/1.1" 200 -
2026-09-17 09:53:52,176 INFO "POST /v1/chat/completions HTTP/1.1" 200 -
2026-09-17 09:53:52,176 INFO "POST /v1/chat/completions HTTP/1.1" 200 -
2026-09-17 09:53:52,176 INFO "POST /v1/chat/completions HTTP/1.1" 200 -
2026-09-17 09:53:52,211 INFO "POST /v1/chat/completions HTTP/1.1" 200 -
2026-09-17 09:53:52,255 INFO "POST /v1/chat/completions HTTP/1.1" 200 -
2026-09-17 09:53:52,321 INFO "POST /v1/chat/completions HTTP/1.1" 200 -
2026-09-17 09:53:52,322 INFO "GET /v1/status HTTP/1.1" 200 -
2026-09-17 09:53:52,380 INFO "GET /v1/status HTTP/1.1" 200 -
2026-09-17 09:53:52,439 INFO "GET /v1/status HTTP/1.1" 200 -
2026-09-17 09:53:52,497 INFO "GET /v1/status HTTP/1.1" 200 -
2026-09-17 09:53:52,532 INFO "GET /v1/status HTTP/1.1" 200 -
2026-09-17 09:53:52,562 INFO "GET /v1/status HTTP/1.1" 200 -
2026-09-17 09:53:53,467 INFO "POST /v1/chat/completions HTTP/1.1" 200 -
2026-09-17 09:53:54,189 INFO "POST /v1/chat/completions HTTP/1.1" 200 -
2026-09-17 09:53:54,921 INFO "POST /v1/chat/completions HTTP/1.1" 200 -
2026-09-17 09:53:55,754 INFO "POST /v1/chat/completions HTTP/1.1" 200 -
2026-09-17 09:53:56,471 INFO "POST /v1/chat/completions HTTP/1.1" 200 -
2026-09-17 09:53:57,333 INFO "POST /v1/chat/completions HTTP/1.1" 200 -
2026-09-17 09:53:58,038 INFO "POST /v1/chat/completions HTTP/1.1" 200 -
2026-09-17 09:53:58,968 INFO "POST /v1/chat/completions HTTP/1.1" 200 -
2026-09-17 09:53:59,684 INFO "POST /v1/chat/completions HTTP/1.1" 200 -
2026-09-17 09:54:00,437 INFO "POST /v1/chat/completions HTTP/1.1" 200 -
2026-09-17 09:54:01,181 INFO "POST /v1/chat/completions HTTP/1.1" 200 -
2026-09-17 09:54:01,927 INFO "POST /v1/chat/completions HTTP/1.1" 200 -
2026-09-17 09:54:02,731 INFO "POST /v1/chat/completions HTTP/1.1" 200 -
2026-09-17 09:54:03,554 INFO "POST /v1/chat/completions HTTP/1.1" 200 -
2026-09-17 09:54:04,351 INFO "POST /v1/chat/completions HTTP/1.1" 200 -
2026-09-17 09:54:05,190 INFO "POST /v1/chat/completions HTTP/1.1" 200 -
2026-09-17 09:54:06,076 INFO "POST /v1/chat/completions HTTP/1.1" 200 -
2026-09-17 09:54:06,867 INFO "POST /v1/chat/completions HTTP/1.1" 200 -
2026-09-17 09:54:07,673 INFO "POST /v1/chat/completions HTTP/1.1" 200 -
2026-09-17 09:54:08,574 INFO "POST /v1/chat/completions HTTP/1.1" 200 -
2026-09-17 09:54:11,474 INFO "POST /v1/chat/completions HTTP/1.1" 200 -
2026-09-17 09:54:11,541 INFO "POST /v1/chat/completions HTTP/1.1" 200 -
2026-09-17 09:54:11,648 INFO "POST /v1/chat/completions HTTP/1.1" 200 -
2026-09-17 09:54:11,741 INFO "POST /v1/chat/completions HTTP/1.1" 200 -
2026-09-17 09:54:11,741 INFO "POST /v1/chat/completions HTTP/1.1" 200 -
2026-09-17 09:54:12,034 INFO "POST /v1/chat/completions HTTP/1.1" 200 -
2026-09-17 09:54:16,596 INFO "POST /v1/chat/completions HTTP/1.1" 200 -
2026-09-17 09:54:16,596 INFO "POST /v1/chat/completions HTTP/1.1" 200 -
2026-09-17 09:54:16,596 INFO "POST /v1/chat/completions HTTP/1.1" 200 -
2026-09-17 09:54:16,597 INFO "POST /v1/chat/completions HTTP/1.1" 200 -
2026-09-17 09:54:16,677 INFO "POST /v1/chat/completions HTTP/1.1" 200 -
2026-09-17 09:54:16,757 INFO "POST /v1/chat/completions HTTP/1.1" 200 -
2026-09-17 09:54:16,757 INFO "POST /v1/chat/completions HTTP/1.1" 200 -
2026-09-17 09:54:16,757 INFO "POST /v1/chat/completions HTTP/1.1" 200 -
2026-09-17 09:54:16,800 INFO "POST /v1/chat/completions HTTP/1.1" 200 -
2026-09-17 09:54:16,868 INFO "POST /v1/chat/completions HTTP/1.1" 200 -
2026-09-17 09:54:16,868 INFO "POST /v1/chat/completions HTTP/1.1" 200 -
2026-09-17 09:54:17,121 INFO "POST /v1/chat/completions HTTP/1.1" 200 -
2026-09-17 09:54:17,331 INFO "POST /v1/chat/completions HTTP/1.1" 200 -
2026-09-17 09:54:17,384 INFO "POST /v1/chat/completions HTTP/1.1" 200 -
2026-09-17 09:54:17,386 INFO "GET /v1/status HTTP/1.1" 200 -
2026-09-17 09:54:17,444 INFO "GET /v1/status HTTP/1.1" 200 -
2026-09-17 09:54:17,502 INFO "GET /v1/status HTTP/1.1" 200 -
2026-09-17 09:54:17,558 INFO "GET /v1/status HTTP/1.1" 200 -
2026-09-17 09:54:17,617 INFO "GET /v1/status HTTP/1.1" 200 -
2026-09-17 09:54:17,677 INFO "GET /v1/status HTTP/1.1" 200 -
2026-09-17 09:54:17,734 INFO "GET /v1/status HTTP/1.1" 200 -
2026-09-17 09:54:17,794 INFO "GET /v1/status HTTP/1.1" 200 -
2026-09-17 09:54:17,855 INFO "GET /v1/status HTTP/1.1" 200 -
2026-09-17 09:54:17,915 INFO "GET /v1/status HTTP/1.1" 200 -
2026-09-17 09:54:17,972 INFO "GET /v1/status HTTP/1.1" 200 -
2026-09-17 09:54:18,032 INFO "GET /v1/status HTTP/1.1" 200 -
2026-09-17 09:54:18,093 INFO "GET /v1/status HTTP/1.1" 200 -
2026-09-17 09:54:18,152 INFO "GET /v1/status HTTP/1.1" 200 -
2026-09-17 09:54:18,210 INFO "GET /v1/status HTTP/1.1" 200 -
2026-09-17 09:54:18,245 INFO "GET /v1/status HTTP/1.1" 200 -
2026-09-17 09:54:19,076 INFO "POST /v1/chat/completions HTTP/1.1" 200 -
2026-09-17 09:54:19,993 INFO "POST /v1/chat/completions HTTP/1.1" 200 -
2026-09-17 09:54:20,736 INFO "POST /v1/chat/completions HTTP/1.1" 200 -
2026-09-17 09:54:21,577 INFO "POST /v1/chat/completions HTTP/1.1" 200 -
2026-09-17 09:54:22,315 INFO "POST /v1/chat/completions HTTP/1.1" 200 -
2026-09-17 09:54:23,108 INFO "POST /v1/chat/completions HTTP/1.1" 200 -
2026-09-17 09:54:23,820 INFO "POST /v1/chat/completions HTTP/1.1" 200 -
2026-09-17 09:54:24,766 INFO "POST /v1/chat/completions HTTP/1.1" 200 -
2026-09-17 09:54:25,537 INFO "POST /v1/chat/completions HTTP/1.1" 200 -
2026-09-17 09:54:26,274 INFO "POST /v1/chat/completions HTTP/1.1" 200 -
2026-09-17 09:54:26,950 INFO "POST /v1/chat/completions HTTP/1.1" 200 -
2026-09-17 09:54:27,643 INFO "POST /v1/chat/completions HTTP/1.1" 200 -
2026-09-17 09:54:28,477 INFO "POST /v1/chat/completions HTTP/1.1" 200 -
2026-09-17 09:54:29,285 INFO "POST /v1/chat/completions HTTP/1.1" 200 -
2026-09-17 09:54:30,090 INFO "POST /v1/chat/completions HTTP/1.1" 200 -
2026-09-17 09:54:30,879 INFO "POST /v1/chat/completions HTTP/1.1" 200 -
2026-09-17 09:54:31,694 INFO "POST /v1/chat/completions HTTP/1.1" 200 -
2026-09-17 09:54:32,396 INFO "POST /v1/chat/completions HTTP/1.1" 200 -
2026-09-17 09:54:33,202 INFO "POST /v1/chat/completions HTTP/1.1" 200 -
2026-09-17 09:54:34,081 INFO "POST /v1/chat/completions HTTP/1.1" 200 -
2026-09-17 09:54:37,334 INFO "POST /v1/chat/completions HTTP/1.1" 200 -
2026-09-17 09:54:37,334 INFO "POST /v1/chat/completions HTTP/1.1" 200 -
2026-09-17 09:54:37,334 INFO "POST /v1/chat/completions HTTP/1.1" 200 -
2026-09-17 09:54:37,492 INFO "POST /v1/chat/completions HTTP/1.1" 200 -
2026-09-17 09:54:37,591 INFO "POST /v1/chat/completions HTTP/1.1" 200 -
2026-09-17 09:54:37,591 INFO "POST /v1/chat/completions HTTP/1.1" 200 -
2026-09-17 09:54:37,615 INFO "POST /v1/chat/completions HTTP/1.1" 200 -
2026-09-17 09:54:41,972 INFO "POST /v1/chat/completions HTTP/1.1" 200 -
2026-09-17 09:54:41,972 INFO "POST /v1/chat/completions HTTP/1.1" 200 -
2026-09-17 09:54:41,972 INFO "POST /v1/chat/completions HTTP/1.1" 200 -
2026-09-17 09:54:41,972 INFO "POST /v1/chat/completions HTTP/1.1" 200 -
2026-09-17 09:54:42,059 INFO "POST /v1/chat/completions HTTP/1.1" 200 -
2026-09-17 09:54:42,059 INFO "POST /v1/chat/completions HTTP/1.1" 200 -
2026-09-17 09:54:42,130 INFO "POST /v1/chat/completions HTTP/1.1" 200 -
2026-09-17 09:54:42,130 INFO "POST /v1/chat/completions HTTP/1.1" 200 -
2026-09-17 09:54:42,130 INFO "POST /v1/chat/completions HTTP/1.1" 200 -
2026-09-17 09:54:42,225 INFO "POST /v1/chat/completions HTTP/1.1" 200 -
2026-09-17 09:54:42,225 INFO "POST /v1/chat/completions HTTP/1.1" 200 -
2026-09-17 09:54:42,470 INFO "POST /v1/chat/completions HTTP/1.1" 200 -
2026-09-17 09:54:42,660 INFO "POST /v1/chat/completions HTTP/1.1" 200 -
2026-09-17 09:54:42,661 INFO "GET /v1/status HTTP/1.1" 200 -
2026-09-17 09:54:42,719 INFO "GET /v1/status HTTP/1.1" 200 -
2026-09-17 09:54:42,778 INFO "GET /v1/status HTTP/1.1" 200 -
2026-09-17 09:54:42,837 INFO "GET /v1/status HTTP/1.1" 200 -
2026-09-17 09:54:42,898 INFO "GET /v1/status HTTP/1.1" 200 -
2026-09-17 09:54:42,959 INFO "GET /v1/status HTTP/1.1" 200 -
2026-09-17 09:54:43,022 INFO "GET /v1/status HTTP/1.1" 200 -
2026-09-17 09:54:43,082 INFO "GET /v1/status HTTP/1.1" 200 -
2026-09-17 09:54:43,143 INFO "GET /v1/status HTTP/1.1" 200 -
2026-09-17 09:54:43,203 INFO "GET /v1/status HTTP/1.1" 200 -
2026-09-17 09:54:43,239 INFO "GET /v1/status HTTP/1.1" 200 -
2026-09-17 09:54:44,051 INFO "POST /v1/chat/completions HTTP/1.1" 200 -
2026-09-17 09:54:44,878 INFO "POST /v1/chat/completions HTTP/1.1" 200 -
2026-09-17 09:54:45,604 INFO "POST /v1/chat/completions HTTP/1.1" 200 -
2026-09-17 09:54:46,436 INFO "POST /v1/chat/completions HTTP/1.1" 200 -
2026-09-17 09:54:47,166 INFO "POST /v1/chat/completions HTTP/1.1" 200 -
2026-09-17 09:54:47,976 INFO "POST /v1/chat/completions HTTP/1.1" 200 -
2026-09-17 09:54:48,895 INFO "POST /v1/chat/completions HTTP/1.1" 200 -
2026-09-17 09:54:49,793 INFO "POST /v1/chat/completions HTTP/1.1" 200 -
2026-09-17 09:54:50,519 INFO "POST /v1/chat/completions HTTP/1.1" 200 -
2026-09-17 09:54:51,348 INFO "POST /v1/chat/completions HTTP/1.1" 200 -
2026-09-17 09:54:52,103 INFO "POST /v1/chat/completions HTTP/1.1" 200 -
2026-09-17 09:54:52,831 INFO "POST /v1/chat/completions HTTP/1.1" 200 -
2026-09-17 09:54:53,557 INFO "POST /v1/chat/completions HTTP/1.1" 200 -
2026-09-17 09:54:54,326 INFO "POST /v1/chat/completions HTTP/1.1" 200 -
2026-09-17 09:54:55,069 INFO "POST /v1/chat/completions HTTP/1.1" 200 -
2026-09-17 09:54:55,904 INFO "POST /v1/chat/completions HTTP/1.1" 200 -
2026-09-17 09:54:56,751 INFO "POST /v1/chat/completions HTTP/1.1" 200 -
2026-09-17 09:54:57,509 INFO "POST /v1/chat/completions HTTP/1.1" 200 -
2026-09-17 09:54:58,343 INFO "POST /v1/chat/completions HTTP/1.1" 200 -
2026-09-17 09:54:59,239 INFO "POST /v1/chat/completions HTTP/1.1" 200 -
2026-09-17 09:55:02,108 INFO "POST /v1/chat/completions HTTP/1.1" 200 -
2026-09-17 09:55:02,236 INFO "POST /v1/chat/completions HTTP/1.1" 200 -
2026-09-17 09:55:02,236 INFO "POST /v1/chat/completions HTTP/1.1" 200 -
2026-09-17 09:55:02,236 INFO "POST /v1/chat/completions HTTP/1.1" 200 -
2026-09-17 09:55:02,272 INFO "POST /v1/chat/completions HTTP/1.1" 200 -
2026-09-17 09:55:02,354 INFO "POST /v1/chat/completions HTTP/1.1" 200 -
2026-09-17 09:55:06,848 INFO "POST /v1/chat/completions HTTP/1.1" 200 -
2026-09-17 09:55:06,848 INFO "POST /v1/chat/completions HTTP/1.1" 200 -
2026-09-17 09:55:06,966 INFO "POST /v1/chat/completions HTTP/1.1" 200 -
2026-09-17 09:55:06,966 INFO "POST /v1/chat/completions HTTP/1.1" 200 -
2026-09-17 09:55:07,044 INFO "POST /v1/chat/completions HTTP/1.1" 200 -
2026-09-17 09:55:07,044 INFO "POST /v1/chat/completions HTTP/1.1" 200 -
2026-09-17 09:55:07,098 INFO "POST /v1/chat/completions HTTP/1.1" 200 -
2026-09-17 09:55:07,178 INFO "POST /v1/chat/completions HTTP/1.1" 200 -
2026-09-17 09:55:07,212 INFO "POST /v1/chat/completions HTTP/1.1" 200 -
2026-09-17 09:55:07,314 INFO "POST /v1/chat/completions HTTP/1.1" 200 -
2026-09-17 09:55:07,393 INFO "POST /v1/chat/completions HTTP/1.1" 200 -
2026-09-17 09:55:07,640 INFO "POST /v1/chat/completions HTTP/1.1" 200 -
2026-09-17 09:55:07,670 INFO "POST /v1/chat/completions HTTP/1.1" 200 -
2026-09-17 09:55:08,157 INFO "POST /v1/chat/completions HTTP/1.1" 200 -
2026-09-17 09:55:08,159 INFO "GET /v1/status HTTP/1.1" 200 -
2026-09-17 09:55:08,193 INFO "GET /v1/status HTTP/1.1" 200 -
2026-09-17 09:55:08,223 INFO "GET /v1/status HTTP/1.1" 200 -
2026-09-17 09:55:09,163 INFO "POST /v1/chat/completions HTTP/1.1" 200 -
2026-09-17 09:55:09,884 INFO "POST /v1/chat/completions HTTP/1.1" 200 -
2026-09-17 09:55:10,641 INFO "POST /v1/chat/completions HTTP/1.1" 200 -
2026-09-17 09:55:11,464 INFO "POST /v1/chat/completions HTTP/1.1" 200 -
2026-09-17 09:55:12,262 INFO "POST /v1/chat/completions HTTP/1.1" 200 -
2026-09-17 09:55:13,033 INFO "POST /v1/chat/completions HTTP/1.1" 200 -
2026-09-17 09:55:13,803 INFO "POST /v1/chat/completions HTTP/1.1" 200 -
2026-09-17 09:55:14,710 INFO "POST /v1/chat/completions HTTP/1.1" 200 -
2026-09-17 09:55:15,487 INFO "POST /v1/chat/completions HTTP/1.1" 200 -
2026-09-17 09:55:16,261 INFO "POST /v1/chat/completions HTTP/1.1" 200 -
2026-09-17 09:55:16,980 INFO "POST /v1/chat/completions HTTP/1.1" 200 -
2026-09-17 09:55:17,691 INFO "POST /v1/chat/completions HTTP/1.1" 200 -
2026-09-17 09:55:18,514 INFO "POST /v1/chat/completions HTTP/1.1" 200 -
2026-09-17 09:55:19,323 INFO "POST /v1/chat/completions HTTP/1.1" 200 -
2026-09-17 09:55:20,129 INFO "POST /v1/chat/completions HTTP/1.1" 200 -
2026-09-17 09:55:20,996 INFO "POST /v1/chat/completions HTTP/1.1" 200 -
2026-09-17 09:55:21,874 INFO "POST /v1/chat/completions HTTP/1.1" 200 -
2026-09-17 09:55:22,648 INFO "POST /v1/chat/completions HTTP/1.1" 200 -
2026-09-17 09:55:23,515 INFO "POST /v1/chat/completions HTTP/1.1" 200 -
2026-09-17 09:55:24,408 INFO "POST /v1/chat/completions HTTP/1.1" 200 -
2026-09-17 09:55:27,916 INFO "POST /v1/chat/completions HTTP/1.1" 200 -
2026-09-17 09:55:28,008 INFO "POST /v1/chat/completions HTTP/1.1" 200 -
2026-09-17 09:55:28,008 INFO "POST /v1/chat/completions HTTP/1.1" 200 -
2026-09-17 09:55:28,194 INFO "POST /v1/chat/completions HTTP/1.1" 200 -
2026-09-17 09:55:28,256 INFO "POST /v1/chat/completions HTTP/1.1" 200 -
2026-09-17 09:55:28,359 INFO "POST /v1/chat/completions HTTP/1.1" 200 -
2026-09-17 09:55:28,359 INFO "POST /v1/chat/completions HTTP/1.1" 200 -
2026-09-17 09:55:28,479 INFO "POST /v1/chat/completions HTTP/1.1" 200 -
2026-09-17 09:55:32,215 INFO "POST /v1/chat/completions HTTP/1.1" 200 -
2026-09-17 09:55:32,215 INFO "POST /v1/chat/completions HTTP/1.1" 200 -
2026-09-17 09:55:32,215 INFO "POST /v1/chat/completions HTTP/1.1" 200 -
2026-09-17 09:55:32,316 INFO "POST /v1/chat/completions HTTP/1.1" 200 -
2026-09-17 09:55:32,317 INFO "POST /v1/chat/completions HTTP/1.1" 200 -
2026-09-17 09:55:32,317 INFO "POST /v1/chat/completions HTTP/1.1" 200 -
2026-09-17 09:55:32,317 INFO "POST /v1/chat/completions HTTP/1.1" 200 -
2026-09-17 09:55:32,377 INFO "POST /v1/chat/completions HTTP/1.1" 200 -
2026-09-17 09:55:32,377 INFO "POST /v1/chat/completions HTTP/1.1" 200 -
2026-09-17 09:55:32,377 INFO "POST /v1/chat/completions HTTP/1.1" 200 -
2026-09-17 09:55:32,377 INFO "POST /v1/chat/completions HTTP/1.1" 200 -
2026-09-17 09:55:32,935 INFO "POST /v1/chat/completions HTTP/1.1" 200 -
2026-09-17 09:55:32,936 INFO "GET /v1/status HTTP/1.1" 200 -
2026-09-17 09:55:32,972 INFO "GET /v1/status HTTP/1.1" 200 -
2026-09-17 09:55:33,004 INFO "GET /v1/status HTTP/1.1" 200 -
2026-09-17 09:55:33,927 INFO "POST /v1/chat/completions HTTP/1.1" 200 -
2026-09-17 09:55:34,680 INFO "POST /v1/chat/completions HTTP/1.1" 200 -
2026-09-17 09:55:35,454 INFO "POST /v1/chat/completions HTTP/1.1" 200 -
2026-09-17 09:55:36,339 INFO "POST /v1/chat/completions HTTP/1.1" 200 -
2026-09-17 09:55:37,072 INFO "POST /v1/chat/completions HTTP/1.1" 200 -
2026-09-17 09:55:37,852 INFO "POST /v1/chat/completions HTTP/1.1" 200 -
2026-09-17 09:55:38,610 INFO "POST /v1/chat/completions HTTP/1.1" 200 -
2026-09-17 09:55:39,554 INFO "POST /v1/chat/completions HTTP/1.1" 200 -
2026-09-17 09:55:40,276 INFO "POST /v1/chat/completions HTTP/1.1" 200 -
2026-09-17 09:55:40,976 INFO "POST /v1/chat/completions HTTP/1.1" 200 -
2026-09-17 09:55:41,734 INFO "POST /v1/chat/completions HTTP/1.1" 200 -
2026-09-17 09:55:42,449 INFO "POST /v1/chat/completions HTTP/1.1" 200 -
2026-09-17 09:55:43,247 INFO "POST /v1/chat/completions HTTP/1.1" 200 -
2026-09-17 09:55:44,056 INFO "POST /v1/chat/completions HTTP/1.1" 200 -
2026-09-17 09:55:44,903 INFO "POST /v1/chat/completions HTTP/1.1" 200 -
2026-09-17 09:55:45,686 INFO "POST /v1/chat/completions HTTP/1.1" 200 -
2026-09-17 09:55:46,499 INFO "POST /v1/chat/completions HTTP/1.1" 200 -
2026-09-17 09:55:47,204 INFO "POST /v1/chat/completions HTTP/1.1" 200 -
2026-09-17 09:55:48,025 INFO "POST /v1/chat/completions HTTP/1.1" 200 -
2026-09-17 09:55:48,863 INFO "POST /v1/chat/completions HTTP/1.1" 200 -
2026-09-17 09:55:52,658 INFO "POST /v1/chat/completions HTTP/1.1" 200 -
2026-09-17 09:55:52,767 INFO "POST /v1/chat/completions HTTP/1.1" 200 -
2026-09-17 09:55:52,767 INFO "POST /v1/chat/completions HTTP/1.1" 200 -
2026-09-17 09:55:52,767 INFO "POST /v1/chat/completions HTTP/1.1" 200 -
2026-09-17 09:55:52,844 INFO "POST /v1/chat/completions HTTP/1.1" 200 -
2026-09-17 09:55:52,844 INFO "POST /v1/chat/completions HTTP/1.1" 200 -
2026-09-17 09:55:52,975 INFO "POST /v1/chat/completions HTTP/1.1" 200 -
2026-09-17 09:55:53,094 INFO "POST /v1/chat/completions HTTP/1.1" 200 -
2026-09-17 09:55:53,196 INFO "POST /v1/chat/completions HTTP/1.1" 200 -
2026-09-17 09:55:56,833 INFO "POST /v1/chat/completions HTTP/1.1" 200 -
2026-09-17 09:55:56,833 INFO "POST /v1/chat/completions HTTP/1.1" 200 -
2026-09-17 09:55:56,928 INFO "POST /v1/chat/completions HTTP/1.1" 200 -
2026-09-17 09:55:57,033 INFO "POST /v1/chat/completions HTTP/1.1" 200 -
2026-09-17 09:55:57,034 INFO "POST /v1/chat/completions HTTP/1.1" 200 -
2026-09-17 09:55:57,034 INFO "POST /v1/chat/completions HTTP/1.1" 200 -
2026-09-17 09:55:57,034 INFO "POST /v1/chat/completions HTTP/1.1" 200 -
2026-09-17 09:55:57,116 INFO "POST /v1/chat/completions HTTP/1.1" 200 -
2026-09-17 09:55:57,207 INFO "POST /v1/chat/completions HTTP/1.1" 200 -
2026-09-17 09:55:57,207 INFO "POST /v1/chat/completions HTTP/1.1" 200 -
2026-09-17 09:55:57,207 INFO "POST /v1/chat/completions HTTP/1.1" 200 -
2026-09-17 09:55:57,209 INFO "GET /v1/status HTTP/1.1" 200 -
2026-09-17 09:55:57,267 INFO "GET /v1/status HTTP/1.1" 200 -
2026-09-17 09:55:57,326 INFO "GET /v1/status HTTP/1.1" 200 -
2026-09-17 09:55:57,385 INFO "GET /v1/status HTTP/1.1" 200 -
2026-09-17 09:55:57,443 INFO "GET /v1/status HTTP/1.1" 200 -
2026-09-17 09:55:57,504 INFO "GET /v1/status HTTP/1.1" 200 -
2026-09-17 09:55:57,565 INFO "GET /v1/status HTTP/1.1" 200 -
2026-09-17 09:55:57,628 INFO "GET /v1/status HTTP/1.1" 200 -
2026-09-17 09:55:57,690 INFO "GET /v1/status HTTP/1.1" 200 -
2026-09-17 09:55:57,748 INFO "GET /v1/status HTTP/1.1" 200 -
2026-09-17 09:55:57,806 INFO "GET /v1/status HTTP/1.1" 200 -
2026-09-17 09:55:57,865 INFO "GET /v1/status HTTP/1.1" 200 -
2026-09-17 09:55:57,927 INFO "GET /v1/status HTTP/1.1" 200 -
2026-09-17 09:55:57,989 INFO "GET /v1/status HTTP/1.1" 200 -
2026-09-17 09:55:58,050 INFO "GET /v1/status HTTP/1.1" 200 -
2026-09-17 09:55:58,112 INFO "GET /v1/status HTTP/1.1" 200 -
2026-09-17 09:55:58,168 INFO "GET /v1/status HTTP/1.1" 200 -
2026-09-17 09:55:58,205 INFO "GET /v1/status HTTP/1.1" 200 -
2026-09-17 09:55:59,000 INFO "POST /v1/chat/completions HTTP/1.1" 200 -
2026-09-17 09:55:59,827 INFO "POST /v1/chat/completions HTTP/1.1" 200 -
2026-09-17 09:56:00,553 INFO "POST /v1/chat/completions HTTP/1.1" 200 -
2026-09-17 09:56:01,337 INFO "POST /v1/chat/completions HTTP/1.1" 200 -
2026-09-17 09:56:02,204 INFO "POST /v1/chat/completions HTTP/1.1" 200 -
2026-09-17 09:56:03,022 INFO "POST /v1/chat/completions HTTP/1.1" 200 -
2026-09-17 09:56:03,761 INFO "POST /v1/chat/completions HTTP/1.1" 200 -
2026-09-17 09:56:04,628 INFO "POST /v1/chat/completions HTTP/1.1" 200 -
2026-09-17 09:56:05,370 INFO "POST /v1/chat/completions HTTP/1.1" 200 -
2026-09-17 09:56:06,095 INFO "POST /v1/chat/completions HTTP/1.1" 200 -
2026-09-17 09:56:06,784 INFO "POST /v1/chat/completions HTTP/1.1" 200 -
2026-09-17 09:56:07,510 INFO "POST /v1/chat/completions HTTP/1.1" 200 -
2026-09-17 09:56:08,280 INFO "POST /v1/chat/completions HTTP/1.1" 200 -
2026-09-17 09:56:09,080 INFO "POST /v1/chat/completions HTTP/1.1" 200 -
2026-09-17 09:56:09,885 INFO "POST /v1/chat/completions HTTP/1.1" 200 -
2026-09-17 09:56:10,724 INFO "POST /v1/chat/completions HTTP/1.1" 200 -
2026-09-17 09:56:11,594 INFO "POST /v1/chat/completions HTTP/1.1" 200 -
2026-09-17 09:56:12,386 INFO "POST /v1/chat/completions HTTP/1.1" 200 -
2026-09-17 09:56:13,181 INFO "POST /v1/chat/completions HTTP/1.1" 200 -
2026-09-17 09:56:14,024 INFO "POST /v1/chat/completions HTTP/1.1" 200 -
2026-09-17 09:56:16,688 INFO "POST /v1/chat/completions HTTP/1.1" 200 -
2026-09-17 09:56:16,750 INFO "POST /v1/chat/completions HTTP/1.1" 200 -
2026-09-17 09:56:16,750 INFO "POST /v1/chat/completions HTTP/1.1" 200 -
2026-09-17 09:56:16,872 INFO "POST /v1/chat/completions HTTP/1.1" 200 -
2026-09-17 09:56:16,936 INFO "POST /v1/chat/completions HTTP/1.1" 200 -
2026-09-17 09:56:21,595 INFO "POST /v1/chat/completions HTTP/1.1" 200 -
2026-09-17 09:56:21,595 INFO "POST /v1/chat/completions HTTP/1.1" 200 -
2026-09-17 09:56:21,702 INFO "POST /v1/chat/completions HTTP/1.1" 200 -
2026-09-17 09:56:21,703 INFO "POST /v1/chat/completions HTTP/1.1" 200 -
2026-09-17 09:56:21,790 INFO "POST /v1/chat/completions HTTP/1.1" 200 -
2026-09-17 09:56:21,790 INFO "POST /v1/chat/completions HTTP/1.1" 200 -
2026-09-17 09:56:21,844 INFO "POST /v1/chat/completions HTTP/1.1" 200 -
2026-09-17 09:56:21,929 INFO "POST /v1/chat/completions HTTP/1.1" 200 -
2026-09-17 09:56:21,929 INFO "POST /v1/chat/completions HTTP/1.1" 200 -
2026-09-17 09:56:22,047 INFO "POST /v1/chat/completions HTTP/1.1" 200 -
2026-09-17 09:56:22,231 INFO "POST /v1/chat/completions HTTP/1.1" 200 -
2026-09-17 09:56:22,399 INFO "POST /v1/chat/completions HTTP/1.1" 200 -
2026-09-17 09:56:22,470 INFO "POST /v1/chat/completions HTTP/1.1" 200 -
2026-09-17 09:56:23,050 INFO "POST /v1/chat/completions HTTP/1.1" 200 -
2026-09-17 09:56:23,104 INFO "POST /v1/chat/completions HTTP/1.1" 200 -
2026-09-17 09:56:23,106 INFO "GET /v1/status HTTP/1.1" 200 -
2026-09-17 09:56:23,164 INFO "GET /v1/status HTTP/1.1" 200 -
2026-09-17 09:56:23,222 INFO "GET /v1/status HTTP/1.1" 200 -
2026-09-17 09:56:23,282 INFO "GET /v1/status HTTP/1.1" 200 -
2026-09-17 09:56:23,342 INFO "GET /v1/status HTTP/1.1" 200 -
2026-09-17 09:56:23,401 INFO "GET /v1/status HTTP/1.1" 200 -
2026-09-17 09:56:23,464 INFO "GET /v1/status HTTP/1.1" 200 -
2026-09-17 09:56:23,526 INFO "GET /v1/status HTTP/1.1" 200 -
2026-09-17 09:56:23,586 INFO "GET /v1/status HTTP/1.1" 200 -
2026-09-17 09:56:23,643 INFO "GET /v1/status HTTP/1.1" 200 -
2026-09-17 09:56:23,700 INFO "GET /v1/status HTTP/1.1" 200 -
2026-09-17 09:56:23,760 INFO "GET /v1/status HTTP/1.1" 200 -
2026-09-17 09:56:23,822 INFO "GET /v1/status HTTP/1.1" 200 -
2026-09-17 09:56:23,883 INFO "GET /v1/status HTTP/1.1" 200 -
2026-09-17 09:56:23,937 INFO "GET /v1/status HTTP/1.1" 200 -
2026-09-17 09:56:23,972 INFO "GET /v1/status HTTP/1.1" 200 -
2026-09-17 09:56:24,958 INFO "POST /v1/chat/completions HTTP/1.1" 200 -
2026-09-17 09:56:25,761 INFO "POST /v1/chat/completions HTTP/1.1" 200 -
2026-09-17 09:56:26,471 INFO "POST /v1/chat/completions HTTP/1.1" 200 -
2026-09-17 09:56:27,255 INFO "POST /v1/chat/completions HTTP/1.1" 200 -
2026-09-17 09:56:27,993 INFO "POST /v1/chat/completions HTTP/1.1" 200 -
2026-09-17 09:56:28,769 INFO "POST /v1/chat/completions HTTP/1.1" 200 -
2026-09-17 09:56:29,504 INFO "POST /v1/chat/completions HTTP/1.1" 200 -
2026-09-17 09:56:30,331 INFO "POST /v1/chat/completions HTTP/1.1" 200 -
2026-09-17 09:56:31,072 INFO "POST /v1/chat/completions HTTP/1.1" 200 -
2026-09-17 09:56:31,838 INFO "POST /v1/chat/completions HTTP/1.1" 200 -
2026-09-17 09:56:32,537 INFO "POST /v1/chat/completions HTTP/1.1" 200 -
2026-09-17 09:56:33,231 INFO "POST /v1/chat/completions HTTP/1.1" 200 -
2026-09-17 09:56:34,075 INFO "POST /v1/chat/completions HTTP/1.1" 200 -
2026-09-17 09:56:34,839 INFO "POST /v1/chat/completions HTTP/1.1" 200 -
2026-09-17 09:56:35,637 INFO "POST /v1/chat/completions HTTP/1.1" 200 -
2026-09-17 09:56:36,438 INFO "POST /v1/chat/completions HTTP/1.1" 200 -
2026-09-17 09:56:37,257 INFO "POST /v1/chat/completions HTTP/1.1" 200 -
2026-09-17 09:56:38,016 INFO "POST /v1/chat/completions HTTP/1.1" 200 -
2026-09-17 09:56:38,832 INFO "POST /v1/chat/completions HTTP/1.1" 200 -
2026-09-17 09:56:39,656 INFO "POST /v1/chat/completions HTTP/1.1" 200 -
2026-09-17 09:56:43,475 INFO "POST /v1/chat/completions HTTP/1.1" 200 -
2026-09-17 09:56:43,475 INFO "POST /v1/chat/completions HTTP/1.1" 200 -
2026-09-17 09:56:43,570 INFO "POST /v1/chat/completions HTTP/1.1" 200 -
2026-09-17 09:56:43,570 INFO "POST /v1/chat/completions HTTP/1.1" 200 -
2026-09-17 09:56:43,697 INFO "POST /v1/chat/completions HTTP/1.1" 200 -
2026-09-17 09:56:43,758 INFO "POST /v1/chat/completions HTTP/1.1" 200 -
2026-09-17 09:56:43,860 INFO "POST /v1/chat/completions HTTP/1.1" 200 -
2026-09-17 09:56:43,860 INFO "POST /v1/chat/completions HTTP/1.1" 200 -
2026-09-17 09:56:43,907 INFO "POST /v1/chat/completions HTTP/1.1" 200 -
2026-09-17 09:56:47,625 INFO "POST /v1/chat/completions HTTP/1.1" 200 -
2026-09-17 09:56:47,625 INFO "POST /v1/chat/completions HTTP/1.1" 200 -
2026-09-17 09:56:47,625 INFO "POST /v1/chat/completions HTTP/1.1" 200 -
2026-09-17 09:56:47,715 INFO "POST /v1/chat/completions HTTP/1.1" 200 -
2026-09-17 09:56:47,810 INFO "POST /v1/chat/completions HTTP/1.1" 200 -
2026-09-17 09:56:47,811 INFO "POST /v1/chat/completions HTTP/1.1" 200 -
2026-09-17 09:56:47,811 INFO "POST /v1/chat/completions HTTP/1.1" 200 -
2026-09-17 09:56:47,811 INFO "POST /v1/chat/completions HTTP/1.1" 200 -
2026-09-17 09:56:47,928 INFO "POST /v1/chat/completions HTTP/1.1" 200 -
2026-09-17 09:56:47,929 INFO "POST /v1/chat/completions HTTP/1.1" 200 -
2026-09-17 09:56:48,046 INFO "POST /v1/chat/completions HTTP/1.1" 200 -
2026-09-17 09:56:48,048 INFO "GET /v1/status HTTP/1.1" 200 -
2026-09-17 09:56:48,103 INFO "GET /v1/status HTTP/1.1" 200 -
2026-09-17 09:56:48,162 INFO "GET /v1/status HTTP/1.1" 200 -
2026-09-17 09:56:48,221 INFO "GET /v1/status HTTP/1.1" 200 -
2026-09-17 09:56:48,277 INFO "GET /v1/status HTTP/1.1" 200 -
2026-09-17 09:56:48,338 INFO "GET /v1/status HTTP/1.1" 200 -
2026-09-17 09:56:48,398 INFO "GET /v1/status HTTP/1.1" 200 -
2026-09-17 09:56:48,460 INFO "GET /v1/status HTTP/1.1" 200 -
2026-09-17 09:56:48,519 INFO "GET /v1/status HTTP/1.1" 200 -
2026-09-17 09:56:48,578 INFO "GET /v1/status HTTP/1.1" 200 -
2026-09-17 09:56:48,639 INFO "GET /v1/status HTTP/1.1" 200 -
2026-09-17 09:56:48,697 INFO "GET /v1/status HTTP/1.1" 200 -
2026-09-17 09:56:48,733 INFO "GET /v1/status HTTP/1.1" 200 -
2026-09-17 09:56:49,663 INFO "POST /v1/chat/completions HTTP/1.1" 200 -
2026-09-17 09:56:50,464 INFO "POST /v1/chat/completions HTTP/1.1" 200 -
2026-09-17 09:56:51,229 INFO "POST /v1/chat/completions HTTP/1.1" 200 -
2026-09-17 09:56:52,058 INFO "POST /v1/chat/completions HTTP/1.1" 200 -
2026-09-17 09:56:52,825 INFO "POST /v1/chat/completions HTTP/1.1" 200 -
2026-09-17 09:56:53,661 INFO "POST /v1/chat/completions HTTP/1.1" 200 -
2026-09-17 09:56:54,387 INFO "POST /v1/chat/completions HTTP/1.1" 200 -
2026-09-17 09:56:55,350 INFO "POST /v1/chat/completions HTTP/1.1" 200 -
2026-09-17 09:56:56,097 INFO "POST /v1/chat/completions HTTP/1.1" 200 -
2026-09-17 09:56:56,772 INFO "POST /v1/chat/completions HTTP/1.1" 200 -
2026-09-17 09:56:57,471 INFO "POST /v1/chat/completions HTTP/1.1" 200 -
2026-09-17 09:56:58,168 INFO "POST /v1/chat/completions HTTP/1.1" 200 -
2026-09-17 09:56:58,990 INFO "POST /v1/chat/completions HTTP/1.1" 200 -
2026-09-17 09:56:59,828 INFO "POST /v1/chat/completions HTTP/1.1" 200 -
2026-09-17 09:57:00,681 INFO "POST /v1/chat/completions HTTP/1.1" 200 -
2026-09-17 09:57:01,542 INFO "POST /v1/chat/completions HTTP/1.1" 200 -
2026-09-17 09:57:02,419 INFO "POST /v1/chat/completions HTTP/1.1" 200 -
2026-09-17 09:57:03,154 INFO "POST /v1/chat/completions HTTP/1.1" 200 -
2026-09-17 09:57:03,992 INFO "POST /v1/chat/completions HTTP/1.1" 200 -
2026-09-17 09:57:04,930 INFO "POST /v1/chat/completions HTTP/1.1" 200 -
2026-09-17 09:57:08,139 INFO "POST /v1/chat/completions HTTP/1.1" 200 -
2026-09-17 09:57:08,139 INFO "POST /v1/chat/completions HTTP/1.1" 200 -
2026-09-17 09:57:08,265 INFO "POST /v1/chat/completions HTTP/1.1" 200 -
2026-09-17 09:57:08,323 INFO "POST /v1/chat/completions HTTP/1.1" 200 -
2026-09-17 09:57:08,510 INFO "POST /v1/chat/completions HTTP/1.1" 200 -
2026-09-17 09:57:08,510 INFO "POST /v1/chat/completions HTTP/1.1" 200 -
2026-09-17 09:57:08,534 INFO "POST /v1/chat/completions HTTP/1.1" 200 -
2026-09-17 09:57:12,844 INFO "POST /v1/chat/completions HTTP/1.1" 200 -
2026-09-17 09:57:12,844 INFO "POST /v1/chat/completions HTTP/1.1" 200 -
2026-09-17 09:57:12,844 INFO "POST /v1/chat/completions HTTP/1.1" 200 -
2026-09-17 09:57:12,931 INFO "POST /v1/chat/completions HTTP/1.1" 200 -
2026-09-17 09:57:13,022 INFO "POST /v1/chat/completions HTTP/1.1" 200 -
2026-09-17 09:57:13,022 INFO "POST /v1/chat/completions HTTP/1.1" 200 -
2026-09-17 09:57:13,022 INFO "POST /v1/chat/completions HTTP/1.1" 200 -
2026-09-17 09:57:13,080 INFO "POST /v1/chat/completions HTTP/1.1" 200 -
2026-09-17 09:57:13,080 INFO "POST /v1/chat/completions HTTP/1.1" 200 -
2026-09-17 09:57:13,149 INFO "POST /v1/chat/completions HTTP/1.1" 200 -
2026-09-17 09:57:13,149 INFO "POST /v1/chat/completions HTTP/1.1" 200 -
2026-09-17 09:57:13,273 INFO "POST /v1/chat/completions HTTP/1.1" 200 -
2026-09-17 09:57:13,892 INFO "POST /v1/chat/completions HTTP/1.1" 200 -
2026-09-17 09:57:13,894 INFO "GET /v1/status HTTP/1.1" 200 -
2026-09-17 09:57:13,929 INFO "GET /v1/status HTTP/1.1" 200 -
2026-09-17 09:57:13,961 INFO "GET /v1/status HTTP/1.1" 200 -
2026-09-17 09:57:14,907 INFO "POST /v1/chat/completions HTTP/1.1" 200 -
2026-09-17 09:57:15,752 INFO "POST /v1/chat/completions HTTP/1.1" 200 -
2026-09-17 09:57:16,495 INFO "POST /v1/chat/completions HTTP/1.1" 200 -
2026-09-17 09:57:17,322 INFO "POST /v1/chat/completions HTTP/1.1" 200 -
2026-09-17 09:57:18,042 INFO "POST /v1/chat/completions HTTP/1.1" 200 -
2026-09-17 09:57:18,918 INFO "POST /v1/chat/completions HTTP/1.1" 200 -
2026-09-17 09:57:19,594 INFO "POST /v1/chat/completions HTTP/1.1" 200 -
2026-09-17 09:57:20,543 INFO "POST /v1/chat/completions HTTP/1.1" 200 -
2026-09-17 09:57:21,323 INFO "POST /v1/chat/completions HTTP/1.1" 200 -
2026-09-17 09:57:22,007 INFO "POST /v1/chat/completions HTTP/1.1" 200 -
2026-09-17 09:57:22,768 INFO "POST /v1/chat/completions HTTP/1.1" 200 -
2026-09-17 09:57:23,461 INFO "POST /v1/chat/completions HTTP/1.1" 200 -
2026-09-17 09:57:24,318 INFO "POST /v1/chat/completions HTTP/1.1" 200 -
2026-09-17 09:57:25,122 INFO "POST /v1/chat/completions HTTP/1.1" 200 -
2026-09-17 09:57:25,908 INFO "POST /v1/chat/completions HTTP/1.1" 200 -
2026-09-17 09:57:26,707 INFO "POST /v1/chat/completions HTTP/1.1" 200 -
2026-09-17 09:57:27,542 INFO "POST /v1/chat/completions HTTP/1.1" 200 -
2026-09-17 09:57:28,277 INFO "POST /v1/chat/completions HTTP/1.1" 200 -
2026-09-17 09:57:29,074 INFO "POST /v1/chat/completions HTTP/1.1" 200 -
2026-09-17 09:57:29,951 INFO "POST /v1/chat/completions HTTP/1.1" 200 -
2026-09-17 09:57:32,643 INFO "POST /v1/chat/completions HTTP/1.1" 200 -
2026-09-17 09:57:32,643 INFO "POST /v1/chat/completions HTTP/1.1" 200 -
2026-09-17 09:57:32,643 INFO "POST /v1/chat/completions HTTP/1.1" 200 -
2026-09-17 09:57:32,822 INFO "POST /v1/chat/completions HTTP/1.1" 200 -
2026-09-17 09:57:32,823 INFO "POST /v1/chat/completions HTTP/1.1" 200 -
2026-09-17 09:57:37,569 INFO "POST /v1/chat/completions HTTP/1.1" 200 -
2026-09-17 09:57:37,569 INFO "POST /v1/chat/completions HTTP/1.1" 200 -
2026-09-17 09:57:37,569 INFO "POST /v1/chat/completions HTTP/1.1" 200 -
2026-09-17 09:57:37,569 INFO "POST /v1/chat/completions HTTP/1.1" 200 -
2026-09-17 09:57:37,656 INFO "POST /v1/chat/completions HTTP/1.1" 200 -
2026-09-17 09:57:37,659 INFO "POST /v1/chat/completions HTTP/1.1" 200 -
2026-09-17 09:57:37,711 INFO "POST /v1/chat/completions HTTP/1.1" 200 -
2026-09-17 09:57:37,754 INFO "POST /v1/chat/completions HTTP/1.1" 200 -
2026-09-17 09:57:37,786 INFO "POST /v1/chat/completions HTTP/1.1" 200 -
2026-09-17 09:57:37,831 INFO "POST /v1/chat/completions HTTP/1.1" 200 -
2026-09-17 09:57:38,252 INFO "POST /v1/chat/completions HTTP/1.1" 200 -
2026-09-17 09:57:38,376 INFO "POST /v1/chat/completions HTTP/1.1" 200 -
2026-09-17 09:57:38,513 INFO "POST /v1/chat/completions HTTP/1.1" 200 -
2026-09-17 09:57:38,669 INFO "POST /v1/chat/completions HTTP/1.1" 200 -
2026-09-17 09:57:38,706 INFO "POST /v1/chat/completions HTTP/1.1" 200 -
2026-09-17 09:57:38,708 INFO "GET /v1/status HTTP/1.1" 200 -
2026-09-17 09:57:38,766 INFO "GET /v1/status HTTP/1.1" 200 -
2026-09-17 09:57:38,824 INFO "GET /v1/status HTTP/1.1" 200 -
2026-09-17 09:57:38,884 INFO "GET /v1/status HTTP/1.1" 200 -
2026-09-17 09:57:38,945 INFO "GET /v1/status HTTP/1.1" 200 -
2026-09-17 09:57:39,001 INFO "GET /v1/status HTTP/1.1" 200 -
2026-09-17 09:57:39,061 INFO "GET /v1/status HTTP/1.1" 200 -
2026-09-17 09:57:39,119 INFO "GET /v1/status HTTP/1.1" 200 -
2026-09-17 09:57:39,170 INFO "GET /v1/status HTTP/1.1" 200 -
2026-09-17 09:57:39,206 INFO "GET /v1/status HTTP/1.1" 200 -
2026-09-17 09:57:40,135 INFO "POST /v1/chat/completions HTTP/1.1" 200 -
2026-09-17 09:57:40,924 INFO "POST /v1/chat/completions HTTP/1.1" 200 -
2026-09-17 09:57:41,636 INFO "POST /v1/chat/completions HTTP/1.1" 200 -
2026-09-17 09:57:42,472 INFO "POST /v1/chat/completions HTTP/1.1" 200 -
2026-09-17 09:57:43,382 INFO "POST /v1/chat/completions HTTP/1.1" 200 -
2026-09-17 09:57:44,205 INFO "POST /v1/chat/completions HTTP/1.1" 200 -
2026-09-17 09:57:44,964 INFO "POST /v1/chat/completions HTTP/1.1" 200 -
2026-09-17 09:57:45,896 INFO "POST /v1/chat/completions HTTP/1.1" 200 -
2026-09-17 09:57:46,667 INFO "POST /v1/chat/completions HTTP/1.1" 200 -
2026-09-17 09:57:47,433 INFO "POST /v1/chat/completions HTTP/1.1" 200 -
2026-09-17 09:57:48,100 INFO "POST /v1/chat/completions HTTP/1.1" 200 -
2026-09-17 09:57:48,808 INFO "POST /v1/chat/completions HTTP/1.1" 200 -
2026-09-17 09:57:49,613 INFO "POST /v1/chat/completions HTTP/1.1" 200 -
2026-09-17 09:57:50,420 INFO "POST /v1/chat/completions HTTP/1.1" 200 -
2026-09-17 09:57:51,229 INFO "POST /v1/chat/completions HTTP/1.1" 200 -
2026-09-17 09:57:52,039 INFO "POST /v1/chat/completions HTTP/1.1" 200 -
2026-09-17 09:57:52,929 INFO "POST /v1/chat/completions HTTP/1.1" 200 -
2026-09-17 09:57:53,730 INFO "POST /v1/chat/completions HTTP/1.1" 200 -
2026-09-17 09:57:54,611 INFO "POST /v1/chat/completions HTTP/1.1" 200 -
2026-09-17 09:57:55,529 INFO "POST /v1/chat/completions HTTP/1.1" 200 -
2026-09-17 09:57:58,271 INFO "POST /v1/chat/completions HTTP/1.1" 200 -
2026-09-17 09:57:58,271 INFO "POST /v1/chat/completions HTTP/1.1" 200 -
2026-09-17 09:57:58,271 INFO "POST /v1/chat/completions HTTP/1.1" 200 -
2026-09-17 09:57:58,422 INFO "POST /v1/chat/completions HTTP/1.1" 200 -
2026-09-17 09:57:58,548 INFO "POST /v1/chat/completions HTTP/1.1" 200 -
2026-09-17 09:58:03,067 INFO "POST /v1/chat/completions HTTP/1.1" 200 -
2026-09-17 09:58:03,068 INFO "POST /v1/chat/completions HTTP/1.1" 200 -
2026-09-17 09:58:03,068 INFO "POST /v1/chat/completions HTTP/1.1" 200 -
2026-09-17 09:58:03,170 INFO "POST /v1/chat/completions HTTP/1.1" 200 -
2026-09-17 09:58:03,170 INFO "POST /v1/chat/completions HTTP/1.1" 200 -
2026-09-17 09:58:03,170 INFO "POST /v1/chat/completions HTTP/1.1" 200 -
2026-09-17 09:58:03,225 INFO "POST /v1/chat/completions HTTP/1.1" 200 -
2026-09-17 09:58:03,272 INFO "POST /v1/chat/completions HTTP/1.1" 200 -
2026-09-17 09:58:03,274 INFO "POST /v1/chat/completions HTTP/1.1" 200 -
2026-09-17 09:58:03,336 INFO "POST /v1/chat/completions HTTP/1.1" 200 -
2026-09-17 09:58:03,616 INFO "POST /v1/chat/completions HTTP/1.1" 200 -
2026-09-17 09:58:03,617 INFO "POST /v1/chat/completions HTTP/1.1" 200 -
2026-09-17 09:58:04,493 INFO "POST /v1/chat/completions HTTP/1.1" 200 -
2026-09-17 09:58:04,527 INFO "POST /v1/chat/completions HTTP/1.1" 200 -
2026-09-17 09:58:04,571 INFO "POST /v1/chat/completions HTTP/1.1" 200 -
2026-09-17 09:58:04,573 INFO "GET /v1/status HTTP/1.1" 200 -
2026-09-17 09:58:04,627 INFO "GET /v1/status HTTP/1.1" 200 -
2026-09-17 09:58:04,685 INFO "GET /v1/status HTTP/1.1" 200 -
2026-09-17 09:58:04,745 INFO "GET /v1/status HTTP/1.1" 200 -
2026-09-17 09:58:04,806 INFO "GET /v1/status HTTP/1.1" 200 -
2026-09-17 09:58:04,862 INFO "GET /v1/status HTTP/1.1" 200 -
2026-09-17 09:58:04,896 INFO "GET /v1/status HTTP/1.1" 200 -
2026-09-17 09:58:05,891 INFO "POST /v1/chat/completions HTTP/1.1" 200 -
2026-09-17 09:58:06,706 INFO "POST /v1/chat/completions HTTP/1.1" 200 -
2026-09-17 09:58:07,403 INFO "POST /v1/chat/completions HTTP/1.1" 200 -
2026-09-17 09:58:08,226 INFO "POST /v1/chat/completions HTTP/1.1" 200 -
2026-09-17 09:58:09,002 INFO "POST /v1/chat/completions HTTP/1.1" 200 -
2026-09-17 09:58:09,802 INFO "POST /v1/chat/completions HTTP/1.1" 200 -
2026-09-17 09:58:10,523 INFO "POST /v1/chat/completions HTTP/1.1" 200 -
2026-09-17 09:58:11,477 INFO "POST /v1/chat/completions HTTP/1.1" 200 -
2026-09-17 09:58:12,272 INFO "POST /v1/chat/completions HTTP/1.1" 200 -
2026-09-17 09:58:13,033 INFO "POST /v1/chat/completions HTTP/1.1" 200 -
2026-09-17 09:58:13,777 INFO "POST /v1/chat/completions HTTP/1.1" 200 -
2026-09-17 09:58:14,484 INFO "POST /v1/chat/completions HTTP/1.1" 200 -
2026-09-17 09:58:15,261 INFO "POST /v1/chat/completions HTTP/1.1" 200 -
2026-09-17 09:58:16,009 INFO "POST /v1/chat/completions HTTP/1.1" 200 -
2026-09-17 09:58:16,795 INFO "POST /v1/chat/completions HTTP/1.1" 200 -
2026-09-17 09:58:17,621 INFO "POST /v1/chat/completions HTTP/1.1" 200 -
2026-09-17 09:58:18,461 INFO "POST /v1/chat/completions HTTP/1.1" 200 -
2026-09-17 09:58:19,234 INFO "POST /v1/chat/completions HTTP/1.1" 200 -
2026-09-17 09:58:20,083 INFO "POST /v1/chat/completions HTTP/1.1" 200 -
2026-09-17 09:58:21,035 INFO "POST /v1/chat/completions HTTP/1.1" 200 -
2026-09-17 09:58:24,604 INFO "POST /v1/chat/completions HTTP/1.1" 200 -
2026-09-17 09:58:24,605 INFO "POST /v1/chat/completions HTTP/1.1" 200 -
2026-09-17 09:58:24,684 INFO "POST /v1/chat/completions HTTP/1.1" 200 -
2026-09-17 09:58:24,751 INFO "POST /v1/chat/completions HTTP/1.1" 200 -
2026-09-17 09:58:24,857 INFO "POST /v1/chat/completions HTTP/1.1" 200 -
2026-09-17 09:58:24,958 INFO "POST /v1/chat/completions HTTP/1.1" 200 -
2026-09-17 09:58:24,958 INFO "POST /v1/chat/completions HTTP/1.1" 200 -
2026-09-17 09:58:25,098 INFO "POST /v1/chat/completions HTTP/1.1" 200 -
2026-09-17 09:58:28,582 INFO "POST /v1/chat/completions HTTP/1.1" 200 -
2026-09-17 09:58:28,685 INFO "POST /v1/chat/completions HTTP/1.1" 200 -
2026-09-17 09:58:28,685 INFO "POST /v1/chat/completions HTTP/1.1" 200 -
2026-09-17 09:58:28,766 INFO "POST /v1/chat/completions HTTP/1.1" 200 -
2026-09-17 09:58:28,837 INFO "POST /v1/chat/completions HTTP/1.1" 200 -
2026-09-17 09:58:28,898 INFO "POST /v1/chat/completions HTTP/1.1" 200 -
2026-09-17 09:58:28,962 INFO "POST /v1/chat/completions HTTP/1.1" 200 -
2026-09-17 09:58:28,962 INFO "POST /v1/chat/completions HTTP/1.1" 200 -
2026-09-17 09:58:28,962 INFO "POST /v1/chat/completions HTTP/1.1" 200 -
2026-09-17 09:58:29,079 INFO "POST /v1/chat/completions HTTP/1.1" 200 -
2026-09-17 09:58:29,732 INFO "POST /v1/chat/completions HTTP/1.1" 200 -
2026-09-17 09:58:29,753 INFO "POST /v1/chat/completions HTTP/1.1" 200 -
2026-09-17 09:58:29,754 INFO "GET /v1/status HTTP/1.1" 200 -
[transformers] PyTorch was not found. Models won't be available and only tokenizers, configuration and file/data utilities can be used.
2026-09-17 10:17:42,707 INFO "GET /v1/status HTTP/1.1" 200 -
2026-09-17 10:17:43,714 INFO "GET /v1/status HTTP/1.1" 200 -
2026-09-17 10:17:44,354 INFO ubc_evict: evicted 4772.0 MB from UBC for ~/mlx-models/Qwen3.6-35B-A3B-uncensored-heretic-Native-MTP-Preserved-oQ4e-mtp/model-00001-of-00005.safetensors
2026-09-17 10:17:44,394 INFO ubc_evict: evicted 4896.0 MB from UBC for ~/mlx-models/Qwen3.6-35B-A3B-uncensored-heretic-Native-MTP-Preserved-oQ4e-mtp/model-00002-of-00005.safetensors
2026-09-17 10:17:44,436 INFO ubc_evict: evicted 4896.0 MB from UBC for ~/mlx-models/Qwen3.6-35B-A3B-uncensored-heretic-Native-MTP-Preserved-oQ4e-mtp/model-00003-of-00005.safetensors
2026-09-17 10:17:44,477 INFO ubc_evict: evicted 4896.0 MB from UBC for ~/mlx-models/Qwen3.6-35B-A3B-uncensored-heretic-Native-MTP-Preserved-oQ4e-mtp/model-00004-of-00005.safetensors
2026-09-17 10:17:44,488 INFO ubc_evict: evicted 1152.0 MB from UBC for ~/mlx-models/Qwen3.6-35B-A3B-uncensored-heretic-Native-MTP-Preserved-oQ4e-mtp/model-00005-of-00005.safetensors
2026-09-17 10:17:44,488 INFO ubc_evict: pass complete total_mb=20612.0 elapsed_s=0.17
2026-09-17 10:17:44,828 INFO "GET /v1/status HTTP/1.1" 200 -
2026-09-17 10:17:45,835 INFO "GET /v1/status HTTP/1.1" 200 -
2026-09-17 10:17:45,886 INFO "GET /v1/status HTTP/1.1" 200 -
2026-09-17 10:17:46,826 INFO "POST /v1/chat/completions HTTP/1.1" 200 -
2026-09-17 10:17:47,560 INFO "POST /v1/chat/completions HTTP/1.1" 200 -
2026-09-17 10:17:48,264 INFO "POST /v1/chat/completions HTTP/1.1" 200 -
2026-09-17 10:17:49,075 INFO "POST /v1/chat/completions HTTP/1.1" 200 -
2026-09-17 10:17:49,856 INFO "POST /v1/chat/completions HTTP/1.1" 200 -
2026-09-17 10:17:50,692 INFO "POST /v1/chat/completions HTTP/1.1" 200 -
2026-09-17 10:17:51,470 INFO "POST /v1/chat/completions HTTP/1.1" 200 -
2026-09-17 10:17:52,391 INFO "POST /v1/chat/completions HTTP/1.1" 200 -
2026-09-17 10:17:53,104 INFO "POST /v1/chat/completions HTTP/1.1" 200 -
2026-09-17 10:17:53,855 INFO "POST /v1/chat/completions HTTP/1.1" 200 -
2026-09-17 10:17:54,602 INFO "POST /v1/chat/completions HTTP/1.1" 200 -
2026-09-17 10:17:55,316 INFO "POST /v1/chat/completions HTTP/1.1" 200 -
2026-09-17 10:17:56,078 INFO "POST /v1/chat/completions HTTP/1.1" 200 -
2026-09-17 10:17:56,820 INFO "POST /v1/chat/completions HTTP/1.1" 200 -
2026-09-17 10:17:57,577 INFO "POST /v1/chat/completions HTTP/1.1" 200 -
2026-09-17 10:17:58,399 INFO "POST /v1/chat/completions HTTP/1.1" 200 -
2026-09-17 10:17:59,268 INFO "POST /v1/chat/completions HTTP/1.1" 200 -
2026-09-17 10:18:00,004 INFO "POST /v1/chat/completions HTTP/1.1" 200 -
2026-09-17 10:18:00,823 INFO "POST /v1/chat/completions HTTP/1.1" 200 -
2026-09-17 10:18:01,679 INFO "POST /v1/chat/completions HTTP/1.1" 200 -
2026-09-17 10:18:04,358 INFO "POST /v1/chat/completions HTTP/1.1" 200 -
2026-09-17 10:18:04,424 INFO "POST /v1/chat/completions HTTP/1.1" 200 -
2026-09-17 10:18:04,424 INFO "POST /v1/chat/completions HTTP/1.1" 200 -
2026-09-17 10:18:04,463 INFO "POST /v1/chat/completions HTTP/1.1" 200 -
2026-09-17 10:18:04,535 INFO "POST /v1/chat/completions HTTP/1.1" 200 -
2026-09-17 10:18:09,109 INFO "POST /v1/chat/completions HTTP/1.1" 200 -
2026-09-17 10:18:09,110 INFO "POST /v1/chat/completions HTTP/1.1" 200 -
2026-09-17 10:18:09,309 INFO "POST /v1/chat/completions HTTP/1.1" 200 -
2026-09-17 10:18:09,309 INFO "POST /v1/chat/completions HTTP/1.1" 200 -
2026-09-17 10:18:09,309 INFO "POST /v1/chat/completions HTTP/1.1" 200 -
2026-09-17 10:18:09,370 INFO "POST /v1/chat/completions HTTP/1.1" 200 -
2026-09-17 10:18:09,476 INFO "POST /v1/chat/completions HTTP/1.1" 200 -
2026-09-17 10:18:09,480 INFO "POST /v1/chat/completions HTTP/1.1" 200 -
2026-09-17 10:18:09,480 INFO "POST /v1/chat/completions HTTP/1.1" 200 -
2026-09-17 10:18:09,618 INFO "POST /v1/chat/completions HTTP/1.1" 200 -
2026-09-17 10:18:09,861 INFO "POST /v1/chat/completions HTTP/1.1" 200 -
2026-09-17 10:18:09,904 INFO "POST /v1/chat/completions HTTP/1.1" 200 -
2026-09-17 10:18:10,160 INFO "POST /v1/chat/completions HTTP/1.1" 200 -
2026-09-17 10:18:10,521 INFO "POST /v1/chat/completions HTTP/1.1" 200 -
2026-09-17 10:18:10,543 INFO "POST /v1/chat/completions HTTP/1.1" 200 -
2026-09-17 10:18:10,544 INFO "GET /v1/status HTTP/1.1" 200 -
2026-09-17 10:18:10,597 INFO "GET /v1/status HTTP/1.1" 200 -
2026-09-17 10:18:10,654 INFO "GET /v1/status HTTP/1.1" 200 -
2026-09-17 10:18:10,711 INFO "GET /v1/status HTTP/1.1" 200 -
2026-09-17 10:18:10,765 INFO "GET /v1/status HTTP/1.1" 200 -
2026-09-17 10:18:10,822 INFO "GET /v1/status HTTP/1.1" 200 -
2026-09-17 10:18:11,085 INFO "GET /v1/status HTTP/1.1" 200 -
2026-09-17 10:18:11,117 INFO "GET /v1/status HTTP/1.1" 200 -
2026-09-17 10:18:12,010 INFO "POST /v1/chat/completions HTTP/1.1" 200 -
2026-09-17 10:18:12,712 INFO "POST /v1/chat/completions HTTP/1.1" 200 -
2026-09-17 10:18:13,568 INFO "POST /v1/chat/completions HTTP/1.1" 200 -
2026-09-17 10:18:14,440 INFO "POST /v1/chat/completions HTTP/1.1" 200 -
2026-09-17 10:18:15,119 INFO "POST /v1/chat/completions HTTP/1.1" 200 -
2026-09-17 10:18:15,868 INFO "POST /v1/chat/completions HTTP/1.1" 200 -
2026-09-17 10:18:16,606 INFO "POST /v1/chat/completions HTTP/1.1" 200 -
2026-09-17 10:18:17,528 INFO "POST /v1/chat/completions HTTP/1.1" 200 -
2026-09-17 10:18:18,259 INFO "POST /v1/chat/completions HTTP/1.1" 200 -
2026-09-17 10:18:18,969 INFO "POST /v1/chat/completions HTTP/1.1" 200 -
2026-09-17 10:18:19,666 INFO "POST /v1/chat/completions HTTP/1.1" 200 -
2026-09-17 10:18:20,363 INFO "POST /v1/chat/completions HTTP/1.1" 200 -
2026-09-17 10:18:21,166 INFO "POST /v1/chat/completions HTTP/1.1" 200 -
2026-09-17 10:18:21,930 INFO "POST /v1/chat/completions HTTP/1.1" 200 -
2026-09-17 10:18:22,688 INFO "POST /v1/chat/completions HTTP/1.1" 200 -
2026-09-17 10:18:23,510 INFO "POST /v1/chat/completions HTTP/1.1" 200 -
2026-09-17 10:18:24,384 INFO "POST /v1/chat/completions HTTP/1.1" 200 -
2026-09-17 10:18:25,104 INFO "POST /v1/chat/completions HTTP/1.1" 200 -
2026-09-17 10:18:25,910 INFO "POST /v1/chat/completions HTTP/1.1" 200 -
2026-09-17 10:18:26,800 INFO "POST /v1/chat/completions HTTP/1.1" 200 -
2026-09-17 10:18:29,873 INFO "POST /v1/chat/completions HTTP/1.1" 200 -
2026-09-17 10:18:29,954 INFO "POST /v1/chat/completions HTTP/1.1" 200 -
2026-09-17 10:18:29,954 INFO "POST /v1/chat/completions HTTP/1.1" 200 -
2026-09-17 10:18:30,016 INFO "POST /v1/chat/completions HTTP/1.1" 200 -
2026-09-17 10:18:30,064 INFO "POST /v1/chat/completions HTTP/1.1" 200 -
2026-09-17 10:18:30,148 INFO "POST /v1/chat/completions HTTP/1.1" 200 -
2026-09-17 10:18:30,313 INFO "POST /v1/chat/completions HTTP/1.1" 200 -
2026-09-17 10:18:34,304 INFO "POST /v1/chat/completions HTTP/1.1" 200 -
2026-09-17 10:18:34,305 INFO "POST /v1/chat/completions HTTP/1.1" 200 -
2026-09-17 10:18:34,305 INFO "POST /v1/chat/completions HTTP/1.1" 200 -
2026-09-17 10:18:34,402 INFO "POST /v1/chat/completions HTTP/1.1" 200 -
2026-09-17 10:18:34,402 INFO "POST /v1/chat/completions HTTP/1.1" 200 -
2026-09-17 10:18:34,402 INFO "POST /v1/chat/completions HTTP/1.1" 200 -
2026-09-17 10:18:34,465 INFO "POST /v1/chat/completions HTTP/1.1" 200 -
2026-09-17 10:18:34,515 INFO "POST /v1/chat/completions HTTP/1.1" 200 -
2026-09-17 10:18:34,603 INFO "POST /v1/chat/completions HTTP/1.1" 200 -
2026-09-17 10:18:34,604 INFO "POST /v1/chat/completions HTTP/1.1" 200 -
2026-09-17 10:18:34,604 INFO "POST /v1/chat/completions HTTP/1.1" 200 -
2026-09-17 10:18:35,332 INFO "POST /v1/chat/completions HTTP/1.1" 200 -
2026-09-17 10:18:35,388 INFO "POST /v1/chat/completions HTTP/1.1" 200 -
2026-09-17 10:18:35,389 INFO "GET /v1/status HTTP/1.1" 200 -
2026-09-17 10:18:35,446 INFO "GET /v1/status HTTP/1.1" 200 -
2026-09-17 10:18:35,504 INFO "GET /v1/status HTTP/1.1" 200 -
2026-09-17 10:18:35,559 INFO "GET /v1/status HTTP/1.1" 200 -
2026-09-17 10:18:35,617 INFO "GET /v1/status HTTP/1.1" 200 -
2026-09-17 10:18:35,868 INFO "GET /v1/status HTTP/1.1" 200 -
2026-09-17 10:18:35,901 INFO "GET /v1/status HTTP/1.1" 200 -
2026-09-17 10:18:36,802 INFO "POST /v1/chat/completions HTTP/1.1" 200 -
2026-09-17 10:18:37,485 INFO "POST /v1/chat/completions HTTP/1.1" 200 -
2026-09-17 10:18:38,246 INFO "POST /v1/chat/completions HTTP/1.1" 200 -
2026-09-17 10:18:39,073 INFO "POST /v1/chat/completions HTTP/1.1" 200 -
2026-09-17 10:18:39,814 INFO "POST /v1/chat/completions HTTP/1.1" 200 -
2026-09-17 10:18:40,758 INFO "POST /v1/chat/completions HTTP/1.1" 200 -
2026-09-17 10:18:41,518 INFO "POST /v1/chat/completions HTTP/1.1" 200 -
2026-09-17 10:18:42,416 INFO "POST /v1/chat/completions HTTP/1.1" 200 -
2026-09-17 10:18:43,132 INFO "POST /v1/chat/completions HTTP/1.1" 200 -
2026-09-17 10:18:43,863 INFO "POST /v1/chat/completions HTTP/1.1" 200 -
2026-09-17 10:18:44,538 INFO "POST /v1/chat/completions HTTP/1.1" 200 -
2026-09-17 10:18:45,235 INFO "POST /v1/chat/completions HTTP/1.1" 200 -
2026-09-17 10:18:46,018 INFO "POST /v1/chat/completions HTTP/1.1" 200 -
2026-09-17 10:18:46,798 INFO "POST /v1/chat/completions HTTP/1.1" 200 -
2026-09-17 10:18:47,583 INFO "POST /v1/chat/completions HTTP/1.1" 200 -
2026-09-17 10:18:48,386 INFO "POST /v1/chat/completions HTTP/1.1" 200 -
2026-09-17 10:18:49,215 INFO "POST /v1/chat/completions HTTP/1.1" 200 -
2026-09-17 10:18:49,938 INFO "POST /v1/chat/completions HTTP/1.1" 200 -
2026-09-17 10:18:50,741 INFO "POST /v1/chat/completions HTTP/1.1" 200 -
2026-09-17 10:18:51,618 INFO "POST /v1/chat/completions HTTP/1.1" 200 -
2026-09-17 10:18:54,940 INFO "POST /v1/chat/completions HTTP/1.1" 200 -
2026-09-17 10:18:54,941 INFO "POST /v1/chat/completions HTTP/1.1" 200 -
2026-09-17 10:18:55,025 INFO "POST /v1/chat/completions HTTP/1.1" 200 -
2026-09-17 10:18:55,025 INFO "POST /v1/chat/completions HTTP/1.1" 200 -
2026-09-17 10:18:55,097 INFO "POST /v1/chat/completions HTTP/1.1" 200 -
2026-09-17 10:18:55,097 INFO "POST /v1/chat/completions HTTP/1.1" 200 -
2026-09-17 10:18:55,133 INFO "POST /v1/chat/completions HTTP/1.1" 200 -
2026-09-17 10:18:55,154 INFO "POST /v1/chat/completions HTTP/1.1" 200 -
2026-09-17 10:18:59,261 INFO "POST /v1/chat/completions HTTP/1.1" 200 -
2026-09-17 10:18:59,261 INFO "POST /v1/chat/completions HTTP/1.1" 200 -
2026-09-17 10:18:59,358 INFO "POST /v1/chat/completions HTTP/1.1" 200 -
2026-09-17 10:18:59,460 INFO "POST /v1/chat/completions HTTP/1.1" 200 -
2026-09-17 10:18:59,460 INFO "POST /v1/chat/completions HTTP/1.1" 200 -
2026-09-17 10:18:59,460 INFO "POST /v1/chat/completions HTTP/1.1" 200 -
2026-09-17 10:18:59,460 INFO "POST /v1/chat/completions HTTP/1.1" 200 -
2026-09-17 10:18:59,513 INFO "POST /v1/chat/completions HTTP/1.1" 200 -
2026-09-17 10:18:59,596 INFO "POST /v1/chat/completions HTTP/1.1" 200 -
2026-09-17 10:18:59,596 INFO "POST /v1/chat/completions HTTP/1.1" 200 -
2026-09-17 10:18:59,728 INFO "POST /v1/chat/completions HTTP/1.1" 200 -
2026-09-17 10:18:59,858 INFO "POST /v1/chat/completions HTTP/1.1" 200 -
2026-09-17 10:18:59,860 INFO "GET /v1/status HTTP/1.1" 200 -
2026-09-17 10:18:59,917 INFO "GET /v1/status HTTP/1.1" 200 -
2026-09-17 10:18:59,975 INFO "GET /v1/status HTTP/1.1" 200 -
2026-09-17 10:19:00,033 INFO "GET /v1/status HTTP/1.1" 200 -
2026-09-17 10:19:00,092 INFO "GET /v1/status HTTP/1.1" 200 -
2026-09-17 10:19:00,151 INFO "GET /v1/status HTTP/1.1" 200 -
2026-09-17 10:19:00,212 INFO "GET /v1/status HTTP/1.1" 200 -
2026-09-17 10:19:00,268 INFO "GET /v1/status HTTP/1.1" 200 -
2026-09-17 10:19:00,326 INFO "GET /v1/status HTTP/1.1" 200 -
2026-09-17 10:19:00,583 INFO "GET /v1/status HTTP/1.1" 200 -
2026-09-17 10:19:00,617 INFO "GET /v1/status HTTP/1.1" 200 -
2026-09-17 10:19:01,446 INFO "POST /v1/chat/completions HTTP/1.1" 200 -
2026-09-17 10:19:02,201 INFO "POST /v1/chat/completions HTTP/1.1" 200 -
2026-09-17 10:19:02,933 INFO "POST /v1/chat/completions HTTP/1.1" 200 -
2026-09-17 10:19:03,774 INFO "POST /v1/chat/completions HTTP/1.1" 200 -
2026-09-17 10:19:04,513 INFO "POST /v1/chat/completions HTTP/1.1" 200 -
2026-09-17 10:19:05,311 INFO "POST /v1/chat/completions HTTP/1.1" 200 -
2026-09-17 10:19:06,039 INFO "POST /v1/chat/completions HTTP/1.1" 200 -
2026-09-17 10:19:06,976 INFO "POST /v1/chat/completions HTTP/1.1" 200 -
2026-09-17 10:19:07,722 INFO "POST /v1/chat/completions HTTP/1.1" 200 -
2026-09-17 10:19:08,623 INFO "POST /v1/chat/completions HTTP/1.1" 200 -
2026-09-17 10:19:09,311 INFO "POST /v1/chat/completions HTTP/1.1" 200 -
2026-09-17 10:19:09,992 INFO "POST /v1/chat/completions HTTP/1.1" 200 -
2026-09-17 10:19:10,792 INFO "POST /v1/chat/completions HTTP/1.1" 200 -
2026-09-17 10:19:11,553 INFO "POST /v1/chat/completions HTTP/1.1" 200 -
2026-09-17 10:19:12,308 INFO "POST /v1/chat/completions HTTP/1.1" 200 -
2026-09-17 10:19:13,137 INFO "POST /v1/chat/completions HTTP/1.1" 200 -
2026-09-17 10:19:13,988 INFO "POST /v1/chat/completions HTTP/1.1" 200 -
2026-09-17 10:19:14,729 INFO "POST /v1/chat/completions HTTP/1.1" 200 -
2026-09-17 10:19:15,519 INFO "POST /v1/chat/completions HTTP/1.1" 200 -
2026-09-17 10:19:16,379 INFO "POST /v1/chat/completions HTTP/1.1" 200 -
2026-09-17 10:19:19,491 INFO "POST /v1/chat/completions HTTP/1.1" 200 -
2026-09-17 10:19:19,630 INFO "POST /v1/chat/completions HTTP/1.1" 200 -
2026-09-17 10:19:19,700 INFO "POST /v1/chat/completions HTTP/1.1" 200 -
2026-09-17 10:19:19,758 INFO "POST /v1/chat/completions HTTP/1.1" 200 -
2026-09-17 10:19:19,808 INFO "POST /v1/chat/completions HTTP/1.1" 200 -
2026-09-17 10:19:19,860 INFO "POST /v1/chat/completions HTTP/1.1" 200 -
2026-09-17 10:19:19,886 INFO "POST /v1/chat/completions HTTP/1.1" 200 -
2026-09-17 10:19:24,094 INFO "POST /v1/chat/completions HTTP/1.1" 200 -
2026-09-17 10:19:24,094 INFO "POST /v1/chat/completions HTTP/1.1" 200 -
2026-09-17 10:19:24,189 INFO "POST /v1/chat/completions HTTP/1.1" 200 -
2026-09-17 10:19:24,285 INFO "POST /v1/chat/completions HTTP/1.1" 200 -
2026-09-17 10:19:24,285 INFO "POST /v1/chat/completions HTTP/1.1" 200 -
2026-09-17 10:19:24,285 INFO "POST /v1/chat/completions HTTP/1.1" 200 -
2026-09-17 10:19:24,285 INFO "POST /v1/chat/completions HTTP/1.1" 200 -
2026-09-17 10:19:24,330 INFO "POST /v1/chat/completions HTTP/1.1" 200 -
2026-09-17 10:19:24,392 INFO "POST /v1/chat/completions HTTP/1.1" 200 -
2026-09-17 10:19:24,507 INFO "POST /v1/chat/completions HTTP/1.1" 200 -
2026-09-17 10:19:24,673 INFO "POST /v1/chat/completions HTTP/1.1" 200 -
2026-09-17 10:19:24,842 INFO "POST /v1/chat/completions HTTP/1.1" 200 -
2026-09-17 10:19:25,205 INFO "POST /v1/chat/completions HTTP/1.1" 200 -
2026-09-17 10:19:25,207 INFO "GET /v1/status HTTP/1.1" 200 -
2026-09-17 10:19:25,264 INFO "GET /v1/status HTTP/1.1" 200 -
2026-09-17 10:19:25,322 INFO "GET /v1/status HTTP/1.1" 200 -
2026-09-17 10:19:25,381 INFO "GET /v1/status HTTP/1.1" 200 -
2026-09-17 10:19:25,442 INFO "GET /v1/status HTTP/1.1" 200 -
2026-09-17 10:19:25,503 INFO "GET /v1/status HTTP/1.1" 200 -
2026-09-17 10:19:25,561 INFO "GET /v1/status HTTP/1.1" 200 -
2026-09-17 10:19:25,618 INFO "GET /v1/status HTTP/1.1" 200 -
2026-09-17 10:19:25,679 INFO "GET /v1/status HTTP/1.1" 200 -
2026-09-17 10:19:25,742 INFO "GET /v1/status HTTP/1.1" 200 -
2026-09-17 10:19:25,799 INFO "GET /v1/status HTTP/1.1" 200 -
2026-09-17 10:19:25,862 INFO "GET /v1/status HTTP/1.1" 200 -
2026-09-17 10:19:25,921 INFO "GET /v1/status HTTP/1.1" 200 -
2026-09-17 10:19:25,983 INFO "GET /v1/status HTTP/1.1" 200 -
2026-09-17 10:19:26,043 INFO "GET /v1/status HTTP/1.1" 200 -
2026-09-17 10:19:26,294 INFO "GET /v1/status HTTP/1.1" 200 -
2026-09-17 10:19:26,328 INFO "GET /v1/status HTTP/1.1" 200 -
2026-09-17 10:19:27,155 INFO "POST /v1/chat/completions HTTP/1.1" 200 -
2026-09-17 10:19:27,921 INFO "POST /v1/chat/completions HTTP/1.1" 200 -
2026-09-17 10:19:28,637 INFO "POST /v1/chat/completions HTTP/1.1" 200 -
2026-09-17 10:19:29,428 INFO "POST /v1/chat/completions HTTP/1.1" 200 -
2026-09-17 10:19:30,176 INFO "POST /v1/chat/completions HTTP/1.1" 200 -
2026-09-17 10:19:30,962 INFO "POST /v1/chat/completions HTTP/1.1" 200 -
2026-09-17 10:19:31,698 INFO "POST /v1/chat/completions HTTP/1.1" 200 -
2026-09-17 10:19:32,620 INFO "POST /v1/chat/completions HTTP/1.1" 200 -
2026-09-17 10:19:33,369 INFO "POST /v1/chat/completions HTTP/1.1" 200 -
2026-09-17 10:19:34,126 INFO "POST /v1/chat/completions HTTP/1.1" 200 -
2026-09-17 10:19:34,823 INFO "POST /v1/chat/completions HTTP/1.1" 200 -
2026-09-17 10:19:35,547 INFO "POST /v1/chat/completions HTTP/1.1" 200 -
2026-09-17 10:19:36,367 INFO "POST /v1/chat/completions HTTP/1.1" 200 -
2026-09-17 10:19:37,135 INFO "POST /v1/chat/completions HTTP/1.1" 200 -
2026-09-17 10:19:37,886 INFO "POST /v1/chat/completions HTTP/1.1" 200 -
2026-09-17 10:19:38,696 INFO "POST /v1/chat/completions HTTP/1.1" 200 -
2026-09-17 10:19:39,539 INFO "POST /v1/chat/completions HTTP/1.1" 200 -
2026-09-17 10:19:40,255 INFO "POST /v1/chat/completions HTTP/1.1" 200 -
2026-09-17 10:19:41,081 INFO "POST /v1/chat/completions HTTP/1.1" 200 -
2026-09-17 10:19:41,906 INFO "POST /v1/chat/completions HTTP/1.1" 200 -
2026-09-17 10:19:46,545 INFO "POST /v1/chat/completions HTTP/1.1" 200 -
2026-09-17 10:19:46,545 INFO "POST /v1/chat/completions HTTP/1.1" 200 -
2026-09-17 10:19:46,545 INFO "POST /v1/chat/completions HTTP/1.1" 200 -
2026-09-17 10:19:46,545 INFO "POST /v1/chat/completions HTTP/1.1" 200 -
2026-09-17 10:19:46,545 INFO "POST /v1/chat/completions HTTP/1.1" 200 -
2026-09-17 10:19:46,737 INFO "POST /v1/chat/completions HTTP/1.1" 200 -
2026-09-17 10:19:46,737 INFO "POST /v1/chat/completions HTTP/1.1" 200 -
2026-09-17 10:19:46,737 INFO "POST /v1/chat/completions HTTP/1.1" 200 -
2026-09-17 10:19:46,737 INFO "POST /v1/chat/completions HTTP/1.1" 200 -
2026-09-17 10:19:46,739 INFO "POST /v1/chat/completions HTTP/1.1" 200 -
2026-09-17 10:19:46,914 INFO "POST /v1/chat/completions HTTP/1.1" 200 -
2026-09-17 10:19:49,652 INFO "POST /v1/chat/completions HTTP/1.1" 200 -
2026-09-17 10:19:49,803 INFO "POST /v1/chat/completions HTTP/1.1" 200 -
2026-09-17 10:19:49,803 INFO "POST /v1/chat/completions HTTP/1.1" 200 -
2026-09-17 10:19:49,913 INFO "POST /v1/chat/completions HTTP/1.1" 200 -
2026-09-17 10:19:49,971 INFO "POST /v1/chat/completions HTTP/1.1" 200 -
2026-09-17 10:19:49,971 INFO "POST /v1/chat/completions HTTP/1.1" 200 -
2026-09-17 10:19:50,012 INFO "POST /v1/chat/completions HTTP/1.1" 200 -
2026-09-17 10:19:50,012 INFO "POST /v1/chat/completions HTTP/1.1" 200 -
2026-09-17 10:19:50,331 INFO "POST /v1/chat/completions HTTP/1.1" 200 -
2026-09-17 10:19:50,332 INFO "GET /v1/status HTTP/1.1" 200 -
2026-09-17 10:19:50,390 INFO "GET /v1/status HTTP/1.1" 200 -
2026-09-17 10:19:50,449 INFO "GET /v1/status HTTP/1.1" 200 -
2026-09-17 10:19:50,508 INFO "GET /v1/status HTTP/1.1" 200 -
2026-09-17 10:19:50,568 INFO "GET /v1/status HTTP/1.1" 200 -
2026-09-17 10:19:50,625 INFO "GET /v1/status HTTP/1.1" 200 -
2026-09-17 10:19:50,686 INFO "GET /v1/status HTTP/1.1" 200 -
2026-09-17 10:19:50,942 INFO "GET /v1/status HTTP/1.1" 200 -
2026-09-17 10:19:50,976 INFO "GET /v1/status HTTP/1.1" 200 -
2026-09-17 10:19:51,784 INFO "POST /v1/chat/completions HTTP/1.1" 200 -
2026-09-17 10:19:52,590 INFO "POST /v1/chat/completions HTTP/1.1" 200 -
2026-09-17 10:19:53,432 INFO "POST /v1/chat/completions HTTP/1.1" 200 -
2026-09-17 10:19:54,280 INFO "POST /v1/chat/completions HTTP/1.1" 200 -
2026-09-17 10:19:55,022 INFO "POST /v1/chat/completions HTTP/1.1" 200 -
2026-09-17 10:19:55,820 INFO "POST /v1/chat/completions HTTP/1.1" 200 -
2026-09-17 10:19:56,560 INFO "POST /v1/chat/completions HTTP/1.1" 200 -
2026-09-17 10:19:57,465 INFO "POST /v1/chat/completions HTTP/1.1" 200 -
2026-09-17 10:19:58,201 INFO "POST /v1/chat/completions HTTP/1.1" 200 -
2026-09-17 10:19:58,923 INFO "POST /v1/chat/completions HTTP/1.1" 200 -
2026-09-17 10:19:59,631 INFO "POST /v1/chat/completions HTTP/1.1" 200 -
2026-09-17 10:20:00,343 INFO "POST /v1/chat/completions HTTP/1.1" 200 -
2026-09-17 10:20:01,145 INFO "POST /v1/chat/completions HTTP/1.1" 200 -
2026-09-17 10:20:01,918 INFO "POST /v1/chat/completions HTTP/1.1" 200 -
2026-09-17 10:20:02,673 INFO "POST /v1/chat/completions HTTP/1.1" 200 -
2026-09-17 10:20:03,519 INFO "POST /v1/chat/completions HTTP/1.1" 200 -
2026-09-17 10:20:04,367 INFO "POST /v1/chat/completions HTTP/1.1" 200 -
2026-09-17 10:20:05,099 INFO "POST /v1/chat/completions HTTP/1.1" 200 -
2026-09-17 10:20:05,903 INFO "POST /v1/chat/completions HTTP/1.1" 200 -
2026-09-17 10:20:06,796 INFO "POST /v1/chat/completions HTTP/1.1" 200 -
2026-09-17 10:20:09,339 INFO "POST /v1/chat/completions HTTP/1.1" 200 -
2026-09-17 10:20:09,339 INFO "POST /v1/chat/completions HTTP/1.1" 200 -
2026-09-17 10:20:09,487 INFO "POST /v1/chat/completions HTTP/1.1" 200 -
2026-09-17 10:20:09,487 INFO "POST /v1/chat/completions HTTP/1.1" 200 -
2026-09-17 10:20:09,606 INFO "POST /v1/chat/completions HTTP/1.1" 200 -
2026-09-17 10:20:14,231 INFO "POST /v1/chat/completions HTTP/1.1" 200 -
2026-09-17 10:20:14,231 INFO "POST /v1/chat/completions HTTP/1.1" 200 -
2026-09-17 10:20:14,231 INFO "POST /v1/chat/completions HTTP/1.1" 200 -
2026-09-17 10:20:14,231 INFO "POST /v1/chat/completions HTTP/1.1" 200 -
2026-09-17 10:20:14,331 INFO "POST /v1/chat/completions HTTP/1.1" 200 -
2026-09-17 10:20:14,331 INFO "POST /v1/chat/completions HTTP/1.1" 200 -
2026-09-17 10:20:14,397 INFO "POST /v1/chat/completions HTTP/1.1" 200 -
2026-09-17 10:20:14,397 INFO "POST /v1/chat/completions HTTP/1.1" 200 -
2026-09-17 10:20:14,522 INFO "POST /v1/chat/completions HTTP/1.1" 200 -
2026-09-17 10:20:14,522 INFO "POST /v1/chat/completions HTTP/1.1" 200 -
2026-09-17 10:20:14,522 INFO "POST /v1/chat/completions HTTP/1.1" 200 -
2026-09-17 10:20:14,928 INFO "POST /v1/chat/completions HTTP/1.1" 200 -
2026-09-17 10:20:15,031 INFO "POST /v1/chat/completions HTTP/1.1" 200 -
2026-09-17 10:20:15,138 INFO "POST /v1/chat/completions HTTP/1.1" 200 -
2026-09-17 10:20:15,440 INFO "POST /v1/chat/completions HTTP/1.1" 200 -
2026-09-17 10:20:15,442 INFO "GET /v1/status HTTP/1.1" 200 -
2026-09-17 10:20:15,499 INFO "GET /v1/status HTTP/1.1" 200 -
2026-09-17 10:20:15,557 INFO "GET /v1/status HTTP/1.1" 200 -
2026-09-17 10:20:15,617 INFO "GET /v1/status HTTP/1.1" 200 -
2026-09-17 10:20:15,677 INFO "GET /v1/status HTTP/1.1" 200 -
2026-09-17 10:20:15,737 INFO "GET /v1/status HTTP/1.1" 200 -
2026-09-17 10:20:15,799 INFO "GET /v1/status HTTP/1.1" 200 -
2026-09-17 10:20:15,859 INFO "GET /v1/status HTTP/1.1" 200 -
2026-09-17 10:20:15,916 INFO "GET /v1/status HTTP/1.1" 200 -
2026-09-17 10:20:15,978 INFO "GET /v1/status HTTP/1.1" 200 -
2026-09-17 10:20:16,041 INFO "GET /v1/status HTTP/1.1" 200 -
2026-09-17 10:20:16,102 INFO "GET /v1/status HTTP/1.1" 200 -
2026-09-17 10:20:16,161 INFO "GET /v1/status HTTP/1.1" 200 -
2026-09-17 10:20:16,221 INFO "GET /v1/status HTTP/1.1" 200 -
2026-09-17 10:20:16,283 INFO "GET /v1/status HTTP/1.1" 200 -
2026-09-17 10:20:16,344 INFO "GET /v1/status HTTP/1.1" 200 -
2026-09-17 10:20:16,402 INFO "GET /v1/status HTTP/1.1" 200 -
2026-09-17 10:20:16,461 INFO "GET /v1/status HTTP/1.1" 200 -
2026-09-17 10:20:16,714 INFO "GET /v1/status HTTP/1.1" 200 -
2026-09-17 10:20:16,748 INFO "GET /v1/status HTTP/1.1" 200 -
2026-09-17 10:20:17,541 INFO "POST /v1/chat/completions HTTP/1.1" 200 -
2026-09-17 10:20:18,312 INFO "POST /v1/chat/completions HTTP/1.1" 200 -
2026-09-17 10:20:19,057 INFO "POST /v1/chat/completions HTTP/1.1" 200 -
2026-09-17 10:20:19,888 INFO "POST /v1/chat/completions HTTP/1.1" 200 -
2026-09-17 10:20:20,658 INFO "POST /v1/chat/completions HTTP/1.1" 200 -
2026-09-17 10:20:21,638 INFO "POST /v1/chat/completions HTTP/1.1" 200 -
2026-09-17 10:20:22,389 INFO "POST /v1/chat/completions HTTP/1.1" 200 -
2026-09-17 10:20:23,332 INFO "POST /v1/chat/completions HTTP/1.1" 200 -
2026-09-17 10:20:24,054 INFO "POST /v1/chat/completions HTTP/1.1" 200 -
2026-09-17 10:20:24,786 INFO "POST /v1/chat/completions HTTP/1.1" 200 -
2026-09-17 10:20:25,499 INFO "POST /v1/chat/completions HTTP/1.1" 200 -
2026-09-17 10:20:26,210 INFO "POST /v1/chat/completions HTTP/1.1" 200 -
2026-09-17 10:20:27,016 INFO "POST /v1/chat/completions HTTP/1.1" 200 -
2026-09-17 10:20:27,774 INFO "POST /v1/chat/completions HTTP/1.1" 200 -
2026-09-17 10:20:28,549 INFO "POST /v1/chat/completions HTTP/1.1" 200 -
2026-09-17 10:20:29,346 INFO "POST /v1/chat/completions HTTP/1.1" 200 -
2026-09-17 10:20:30,197 INFO "POST /v1/chat/completions HTTP/1.1" 200 -
2026-09-17 10:20:30,939 INFO "POST /v1/chat/completions HTTP/1.1" 200 -
2026-09-17 10:20:31,768 INFO "POST /v1/chat/completions HTTP/1.1" 200 -
2026-09-17 10:20:32,663 INFO "POST /v1/chat/completions HTTP/1.1" 200 -
2026-09-17 10:20:35,176 INFO "POST /v1/chat/completions HTTP/1.1" 200 -
2026-09-17 10:20:35,176 INFO "POST /v1/chat/completions HTTP/1.1" 200 -
2026-09-17 10:20:35,244 INFO "POST /v1/chat/completions HTTP/1.1" 200 -
2026-09-17 10:20:35,244 INFO "POST /v1/chat/completions HTTP/1.1" 200 -
2026-09-17 10:20:35,268 INFO "POST /v1/chat/completions HTTP/1.1" 200 -
2026-09-17 10:20:39,973 INFO "POST /v1/chat/completions HTTP/1.1" 200 -
2026-09-17 10:20:39,973 INFO "POST /v1/chat/completions HTTP/1.1" 200 -
2026-09-17 10:20:39,973 INFO "POST /v1/chat/completions HTTP/1.1" 200 -
2026-09-17 10:20:40,104 INFO "POST /v1/chat/completions HTTP/1.1" 200 -
2026-09-17 10:20:40,104 INFO "POST /v1/chat/completions HTTP/1.1" 200 -
2026-09-17 10:20:40,104 INFO "POST /v1/chat/completions HTTP/1.1" 200 -
2026-09-17 10:20:40,163 INFO "POST /v1/chat/completions HTTP/1.1" 200 -
2026-09-17 10:20:40,163 INFO "POST /v1/chat/completions HTTP/1.1" 200 -
2026-09-17 10:20:40,252 INFO "POST /v1/chat/completions HTTP/1.1" 200 -
2026-09-17 10:20:40,373 INFO "POST /v1/chat/completions HTTP/1.1" 200 -
2026-09-17 10:20:40,643 INFO "POST /v1/chat/completions HTTP/1.1" 200 -
2026-09-17 10:20:40,970 INFO "POST /v1/chat/completions HTTP/1.1" 200 -
2026-09-17 10:20:40,970 INFO "POST /v1/chat/completions HTTP/1.1" 200 -
2026-09-17 10:20:41,124 INFO "POST /v1/chat/completions HTTP/1.1" 200 -
2026-09-17 10:20:41,320 INFO "POST /v1/chat/completions HTTP/1.1" 200 -
2026-09-17 10:20:41,322 INFO "GET /v1/status HTTP/1.1" 200 -
2026-09-17 10:20:41,383 INFO "GET /v1/status HTTP/1.1" 200 -
2026-09-17 10:20:41,446 INFO "GET /v1/status HTTP/1.1" 200 -
2026-09-17 10:20:41,510 INFO "GET /v1/status HTTP/1.1" 200 -
2026-09-17 10:20:41,576 INFO "GET /v1/status HTTP/1.1" 200 -
2026-09-17 10:20:41,640 INFO "GET /v1/status HTTP/1.1" 200 -
2026-09-17 10:20:41,704 INFO "GET /v1/status HTTP/1.1" 200 -
2026-09-17 10:20:41,769 INFO "GET /v1/status HTTP/1.1" 200 -
2026-09-17 10:20:41,835 INFO "GET /v1/status HTTP/1.1" 200 -
2026-09-17 10:20:41,900 INFO "GET /v1/status HTTP/1.1" 200 -
2026-09-17 10:20:41,965 INFO "GET /v1/status HTTP/1.1" 200 -
2026-09-17 10:20:42,026 INFO "GET /v1/status HTTP/1.1" 200 -
2026-09-17 10:20:42,282 INFO "GET /v1/status HTTP/1.1" 200 -
2026-09-17 10:20:42,318 INFO "GET /v1/status HTTP/1.1" 200 -
2026-09-17 10:20:43,160 INFO "POST /v1/chat/completions HTTP/1.1" 200 -
2026-09-17 10:20:43,998 INFO "POST /v1/chat/completions HTTP/1.1" 200 -
2026-09-17 10:20:44,710 INFO "POST /v1/chat/completions HTTP/1.1" 200 -
2026-09-17 10:20:45,538 INFO "POST /v1/chat/completions HTTP/1.1" 200 -
2026-09-17 10:20:46,317 INFO "POST /v1/chat/completions HTTP/1.1" 200 -
2026-09-17 10:20:47,157 INFO "POST /v1/chat/completions HTTP/1.1" 200 -
2026-09-17 10:20:47,902 INFO "POST /v1/chat/completions HTTP/1.1" 200 -
2026-09-17 10:20:48,789 INFO "POST /v1/chat/completions HTTP/1.1" 200 -
2026-09-17 10:20:49,734 INFO "POST /v1/chat/completions HTTP/1.1" 200 -
2026-09-17 10:20:50,453 INFO "POST /v1/chat/completions HTTP/1.1" 200 -
2026-09-17 10:20:51,137 INFO "POST /v1/chat/completions HTTP/1.1" 200 -
2026-09-17 10:20:51,828 INFO "POST /v1/chat/completions HTTP/1.1" 200 -
2026-09-17 10:20:52,630 INFO "POST /v1/chat/completions HTTP/1.1" 200 -
2026-09-17 10:20:53,435 INFO "POST /v1/chat/completions HTTP/1.1" 200 -
2026-09-17 10:20:54,194 INFO "POST /v1/chat/completions HTTP/1.1" 200 -
2026-09-17 10:20:54,986 INFO "POST /v1/chat/completions HTTP/1.1" 200 -
2026-09-17 10:20:55,841 INFO "POST /v1/chat/completions HTTP/1.1" 200 -
2026-09-17 10:20:56,559 INFO "POST /v1/chat/completions HTTP/1.1" 200 -
2026-09-17 10:20:57,354 INFO "POST /v1/chat/completions HTTP/1.1" 200 -
2026-09-17 10:20:58,247 INFO "POST /v1/chat/completions HTTP/1.1" 200 -
2026-09-17 10:21:01,625 INFO "POST /v1/chat/completions HTTP/1.1" 200 -
2026-09-17 10:21:01,709 INFO "POST /v1/chat/completions HTTP/1.1" 200 -
2026-09-17 10:21:01,791 INFO "POST /v1/chat/completions HTTP/1.1" 200 -
2026-09-17 10:21:01,860 INFO "POST /v1/chat/completions HTTP/1.1" 200 -
2026-09-17 10:21:01,969 INFO "POST /v1/chat/completions HTTP/1.1" 200 -
2026-09-17 10:21:02,028 INFO "POST /v1/chat/completions HTTP/1.1" 200 -
2026-09-17 10:21:02,061 INFO "POST /v1/chat/completions HTTP/1.1" 200 -
2026-09-17 10:21:02,166 INFO "POST /v1/chat/completions HTTP/1.1" 200 -
2026-09-17 10:21:06,137 INFO "POST /v1/chat/completions HTTP/1.1" 200 -
2026-09-17 10:21:06,138 INFO "POST /v1/chat/completions HTTP/1.1" 200 -
2026-09-17 10:21:06,138 INFO "POST /v1/chat/completions HTTP/1.1" 200 -
2026-09-17 10:21:06,221 INFO "POST /v1/chat/completions HTTP/1.1" 200 -
2026-09-17 10:21:06,311 INFO "POST /v1/chat/completions HTTP/1.1" 200 -
2026-09-17 10:21:06,311 INFO "POST /v1/chat/completions HTTP/1.1" 200 -
2026-09-17 10:21:06,311 INFO "POST /v1/chat/completions HTTP/1.1" 200 -
2026-09-17 10:21:06,370 INFO "POST /v1/chat/completions HTTP/1.1" 200 -
2026-09-17 10:21:06,370 INFO "POST /v1/chat/completions HTTP/1.1" 200 -
2026-09-17 10:21:06,438 INFO "POST /v1/chat/completions HTTP/1.1" 200 -
2026-09-17 10:21:06,438 INFO "POST /v1/chat/completions HTTP/1.1" 200 -
2026-09-17 10:21:06,557 INFO "POST /v1/chat/completions HTTP/1.1" 200 -
2026-09-17 10:21:06,560 INFO "GET /v1/status HTTP/1.1" 200 -
2026-09-17 10:21:06,623 INFO "GET /v1/status HTTP/1.1" 200 -
2026-09-17 10:21:06,687 INFO "GET /v1/status HTTP/1.1" 200 -
2026-09-17 10:21:06,751 INFO "GET /v1/status HTTP/1.1" 200 -
2026-09-17 10:21:06,811 INFO "GET /v1/status HTTP/1.1" 200 -
2026-09-17 10:21:06,874 INFO "GET /v1/status HTTP/1.1" 200 -
2026-09-17 10:21:06,942 INFO "GET /v1/status HTTP/1.1" 200 -
2026-09-17 10:21:07,004 INFO "GET /v1/status HTTP/1.1" 200 -
2026-09-17 10:21:07,069 INFO "GET /v1/status HTTP/1.1" 200 -
2026-09-17 10:21:07,132 INFO "GET /v1/status HTTP/1.1" 200 -
2026-09-17 10:21:07,198 INFO "GET /v1/status HTTP/1.1" 200 -
2026-09-17 10:21:07,263 INFO "GET /v1/status HTTP/1.1" 200 -
2026-09-17 10:21:07,328 INFO "GET /v1/status HTTP/1.1" 200 -
2026-09-17 10:21:07,395 INFO "GET /v1/status HTTP/1.1" 200 -
2026-09-17 10:21:07,457 INFO "GET /v1/status HTTP/1.1" 200 -
2026-09-17 10:21:07,526 INFO "GET /v1/status HTTP/1.1" 200 -
2026-09-17 10:21:07,584 INFO "GET /v1/status HTTP/1.1" 200 -
2026-09-17 10:21:07,836 INFO "GET /v1/status HTTP/1.1" 200 -
2026-09-17 10:21:07,870 INFO "GET /v1/status HTTP/1.1" 200 -
2026-09-17 10:21:08,665 INFO "POST /v1/chat/completions HTTP/1.1" 200 -
2026-09-17 10:21:09,496 INFO "POST /v1/chat/completions HTTP/1.1" 200 -
2026-09-17 10:21:10,243 INFO "POST /v1/chat/completions HTTP/1.1" 200 -
2026-09-17 10:21:11,077 INFO "POST /v1/chat/completions HTTP/1.1" 200 -
2026-09-17 10:21:11,826 INFO "POST /v1/chat/completions HTTP/1.1" 200 -
2026-09-17 10:21:12,609 INFO "POST /v1/chat/completions HTTP/1.1" 200 -
2026-09-17 10:21:13,344 INFO "POST /v1/chat/completions HTTP/1.1" 200 -
2026-09-17 10:21:14,300 INFO "POST /v1/chat/completions HTTP/1.1" 200 -
2026-09-17 10:21:15,032 INFO "POST /v1/chat/completions HTTP/1.1" 200 -
2026-09-17 10:21:15,757 INFO "POST /v1/chat/completions HTTP/1.1" 200 -
2026-09-17 10:21:16,453 INFO "POST /v1/chat/completions HTTP/1.1" 200 -
2026-09-17 10:21:17,307 INFO "POST /v1/chat/completions HTTP/1.1" 200 -
2026-09-17 10:21:18,133 INFO "POST /v1/chat/completions HTTP/1.1" 200 -
2026-09-17 10:21:18,883 INFO "POST /v1/chat/completions HTTP/1.1" 200 -
2026-09-17 10:21:19,630 INFO "POST /v1/chat/completions HTTP/1.1" 200 -
2026-09-17 10:21:20,455 INFO "POST /v1/chat/completions HTTP/1.1" 200 -
2026-09-17 10:21:21,295 INFO "POST /v1/chat/completions HTTP/1.1" 200 -
2026-09-17 10:21:22,017 INFO "POST /v1/chat/completions HTTP/1.1" 200 -
2026-09-17 10:21:22,862 INFO "POST /v1/chat/completions HTTP/1.1" 200 -
2026-09-17 10:21:23,734 INFO "POST /v1/chat/completions HTTP/1.1" 200 -
2026-09-17 10:21:26,274 INFO "POST /v1/chat/completions HTTP/1.1" 200 -
2026-09-17 10:21:26,274 INFO "POST /v1/chat/completions HTTP/1.1" 200 -
2026-09-17 10:21:26,274 INFO "POST /v1/chat/completions HTTP/1.1" 200 -
2026-09-17 10:21:26,389 INFO "POST /v1/chat/completions HTTP/1.1" 200 -
2026-09-17 10:21:26,435 INFO "POST /v1/chat/completions HTTP/1.1" 200 -
2026-09-17 10:21:31,161 INFO "POST /v1/chat/completions HTTP/1.1" 200 -
2026-09-17 10:21:31,165 INFO "POST /v1/chat/completions HTTP/1.1" 200 -
2026-09-17 10:21:31,165 INFO "POST /v1/chat/completions HTTP/1.1" 200 -
2026-09-17 10:21:31,259 INFO "POST /v1/chat/completions HTTP/1.1" 200 -
2026-09-17 10:21:31,259 INFO "POST /v1/chat/completions HTTP/1.1" 200 -
2026-09-17 10:21:31,327 INFO "POST /v1/chat/completions HTTP/1.1" 200 -
2026-09-17 10:21:31,327 INFO "POST /v1/chat/completions HTTP/1.1" 200 -
2026-09-17 10:21:31,371 INFO "POST /v1/chat/completions HTTP/1.1" 200 -
2026-09-17 10:21:31,432 INFO "POST /v1/chat/completions HTTP/1.1" 200 -
2026-09-17 10:21:31,550 INFO "POST /v1/chat/completions HTTP/1.1" 200 -
2026-09-17 10:21:31,702 INFO "POST /v1/chat/completions HTTP/1.1" 200 -
2026-09-17 10:21:31,942 INFO "POST /v1/chat/completions HTTP/1.1" 200 -
2026-09-17 10:21:32,077 INFO "POST /v1/chat/completions HTTP/1.1" 200 -
2026-09-17 10:21:32,230 INFO "POST /v1/chat/completions HTTP/1.1" 200 -
2026-09-17 10:21:32,474 INFO "POST /v1/chat/completions HTTP/1.1" 200 -
2026-09-17 10:21:32,476 INFO "GET /v1/status HTTP/1.1" 200 -
2026-09-17 10:21:32,539 INFO "GET /v1/status HTTP/1.1" 200 -
2026-09-17 10:21:32,603 INFO "GET /v1/status HTTP/1.1" 200 -
2026-09-17 10:21:32,667 INFO "GET /v1/status HTTP/1.1" 200 -
2026-09-17 10:21:32,729 INFO "GET /v1/status HTTP/1.1" 200 -
2026-09-17 10:21:32,795 INFO "GET /v1/status HTTP/1.1" 200 -
2026-09-17 10:21:32,854 INFO "GET /v1/status HTTP/1.1" 200 -
2026-09-17 10:21:32,919 INFO "GET /v1/status HTTP/1.1" 200 -
2026-09-17 10:21:32,979 INFO "GET /v1/status HTTP/1.1" 200 -
2026-09-17 10:21:33,044 INFO "GET /v1/status HTTP/1.1" 200 -
2026-09-17 10:21:33,111 INFO "GET /v1/status HTTP/1.1" 200 -
2026-09-17 10:21:33,179 INFO "GET /v1/status HTTP/1.1" 200 -
2026-09-17 10:21:33,245 INFO "GET /v1/status HTTP/1.1" 200 -
2026-09-17 10:21:33,304 INFO "GET /v1/status HTTP/1.1" 200 -
2026-09-17 10:21:33,560 INFO "GET /v1/status HTTP/1.1" 200 -
2026-09-17 10:21:33,595 INFO "GET /v1/status HTTP/1.1" 200 -
2026-09-17 10:21:34,429 INFO "POST /v1/chat/completions HTTP/1.1" 200 -
2026-09-17 10:21:35,372 INFO "POST /v1/chat/completions HTTP/1.1" 200 -
2026-09-17 10:21:36,124 INFO "POST /v1/chat/completions HTTP/1.1" 200 -
2026-09-17 10:21:36,906 INFO "POST /v1/chat/completions HTTP/1.1" 200 -
2026-09-17 10:21:37,610 INFO "POST /v1/chat/completions HTTP/1.1" 200 -
2026-09-17 10:21:38,412 INFO "POST /v1/chat/completions HTTP/1.1" 200 -
2026-09-17 10:21:39,156 INFO "POST /v1/chat/completions HTTP/1.1" 200 -
2026-09-17 10:21:40,075 INFO "POST /v1/chat/completions HTTP/1.1" 200 -
2026-09-17 10:21:40,798 INFO "POST /v1/chat/completions HTTP/1.1" 200 -
2026-09-17 10:21:41,504 INFO "POST /v1/chat/completions HTTP/1.1" 200 -
2026-09-17 10:21:42,191 INFO "POST /v1/chat/completions HTTP/1.1" 200 -
2026-09-17 10:21:42,903 INFO "POST /v1/chat/completions HTTP/1.1" 200 -
2026-09-17 10:21:43,721 INFO "POST /v1/chat/completions HTTP/1.1" 200 -
2026-09-17 10:21:44,494 INFO "POST /v1/chat/completions HTTP/1.1" 200 -
2026-09-17 10:21:45,293 INFO "POST /v1/chat/completions HTTP/1.1" 200 -
2026-09-17 10:21:46,127 INFO "POST /v1/chat/completions HTTP/1.1" 200 -
2026-09-17 10:21:46,981 INFO "POST /v1/chat/completions HTTP/1.1" 200 -
2026-09-17 10:21:47,725 INFO "POST /v1/chat/completions HTTP/1.1" 200 -
2026-09-17 10:21:48,540 INFO "POST /v1/chat/completions HTTP/1.1" 200 -
2026-09-17 10:21:49,411 INFO "POST /v1/chat/completions HTTP/1.1" 200 -
2026-09-17 10:21:52,258 INFO "POST /v1/chat/completions HTTP/1.1" 200 -
2026-09-17 10:21:52,326 INFO "POST /v1/chat/completions HTTP/1.1" 200 -
2026-09-17 10:21:52,538 INFO "POST /v1/chat/completions HTTP/1.1" 200 -
2026-09-17 10:21:52,591 INFO "POST /v1/chat/completions HTTP/1.1" 200 -
2026-09-17 10:21:52,628 INFO "POST /v1/chat/completions HTTP/1.1" 200 -
2026-09-17 10:21:52,762 INFO "POST /v1/chat/completions HTTP/1.1" 200 -
2026-09-17 10:21:57,036 INFO "POST /v1/chat/completions HTTP/1.1" 200 -
2026-09-17 10:21:57,036 INFO "POST /v1/chat/completions HTTP/1.1" 200 -
2026-09-17 10:21:57,036 INFO "POST /v1/chat/completions HTTP/1.1" 200 -
2026-09-17 10:21:57,138 INFO "POST /v1/chat/completions HTTP/1.1" 200 -
2026-09-17 10:21:57,138 INFO "POST /v1/chat/completions HTTP/1.1" 200 -
2026-09-17 10:21:57,140 INFO "POST /v1/chat/completions HTTP/1.1" 200 -
2026-09-17 10:21:57,192 INFO "POST /v1/chat/completions HTTP/1.1" 200 -
2026-09-17 10:21:57,235 INFO "POST /v1/chat/completions HTTP/1.1" 200 -
2026-09-17 10:21:57,303 INFO "POST /v1/chat/completions HTTP/1.1" 200 -
2026-09-17 10:21:57,304 INFO "POST /v1/chat/completions HTTP/1.1" 200 -
2026-09-17 10:21:57,460 INFO "POST /v1/chat/completions HTTP/1.1" 200 -
2026-09-17 10:21:57,460 INFO "POST /v1/chat/completions HTTP/1.1" 200 -
2026-09-17 10:21:58,155 INFO "POST /v1/chat/completions HTTP/1.1" 200 -
2026-09-17 10:21:58,176 INFO "POST /v1/chat/completions HTTP/1.1" 200 -
2026-09-17 10:21:58,178 INFO "GET /v1/status HTTP/1.1" 200 -
2026-09-17 10:21:58,241 INFO "GET /v1/status HTTP/1.1" 200 -
2026-09-17 10:21:58,305 INFO "GET /v1/status HTTP/1.1" 200 -
2026-09-17 10:21:58,367 INFO "GET /v1/status HTTP/1.1" 200 -
2026-09-17 10:21:58,430 INFO "GET /v1/status HTTP/1.1" 200 -
2026-09-17 10:21:58,496 INFO "GET /v1/status HTTP/1.1" 200 -
2026-09-17 10:21:58,562 INFO "GET /v1/status HTTP/1.1" 200 -
2026-09-17 10:21:58,629 INFO "GET /v1/status HTTP/1.1" 200 -
2026-09-17 10:21:58,695 INFO "GET /v1/status HTTP/1.1" 200 -
2026-09-17 10:21:58,762 INFO "GET /v1/status HTTP/1.1" 200 -
2026-09-17 10:21:58,825 INFO "GET /v1/status HTTP/1.1" 200 -
2026-09-17 10:21:59,083 INFO "GET /v1/status HTTP/1.1" 200 -
2026-09-17 10:21:59,119 INFO "GET /v1/status HTTP/1.1" 200 -
2026-09-17 10:21:59,926 INFO "POST /v1/chat/completions HTTP/1.1" 200 -
2026-09-17 10:22:00,716 INFO "POST /v1/chat/completions HTTP/1.1" 200 -
2026-09-17 10:22:01,460 INFO "POST /v1/chat/completions HTTP/1.1" 200 -
2026-09-17 10:22:02,280 INFO "POST /v1/chat/completions HTTP/1.1" 200 -
2026-09-17 10:22:03,212 INFO "POST /v1/chat/completions HTTP/1.1" 200 -
2026-09-17 10:22:03,975 INFO "POST /v1/chat/completions HTTP/1.1" 200 -
2026-09-17 10:22:04,677 INFO "POST /v1/chat/completions HTTP/1.1" 200 -
2026-09-17 10:22:05,589 INFO "POST /v1/chat/completions HTTP/1.1" 200 -
2026-09-17 10:22:06,321 INFO "POST /v1/chat/completions HTTP/1.1" 200 -
2026-09-17 10:22:07,054 INFO "POST /v1/chat/completions HTTP/1.1" 200 -
2026-09-17 10:22:07,750 INFO "POST /v1/chat/completions HTTP/1.1" 200 -
2026-09-17 10:22:08,479 INFO "POST /v1/chat/completions HTTP/1.1" 200 -
2026-09-17 10:22:09,274 INFO "POST /v1/chat/completions HTTP/1.1" 200 -
2026-09-17 10:22:10,055 INFO "POST /v1/chat/completions HTTP/1.1" 200 -
2026-09-17 10:22:10,825 INFO "POST /v1/chat/completions HTTP/1.1" 200 -
2026-09-17 10:22:11,667 INFO "POST /v1/chat/completions HTTP/1.1" 200 -
2026-09-17 10:22:12,541 INFO "POST /v1/chat/completions HTTP/1.1" 200 -
2026-09-17 10:22:13,280 INFO "POST /v1/chat/completions HTTP/1.1" 200 -
2026-09-17 10:22:14,089 INFO "POST /v1/chat/completions HTTP/1.1" 200 -
2026-09-17 10:22:14,986 INFO "POST /v1/chat/completions HTTP/1.1" 200 -
2026-09-17 10:22:17,510 INFO "POST /v1/chat/completions HTTP/1.1" 200 -
2026-09-17 10:22:17,510 INFO "POST /v1/chat/completions HTTP/1.1" 200 -
2026-09-17 10:22:17,556 INFO "POST /v1/chat/completions HTTP/1.1" 200 -
2026-09-17 10:22:17,606 INFO "POST /v1/chat/completions HTTP/1.1" 200 -
2026-09-17 10:22:17,632 INFO "POST /v1/chat/completions HTTP/1.1" 200 -
2026-09-17 10:22:22,304 INFO "POST /v1/chat/completions HTTP/1.1" 200 -
2026-09-17 10:22:22,419 INFO "POST /v1/chat/completions HTTP/1.1" 200 -
2026-09-17 10:22:22,419 INFO "POST /v1/chat/completions HTTP/1.1" 200 -
2026-09-17 10:22:22,419 INFO "POST /v1/chat/completions HTTP/1.1" 200 -
2026-09-17 10:22:22,502 INFO "POST /v1/chat/completions HTTP/1.1" 200 -
2026-09-17 10:22:22,578 INFO "POST /v1/chat/completions HTTP/1.1" 200 -
2026-09-17 10:22:22,578 INFO "POST /v1/chat/completions HTTP/1.1" 200 -
2026-09-17 10:22:22,661 INFO "POST /v1/chat/completions HTTP/1.1" 200 -
2026-09-17 10:22:22,661 INFO "POST /v1/chat/completions HTTP/1.1" 200 -
2026-09-17 10:22:22,794 INFO "POST /v1/chat/completions HTTP/1.1" 200 -
2026-09-17 10:22:23,126 INFO "POST /v1/chat/completions HTTP/1.1" 200 -
2026-09-17 10:22:23,253 INFO "POST /v1/chat/completions HTTP/1.1" 200 -
2026-09-17 10:22:23,291 INFO "POST /v1/chat/completions HTTP/1.1" 200 -
2026-09-17 10:22:23,447 INFO "POST /v1/chat/completions HTTP/1.1" 200 -
2026-09-17 10:22:23,698 INFO "POST /v1/chat/completions HTTP/1.1" 200 -
2026-09-17 10:22:23,700 INFO "GET /v1/status HTTP/1.1" 200 -
2026-09-17 10:22:23,763 INFO "GET /v1/status HTTP/1.1" 200 -
2026-09-17 10:22:23,826 INFO "GET /v1/status HTTP/1.1" 200 -
2026-09-17 10:22:23,891 INFO "GET /v1/status HTTP/1.1" 200 -
2026-09-17 10:22:23,956 INFO "GET /v1/status HTTP/1.1" 200 -
2026-09-17 10:22:24,019 INFO "GET /v1/status HTTP/1.1" 200 -
2026-09-17 10:22:24,081 INFO "GET /v1/status HTTP/1.1" 200 -
2026-09-17 10:22:24,146 INFO "GET /v1/status HTTP/1.1" 200 -
2026-09-17 10:22:24,210 INFO "GET /v1/status HTTP/1.1" 200 -
2026-09-17 10:22:24,275 INFO "GET /v1/status HTTP/1.1" 200 -
2026-09-17 10:22:24,336 INFO "GET /v1/status HTTP/1.1" 200 -
2026-09-17 10:22:24,587 INFO "GET /v1/status HTTP/1.1" 200 -
2026-09-17 10:22:24,621 INFO "GET /v1/status HTTP/1.1" 200 -
2026-09-17 10:22:25,453 INFO "POST /v1/chat/completions HTTP/1.1" 200 -
2026-09-17 10:22:26,270 INFO "POST /v1/chat/completions HTTP/1.1" 200 -
2026-09-17 10:22:27,005 INFO "POST /v1/chat/completions HTTP/1.1" 200 -
2026-09-17 10:22:27,828 INFO "POST /v1/chat/completions HTTP/1.1" 200 -
2026-09-17 10:22:28,584 INFO "POST /v1/chat/completions HTTP/1.1" 200 -
2026-09-17 10:22:29,383 INFO "POST /v1/chat/completions HTTP/1.1" 200 -
2026-09-17 10:22:30,091 INFO "POST /v1/chat/completions HTTP/1.1" 200 -
2026-09-17 10:22:31,192 INFO "POST /v1/chat/completions HTTP/1.1" 200 -
2026-09-17 10:22:31,895 INFO "POST /v1/chat/completions HTTP/1.1" 200 -
2026-09-17 10:22:32,609 INFO "POST /v1/chat/completions HTTP/1.1" 200 -
2026-09-17 10:22:33,306 INFO "POST /v1/chat/completions HTTP/1.1" 200 -
2026-09-17 10:22:34,039 INFO "POST /v1/chat/completions HTTP/1.1" 200 -
2026-09-17 10:22:34,859 INFO "POST /v1/chat/completions HTTP/1.1" 200 -
2026-09-17 10:22:35,628 INFO "POST /v1/chat/completions HTTP/1.1" 200 -
2026-09-17 10:22:36,396 INFO "POST /v1/chat/completions HTTP/1.1" 200 -
2026-09-17 10:22:37,193 INFO "POST /v1/chat/completions HTTP/1.1" 200 -
2026-09-17 10:22:38,034 INFO "POST /v1/chat/completions HTTP/1.1" 200 -
2026-09-17 10:22:38,767 INFO "POST /v1/chat/completions HTTP/1.1" 200 -
2026-09-17 10:22:39,597 INFO "POST /v1/chat/completions HTTP/1.1" 200 -
2026-09-17 10:22:40,464 INFO "POST /v1/chat/completions HTTP/1.1" 200 -
2026-09-17 10:22:43,032 INFO "POST /v1/chat/completions HTTP/1.1" 200 -
2026-09-17 10:22:43,091 INFO "POST /v1/chat/completions HTTP/1.1" 200 -
2026-09-17 10:22:43,157 INFO "POST /v1/chat/completions HTTP/1.1" 200 -
2026-09-17 10:22:43,157 INFO "POST /v1/chat/completions HTTP/1.1" 200 -
2026-09-17 10:22:43,201 INFO "POST /v1/chat/completions HTTP/1.1" 200 -
2026-09-17 10:22:47,806 INFO "POST /v1/chat/completions HTTP/1.1" 200 -
2026-09-17 10:22:47,812 INFO "POST /v1/chat/completions HTTP/1.1" 200 -
2026-09-17 10:22:47,925 INFO "POST /v1/chat/completions HTTP/1.1" 200 -
2026-09-17 10:22:47,925 INFO "POST /v1/chat/completions HTTP/1.1" 200 -
2026-09-17 10:22:48,015 INFO "POST /v1/chat/completions HTTP/1.1" 200 -
2026-09-17 10:22:48,015 INFO "POST /v1/chat/completions HTTP/1.1" 200 -
2026-09-17 10:22:48,015 INFO "POST /v1/chat/completions HTTP/1.1" 200 -
2026-09-17 10:22:48,073 INFO "POST /v1/chat/completions HTTP/1.1" 200 -
2026-09-17 10:22:48,075 INFO "POST /v1/chat/completions HTTP/1.1" 200 -
2026-09-17 10:22:48,137 INFO "POST /v1/chat/completions HTTP/1.1" 200 -
2026-09-17 10:22:48,272 INFO "POST /v1/chat/completions HTTP/1.1" 200 -
2026-09-17 10:22:48,580 INFO "POST /v1/chat/completions HTTP/1.1" 200 -
2026-09-17 10:22:48,682 INFO "POST /v1/chat/completions HTTP/1.1" 200 -
2026-09-17 10:22:49,214 INFO "POST /v1/chat/completions HTTP/1.1" 200 -
2026-09-17 10:22:49,214 INFO "POST /v1/chat/completions HTTP/1.1" 200 -
2026-09-17 10:22:49,216 INFO "GET /v1/status HTTP/1.1" 200 -
2026-09-17 10:22:49,274 INFO "GET /v1/status HTTP/1.1" 200 -
2026-09-17 10:22:49,333 INFO "GET /v1/status HTTP/1.1" 200 -
2026-09-17 10:22:49,389 INFO "GET /v1/status HTTP/1.1" 200 -
2026-09-17 10:22:49,449 INFO "GET /v1/status HTTP/1.1" 200 -
2026-09-17 10:22:49,509 INFO "GET /v1/status HTTP/1.1" 200 -
2026-09-17 10:22:49,571 INFO "GET /v1/status HTTP/1.1" 200 -
2026-09-17 10:22:49,634 INFO "GET /v1/status HTTP/1.1" 200 -
2026-09-17 10:22:49,691 INFO "GET /v1/status HTTP/1.1" 200 -
2026-09-17 10:22:49,754 INFO "GET /v1/status HTTP/1.1" 200 -
2026-09-17 10:22:49,812 INFO "GET /v1/status HTTP/1.1" 200 -
2026-09-17 10:22:49,873 INFO "GET /v1/status HTTP/1.1" 200 -
2026-09-17 10:22:49,931 INFO "GET /v1/status HTTP/1.1" 200 -
2026-09-17 10:22:49,993 INFO "GET /v1/status HTTP/1.1" 200 -
2026-09-17 10:22:50,050 INFO "GET /v1/status HTTP/1.1" 200 -
2026-09-17 10:22:50,305 INFO "GET /v1/status HTTP/1.1" 200 -
2026-09-17 10:22:50,340 INFO "GET /v1/status HTTP/1.1" 200 -
2026-09-17 10:22:51,152 INFO "POST /v1/chat/completions HTTP/1.1" 200 -
2026-09-17 10:22:51,933 INFO "POST /v1/chat/completions HTTP/1.1" 200 -
2026-09-17 10:22:52,704 INFO "POST /v1/chat/completions HTTP/1.1" 200 -
2026-09-17 10:22:53,545 INFO "POST /v1/chat/completions HTTP/1.1" 200 -
2026-09-17 10:22:54,288 INFO "POST /v1/chat/completions HTTP/1.1" 200 -
2026-09-17 10:22:55,064 INFO "POST /v1/chat/completions HTTP/1.1" 200 -
2026-09-17 10:22:55,790 INFO "POST /v1/chat/completions HTTP/1.1" 200 -
2026-09-17 10:22:56,697 INFO "POST /v1/chat/completions HTTP/1.1" 200 -
2026-09-17 10:22:57,446 INFO "POST /v1/chat/completions HTTP/1.1" 200 -
2026-09-17 10:22:58,204 INFO "POST /v1/chat/completions HTTP/1.1" 200 -
2026-09-17 10:22:59,108 INFO "POST /v1/chat/completions HTTP/1.1" 200 -
2026-09-17 10:22:59,828 INFO "POST /v1/chat/completions HTTP/1.1" 200 -
2026-09-17 10:23:00,607 INFO "POST /v1/chat/completions HTTP/1.1" 200 -
2026-09-17 10:23:01,371 INFO "POST /v1/chat/completions HTTP/1.1" 200 -
2026-09-17 10:23:02,151 INFO "POST /v1/chat/completions HTTP/1.1" 200 -
2026-09-17 10:23:03,005 INFO "POST /v1/chat/completions HTTP/1.1" 200 -
2026-09-17 10:23:03,856 INFO "POST /v1/chat/completions HTTP/1.1" 200 -
2026-09-17 10:23:04,592 INFO "POST /v1/chat/completions HTTP/1.1" 200 -
2026-09-17 10:23:05,395 INFO "POST /v1/chat/completions HTTP/1.1" 200 -
2026-09-17 10:23:06,259 INFO "POST /v1/chat/completions HTTP/1.1" 200 -
2026-09-17 10:23:09,026 INFO "POST /v1/chat/completions HTTP/1.1" 200 -
2026-09-17 10:23:09,026 INFO "POST /v1/chat/completions HTTP/1.1" 200 -
2026-09-17 10:23:09,085 INFO "POST /v1/chat/completions HTTP/1.1" 200 -
2026-09-17 10:23:09,147 INFO "POST /v1/chat/completions HTTP/1.1" 200 -
2026-09-17 10:23:09,236 INFO "POST /v1/chat/completions HTTP/1.1" 200 -
2026-09-17 10:23:09,236 INFO "POST /v1/chat/completions HTTP/1.1" 200 -
2026-09-17 10:23:13,805 INFO "POST /v1/chat/completions HTTP/1.1" 200 -
2026-09-17 10:23:13,805 INFO "POST /v1/chat/completions HTTP/1.1" 200 -
2026-09-17 10:23:13,908 INFO "POST /v1/chat/completions HTTP/1.1" 200 -
2026-09-17 10:23:13,909 INFO "POST /v1/chat/completions HTTP/1.1" 200 -
2026-09-17 10:23:14,028 INFO "POST /v1/chat/completions HTTP/1.1" 200 -
2026-09-17 10:23:14,028 INFO "POST /v1/chat/completions HTTP/1.1" 200 -
2026-09-17 10:23:14,028 INFO "POST /v1/chat/completions HTTP/1.1" 200 -
2026-09-17 10:23:14,071 INFO "POST /v1/chat/completions HTTP/1.1" 200 -
2026-09-17 10:23:14,130 INFO "POST /v1/chat/completions HTTP/1.1" 200 -
2026-09-17 10:23:14,154 INFO "POST /v1/chat/completions HTTP/1.1" 200 -
2026-09-17 10:23:14,390 INFO "POST /v1/chat/completions HTTP/1.1" 200 -
2026-09-17 10:23:14,553 INFO "POST /v1/chat/completions HTTP/1.1" 200 -
2026-09-17 10:23:14,717 INFO "POST /v1/chat/completions HTTP/1.1" 200 -
2026-09-17 10:23:14,717 INFO "POST /v1/chat/completions HTTP/1.1" 200 -
2026-09-17 10:23:14,719 INFO "GET /v1/status HTTP/1.1" 200 -
2026-09-17 10:23:14,777 INFO "GET /v1/status HTTP/1.1" 200 -
2026-09-17 10:23:14,835 INFO "GET /v1/status HTTP/1.1" 200 -
2026-09-17 10:23:14,894 INFO "GET /v1/status HTTP/1.1" 200 -
2026-09-17 10:23:14,953 INFO "GET /v1/status HTTP/1.1" 200 -
2026-09-17 10:23:15,013 INFO "GET /v1/status HTTP/1.1" 200 -
2026-09-17 10:23:15,074 INFO "GET /v1/status HTTP/1.1" 200 -
2026-09-17 10:23:15,135 INFO "GET /v1/status HTTP/1.1" 200 -
2026-09-17 10:23:15,196 INFO "GET /v1/status HTTP/1.1" 200 -
2026-09-17 10:23:15,255 INFO "GET /v1/status HTTP/1.1" 200 -
2026-09-17 10:23:15,313 INFO "GET /v1/status HTTP/1.1" 200 -
2026-09-17 10:23:15,371 INFO "GET /v1/status HTTP/1.1" 200 -
2026-09-17 10:23:15,430 INFO "GET /v1/status HTTP/1.1" 200 -
2026-09-17 10:23:15,488 INFO "GET /v1/status HTTP/1.1" 200 -
2026-09-17 10:23:15,546 INFO "GET /v1/status HTTP/1.1" 200 -
2026-09-17 10:23:15,606 INFO "GET /v1/status HTTP/1.1" 200 -
2026-09-17 10:23:15,668 INFO "GET /v1/status HTTP/1.1" 200 -
2026-09-17 10:23:15,728 INFO "GET /v1/status HTTP/1.1" 200 -
2026-09-17 10:23:15,974 INFO "GET /v1/status HTTP/1.1" 200 -
2026-09-17 10:23:16,008 INFO "GET /v1/status HTTP/1.1" 200 -
2026-09-17 10:23:16,996 INFO "POST /v1/chat/completions HTTP/1.1" 200 -
2026-09-17 10:23:17,729 INFO "POST /v1/chat/completions HTTP/1.1" 200 -
2026-09-17 10:23:18,376 INFO "POST /v1/chat/completions HTTP/1.1" 200 -
2026-09-17 10:23:19,181 INFO "POST /v1/chat/completions HTTP/1.1" 200 -
2026-09-17 10:23:19,931 INFO "POST /v1/chat/completions HTTP/1.1" 200 -
2026-09-17 10:23:20,704 INFO "POST /v1/chat/completions HTTP/1.1" 200 -
2026-09-17 10:23:21,420 INFO "POST /v1/chat/completions HTTP/1.1" 200 -
2026-09-17 10:23:22,340 INFO "POST /v1/chat/completions HTTP/1.1" 200 -
2026-09-17 10:23:23,058 INFO "POST /v1/chat/completions HTTP/1.1" 200 -
2026-09-17 10:23:23,790 INFO "POST /v1/chat/completions HTTP/1.1" 200 -
2026-09-17 10:23:24,473 INFO "POST /v1/chat/completions HTTP/1.1" 200 -
2026-09-17 10:23:25,193 INFO "POST /v1/chat/completions HTTP/1.1" 200 -
2026-09-17 10:23:25,971 INFO "POST /v1/chat/completions HTTP/1.1" 200 -
2026-09-17 10:23:26,774 INFO "POST /v1/chat/completions HTTP/1.1" 200 -
2026-09-17 10:23:27,547 INFO "POST /v1/chat/completions HTTP/1.1" 200 -
2026-09-17 10:23:28,324 INFO "POST /v1/chat/completions HTTP/1.1" 200 -
2026-09-17 10:23:29,162 INFO "POST /v1/chat/completions HTTP/1.1" 200 -
2026-09-17 10:23:29,894 INFO "POST /v1/chat/completions HTTP/1.1" 200 -
2026-09-17 10:23:30,710 INFO "POST /v1/chat/completions HTTP/1.1" 200 -
2026-09-17 10:23:31,553 INFO "POST /v1/chat/completions HTTP/1.1" 200 -
2026-09-17 10:23:33,972 INFO "POST /v1/chat/completions HTTP/1.1" 200 -
2026-09-17 10:23:34,028 INFO "POST /v1/chat/completions HTTP/1.1" 200 -
2026-09-17 10:23:34,077 INFO "POST /v1/chat/completions HTTP/1.1" 200 -
2026-09-17 10:23:34,077 INFO "POST /v1/chat/completions HTTP/1.1" 200 -
2026-09-17 10:23:34,146 INFO "POST /v1/chat/completions HTTP/1.1" 200 -
2026-09-17 10:23:38,727 INFO "POST /v1/chat/completions HTTP/1.1" 200 -
2026-09-17 10:23:38,727 INFO "POST /v1/chat/completions HTTP/1.1" 200 -
2026-09-17 10:23:38,828 INFO "POST /v1/chat/completions HTTP/1.1" 200 -
2026-09-17 10:23:38,925 INFO "POST /v1/chat/completions HTTP/1.1" 200 -
2026-09-17 10:23:38,925 INFO "POST /v1/chat/completions HTTP/1.1" 200 -
2026-09-17 10:23:38,925 INFO "POST /v1/chat/completions HTTP/1.1" 200 -
2026-09-17 10:23:39,010 INFO "POST /v1/chat/completions HTTP/1.1" 200 -
2026-09-17 10:23:39,010 INFO "POST /v1/chat/completions HTTP/1.1" 200 -
2026-09-17 10:23:39,072 INFO "POST /v1/chat/completions HTTP/1.1" 200 -
2026-09-17 10:23:39,189 INFO "POST /v1/chat/completions HTTP/1.1" 200 -
2026-09-17 10:23:39,420 INFO "POST /v1/chat/completions HTTP/1.1" 200 -
2026-09-17 10:23:39,622 INFO "POST /v1/chat/completions HTTP/1.1" 200 -
2026-09-17 10:23:39,756 INFO "POST /v1/chat/completions HTTP/1.1" 200 -
2026-09-17 10:23:40,270 INFO "POST /v1/chat/completions HTTP/1.1" 200 -
2026-09-17 10:23:40,292 INFO "POST /v1/chat/completions HTTP/1.1" 200 -
2026-09-17 10:23:40,294 INFO "GET /v1/status HTTP/1.1" 200 -
2026-09-17 10:23:40,353 INFO "GET /v1/status HTTP/1.1" 200 -
2026-09-17 10:23:40,411 INFO "GET /v1/status HTTP/1.1" 200 -
2026-09-17 10:23:40,471 INFO "GET /v1/status HTTP/1.1" 200 -
2026-09-17 10:23:40,530 INFO "GET /v1/status HTTP/1.1" 200 -
2026-09-17 10:23:40,593 INFO "GET /v1/status HTTP/1.1" 200 -
2026-09-17 10:23:40,850 INFO "GET /v1/status HTTP/1.1" 200 -
2026-09-17 10:23:40,884 INFO "GET /v1/status HTTP/1.1" 200 -
2026-09-17 10:23:41,649 INFO "POST /v1/chat/completions HTTP/1.1" 200 -
2026-09-17 10:23:42,436 INFO "POST /v1/chat/completions HTTP/1.1" 200 -
2026-09-17 10:23:43,187 INFO "POST /v1/chat/completions HTTP/1.1" 200 -
2026-09-17 10:23:44,190 INFO "POST /v1/chat/completions HTTP/1.1" 200 -
2026-09-17 10:23:44,939 INFO "POST /v1/chat/completions HTTP/1.1" 200 -
2026-09-17 10:23:45,708 INFO "POST /v1/chat/completions HTTP/1.1" 200 -
2026-09-17 10:23:46,477 INFO "POST /v1/chat/completions HTTP/1.1" 200 -
2026-09-17 10:23:47,372 INFO "POST /v1/chat/completions HTTP/1.1" 200 -
2026-09-17 10:23:48,082 INFO "POST /v1/chat/completions HTTP/1.1" 200 -
2026-09-17 10:23:48,792 INFO "POST /v1/chat/completions HTTP/1.1" 200 -
2026-09-17 10:23:49,498 INFO "POST /v1/chat/completions HTTP/1.1" 200 -
2026-09-17 10:23:50,216 INFO "POST /v1/chat/completions HTTP/1.1" 200 -
2026-09-17 10:23:51,009 INFO "POST /v1/chat/completions HTTP/1.1" 200 -
2026-09-17 10:23:51,769 INFO "POST /v1/chat/completions HTTP/1.1" 200 -
2026-09-17 10:23:52,516 INFO "POST /v1/chat/completions HTTP/1.1" 200 -
2026-09-17 10:23:53,331 INFO "POST /v1/chat/completions HTTP/1.1" 200 -
2026-09-17 10:23:54,186 INFO "POST /v1/chat/completions HTTP/1.1" 200 -
2026-09-17 10:23:54,929 INFO "POST /v1/chat/completions HTTP/1.1" 200 -
2026-09-17 10:23:55,755 INFO "POST /v1/chat/completions HTTP/1.1" 200 -
2026-09-17 10:23:56,622 INFO "POST /v1/chat/completions HTTP/1.1" 200 -
2026-09-17 10:23:59,082 INFO "POST /v1/chat/completions HTTP/1.1" 200 -
2026-09-17 10:23:59,082 INFO "POST /v1/chat/completions HTTP/1.1" 200 -
2026-09-17 10:23:59,134 INFO "POST /v1/chat/completions HTTP/1.1" 200 -
2026-09-17 10:23:59,217 INFO "POST /v1/chat/completions HTTP/1.1" 200 -
2026-09-17 10:23:59,262 INFO "POST /v1/chat/completions HTTP/1.1" 200 -
2026-09-17 10:24:03,894 INFO "POST /v1/chat/completions HTTP/1.1" 200 -
2026-09-17 10:24:03,894 INFO "POST /v1/chat/completions HTTP/1.1" 200 -
2026-09-17 10:24:03,894 INFO "POST /v1/chat/completions HTTP/1.1" 200 -
2026-09-17 10:24:03,985 INFO "POST /v1/chat/completions HTTP/1.1" 200 -
2026-09-17 10:24:04,070 INFO "POST /v1/chat/completions HTTP/1.1" 200 -
2026-09-17 10:24:04,070 INFO "POST /v1/chat/completions HTTP/1.1" 200 -
2026-09-17 10:24:04,123 INFO "POST /v1/chat/completions HTTP/1.1" 200 -
2026-09-17 10:24:04,203 INFO "POST /v1/chat/completions HTTP/1.1" 200 -
2026-09-17 10:24:04,235 INFO "POST /v1/chat/completions HTTP/1.1" 200 -
2026-09-17 10:24:04,334 INFO "POST /v1/chat/completions HTTP/1.1" 200 -
2026-09-17 10:24:04,425 INFO "POST /v1/chat/completions HTTP/1.1" 200 -
2026-09-17 10:24:04,758 INFO "POST /v1/chat/completions HTTP/1.1" 200 -
2026-09-17 10:24:04,826 INFO "POST /v1/chat/completions HTTP/1.1" 200 -
2026-09-17 10:24:04,981 INFO "POST /v1/chat/completions HTTP/1.1" 200 -
2026-09-17 10:24:05,319 INFO "POST /v1/chat/completions HTTP/1.1" 200 -
2026-09-17 10:24:05,320 INFO "GET /v1/status HTTP/1.1" 200 -
2026-09-17 10:24:05,375 INFO "GET /v1/status HTTP/1.1" 200 -
2026-09-17 10:24:05,434 INFO "GET /v1/status HTTP/1.1" 200 -
2026-09-17 10:24:05,494 INFO "GET /v1/status HTTP/1.1" 200 -
2026-09-17 10:24:05,555 INFO "GET /v1/status HTTP/1.1" 200 -
2026-09-17 10:24:05,616 INFO "GET /v1/status HTTP/1.1" 200 -
2026-09-17 10:24:05,678 INFO "GET /v1/status HTTP/1.1" 200 -
2026-09-17 10:24:05,735 INFO "GET /v1/status HTTP/1.1" 200 -
2026-09-17 10:24:05,796 INFO "GET /v1/status HTTP/1.1" 200 -
2026-09-17 10:24:05,858 INFO "GET /v1/status HTTP/1.1" 200 -
2026-09-17 10:24:05,919 INFO "GET /v1/status HTTP/1.1" 200 -
2026-09-17 10:24:05,980 INFO "GET /v1/status HTTP/1.1" 200 -
2026-09-17 10:24:06,042 INFO "GET /v1/status HTTP/1.1" 200 -
2026-09-17 10:24:06,104 INFO "GET /v1/status HTTP/1.1" 200 -
2026-09-17 10:24:06,164 INFO "GET /v1/status HTTP/1.1" 200 -
2026-09-17 10:24:06,419 INFO "GET /v1/status HTTP/1.1" 200 -
2026-09-17 10:24:06,454 INFO "GET /v1/status HTTP/1.1" 200 -
2026-09-17 10:24:07,290 INFO "POST /v1/chat/completions HTTP/1.1" 200 -
2026-09-17 10:24:08,074 INFO "POST /v1/chat/completions HTTP/1.1" 200 -
2026-09-17 10:24:08,792 INFO "POST /v1/chat/completions HTTP/1.1" 200 -
2026-09-17 10:24:09,607 INFO "POST /v1/chat/completions HTTP/1.1" 200 -
2026-09-17 10:24:10,391 INFO "POST /v1/chat/completions HTTP/1.1" 200 -
2026-09-17 10:24:11,181 INFO "POST /v1/chat/completions HTTP/1.1" 200 -
2026-09-17 10:24:12,103 INFO "POST /v1/chat/completions HTTP/1.1" 200 -
2026-09-17 10:24:12,969 INFO "POST /v1/chat/completions HTTP/1.1" 200 -
2026-09-17 10:24:13,686 INFO "POST /v1/chat/completions HTTP/1.1" 200 -
2026-09-17 10:24:14,457 INFO "POST /v1/chat/completions HTTP/1.1" 200 -
2026-09-17 10:24:15,148 INFO "POST /v1/chat/completions HTTP/1.1" 200 -
2026-09-17 10:24:15,859 INFO "POST /v1/chat/completions HTTP/1.1" 200 -
2026-09-17 10:24:16,629 INFO "POST /v1/chat/completions HTTP/1.1" 200 -
2026-09-17 10:24:17,401 INFO "POST /v1/chat/completions HTTP/1.1" 200 -
2026-09-17 10:24:18,161 INFO "POST /v1/chat/completions HTTP/1.1" 200 -
2026-09-17 10:24:18,957 INFO "POST /v1/chat/completions HTTP/1.1" 200 -
2026-09-17 10:24:19,821 INFO "POST /v1/chat/completions HTTP/1.1" 200 -
2026-09-17 10:24:20,530 INFO "POST /v1/chat/completions HTTP/1.1" 200 -
2026-09-17 10:24:21,378 INFO "POST /v1/chat/completions HTTP/1.1" 200 -
2026-09-17 10:24:22,260 INFO "POST /v1/chat/completions HTTP/1.1" 200 -
2026-09-17 10:24:26,791 INFO "POST /v1/chat/completions HTTP/1.1" 200 -
2026-09-17 10:24:26,791 INFO "POST /v1/chat/completions HTTP/1.1" 200 -
2026-09-17 10:24:26,910 INFO "POST /v1/chat/completions HTTP/1.1" 200 -
2026-09-17 10:24:26,910 INFO "POST /v1/chat/completions HTTP/1.1" 200 -
2026-09-17 10:24:26,910 INFO "POST /v1/chat/completions HTTP/1.1" 200 -
2026-09-17 10:24:26,990 INFO "POST /v1/chat/completions HTTP/1.1" 200 -
2026-09-17 10:24:27,062 INFO "POST /v1/chat/completions HTTP/1.1" 200 -
2026-09-17 10:24:27,062 INFO "POST /v1/chat/completions HTTP/1.1" 200 -
2026-09-17 10:24:27,183 INFO "POST /v1/chat/completions HTTP/1.1" 200 -
2026-09-17 10:24:27,183 INFO "POST /v1/chat/completions HTTP/1.1" 200 -
2026-09-17 10:24:27,183 INFO "POST /v1/chat/completions HTTP/1.1" 200 -
2026-09-17 10:24:30,024 INFO "POST /v1/chat/completions HTTP/1.1" 200 -
2026-09-17 10:24:30,106 INFO "POST /v1/chat/completions HTTP/1.1" 200 -
2026-09-17 10:24:30,106 INFO "POST /v1/chat/completions HTTP/1.1" 200 -
2026-09-17 10:24:30,219 INFO "POST /v1/chat/completions HTTP/1.1" 200 -
2026-09-17 10:24:30,271 INFO "POST /v1/chat/completions HTTP/1.1" 200 -
2026-09-17 10:24:30,314 INFO "POST /v1/chat/completions HTTP/1.1" 200 -
2026-09-17 10:24:30,375 INFO "POST /v1/chat/completions HTTP/1.1" 200 -
2026-09-17 10:24:30,475 INFO "POST /v1/chat/completions HTTP/1.1" 200 -
2026-09-17 10:24:30,805 INFO "POST /v1/chat/completions HTTP/1.1" 200 -
2026-09-17 10:24:30,807 INFO "GET /v1/status HTTP/1.1" 200 -
2026-09-17 10:24:31,034 INFO "GET /v1/status HTTP/1.1" 200 -
2026-09-17 10:24:31,069 INFO "GET /v1/status HTTP/1.1" 200 -
2026-09-17 10:24:31,879 INFO "POST /v1/chat/completions HTTP/1.1" 200 -
2026-09-17 10:24:32,690 INFO "POST /v1/chat/completions HTTP/1.1" 200 -
2026-09-17 10:24:33,448 INFO "POST /v1/chat/completions HTTP/1.1" 200 -
2026-09-17 10:24:34,264 INFO "POST /v1/chat/completions HTTP/1.1" 200 -
2026-09-17 10:24:35,009 INFO "POST /v1/chat/completions HTTP/1.1" 200 -
2026-09-17 10:24:35,844 INFO "POST /v1/chat/completions HTTP/1.1" 200 -
2026-09-17 10:24:36,560 INFO "POST /v1/chat/completions HTTP/1.1" 200 -
2026-09-17 10:24:37,434 INFO "POST /v1/chat/completions HTTP/1.1" 200 -
2026-09-17 10:24:38,174 INFO "POST /v1/chat/completions HTTP/1.1" 200 -
2026-09-17 10:24:39,032 INFO "POST /v1/chat/completions HTTP/1.1" 200 -
2026-09-17 10:24:39,734 INFO "POST /v1/chat/completions HTTP/1.1" 200 -
2026-09-17 10:24:40,405 INFO "POST /v1/chat/completions HTTP/1.1" 200 -
2026-09-17 10:24:41,186 INFO "POST /v1/chat/completions HTTP/1.1" 200 -
2026-09-17 10:24:41,958 INFO "POST /v1/chat/completions HTTP/1.1" 200 -
2026-09-17 10:24:42,720 INFO "POST /v1/chat/completions HTTP/1.1" 200 -
2026-09-17 10:24:43,552 INFO "POST /v1/chat/completions HTTP/1.1" 200 -
2026-09-17 10:24:44,407 INFO "POST /v1/chat/completions HTTP/1.1" 200 -
2026-09-17 10:24:45,117 INFO "POST /v1/chat/completions HTTP/1.1" 200 -
2026-09-17 10:24:45,936 INFO "POST /v1/chat/completions HTTP/1.1" 200 -
2026-09-17 10:24:46,785 INFO "POST /v1/chat/completions HTTP/1.1" 200 -
2026-09-17 10:24:50,012 INFO "POST /v1/chat/completions HTTP/1.1" 200 -
2026-09-17 10:24:50,094 INFO "POST /v1/chat/completions HTTP/1.1" 200 -
2026-09-17 10:24:50,094 INFO "POST /v1/chat/completions HTTP/1.1" 200 -
2026-09-17 10:24:50,154 INFO "POST /v1/chat/completions HTTP/1.1" 200 -
2026-09-17 10:24:50,202 INFO "POST /v1/chat/completions HTTP/1.1" 200 -
2026-09-17 10:24:50,284 INFO "POST /v1/chat/completions HTTP/1.1" 200 -
2026-09-17 10:24:50,405 INFO "POST /v1/chat/completions HTTP/1.1" 200 -
2026-09-17 10:24:54,622 INFO "POST /v1/chat/completions HTTP/1.1" 200 -
2026-09-17 10:24:54,622 INFO "POST /v1/chat/completions HTTP/1.1" 200 -
2026-09-17 10:24:54,622 INFO "POST /v1/chat/completions HTTP/1.1" 200 -
2026-09-17 10:24:54,622 INFO "POST /v1/chat/completions HTTP/1.1" 200 -
2026-09-17 10:24:54,622 INFO "POST /v1/chat/completions HTTP/1.1" 200 -
2026-09-17 10:24:54,693 INFO "POST /v1/chat/completions HTTP/1.1" 200 -
2026-09-17 10:24:54,763 INFO "POST /v1/chat/completions HTTP/1.1" 200 -
2026-09-17 10:24:54,763 INFO "POST /v1/chat/completions HTTP/1.1" 200 -
2026-09-17 10:24:54,763 INFO "POST /v1/chat/completions HTTP/1.1" 200 -
2026-09-17 10:24:54,798 INFO "POST /v1/chat/completions HTTP/1.1" 200 -
2026-09-17 10:24:54,842 INFO "POST /v1/chat/completions HTTP/1.1" 200 -
2026-09-17 10:24:54,965 INFO "POST /v1/chat/completions HTTP/1.1" 200 -
2026-09-17 10:24:55,619 INFO "POST /v1/chat/completions HTTP/1.1" 200 -
2026-09-17 10:24:55,620 INFO "GET /v1/status HTTP/1.1" 200 -
2026-09-17 10:24:55,678 INFO "GET /v1/status HTTP/1.1" 200 -
2026-09-17 10:24:55,736 INFO "GET /v1/status HTTP/1.1" 200 -
2026-09-17 10:24:55,795 INFO "GET /v1/status HTTP/1.1" 200 -
2026-09-17 10:24:55,855 INFO "GET /v1/status HTTP/1.1" 200 -
2026-09-17 10:24:55,915 INFO "GET /v1/status HTTP/1.1" 200 -
2026-09-17 10:24:55,977 INFO "GET /v1/status HTTP/1.1" 200 -
2026-09-17 10:24:56,035 INFO "GET /v1/status HTTP/1.1" 200 -
2026-09-17 10:24:56,098 INFO "GET /v1/status HTTP/1.1" 200 -
2026-09-17 10:24:56,173 INFO "GET /v1/status HTTP/1.1" 200 -
2026-09-17 10:24:56,231 INFO "GET /v1/status HTTP/1.1" 200 -
2026-09-17 10:24:56,291 INFO "GET /v1/status HTTP/1.1" 200 -
2026-09-17 10:24:56,352 INFO "GET /v1/status HTTP/1.1" 200 -
2026-09-17 10:24:56,414 INFO "GET /v1/status HTTP/1.1" 200 -
2026-09-17 10:24:56,475 INFO "GET /v1/status HTTP/1.1" 200 -
2026-09-17 10:24:56,538 INFO "GET /v1/status HTTP/1.1" 200 -
2026-09-17 10:24:56,798 INFO "GET /v1/status HTTP/1.1" 200 -
2026-09-17 10:24:56,832 INFO "GET /v1/status HTTP/1.1" 200 -
2026-09-17 10:24:57,623 INFO "POST /v1/chat/completions HTTP/1.1" 200 -
2026-09-17 10:24:58,395 INFO "POST /v1/chat/completions HTTP/1.1" 200 -
2026-09-17 10:24:59,150 INFO "POST /v1/chat/completions HTTP/1.1" 200 -
2026-09-17 10:24:59,990 INFO "POST /v1/chat/completions HTTP/1.1" 200 -
2026-09-17 10:25:00,736 INFO "POST /v1/chat/completions HTTP/1.1" 200 -
2026-09-17 10:25:01,544 INFO "POST /v1/chat/completions HTTP/1.1" 200 -
2026-09-17 10:25:02,290 INFO "POST /v1/chat/completions HTTP/1.1" 200 -
2026-09-17 10:25:03,206 INFO "POST /v1/chat/completions HTTP/1.1" 200 -
2026-09-17 10:25:03,945 INFO "POST /v1/chat/completions HTTP/1.1" 200 -
2026-09-17 10:25:04,653 INFO "POST /v1/chat/completions HTTP/1.1" 200 -
2026-09-17 10:25:05,362 INFO "POST /v1/chat/completions HTTP/1.1" 200 -
2026-09-17 10:25:06,067 INFO "POST /v1/chat/completions HTTP/1.1" 200 -
2026-09-17 10:25:06,898 INFO "POST /v1/chat/completions HTTP/1.1" 200 -
2026-09-17 10:25:07,680 INFO "POST /v1/chat/completions HTTP/1.1" 200 -
2026-09-17 10:25:08,425 INFO "POST /v1/chat/completions HTTP/1.1" 200 -
2026-09-17 10:25:09,146 INFO "POST /v1/chat/completions HTTP/1.1" 200 -
2026-09-17 10:25:10,035 INFO "POST /v1/chat/completions HTTP/1.1" 200 -
2026-09-17 10:25:10,824 INFO "POST /v1/chat/completions HTTP/1.1" 200 -
2026-09-17 10:25:11,645 INFO "POST /v1/chat/completions HTTP/1.1" 200 -
2026-09-17 10:25:12,509 INFO "POST /v1/chat/completions HTTP/1.1" 200 -
2026-09-17 10:25:15,786 INFO "POST /v1/chat/completions HTTP/1.1" 200 -
2026-09-17 10:25:15,865 INFO "POST /v1/chat/completions HTTP/1.1" 200 -
2026-09-17 10:25:16,081 INFO "POST /v1/chat/completions HTTP/1.1" 200 -
2026-09-17 10:25:16,086 INFO "POST /v1/chat/completions HTTP/1.1" 200 -
2026-09-17 10:25:16,086 INFO "POST /v1/chat/completions HTTP/1.1" 200 -
2026-09-17 10:25:16,086 INFO "POST /v1/chat/completions HTTP/1.1" 200 -
2026-09-17 10:25:16,133 INFO "POST /v1/chat/completions HTTP/1.1" 200 -
2026-09-17 10:25:20,326 INFO "POST /v1/chat/completions HTTP/1.1" 200 -
2026-09-17 10:25:20,326 INFO "POST /v1/chat/completions HTTP/1.1" 200 -
2026-09-17 10:25:20,429 INFO "POST /v1/chat/completions HTTP/1.1" 200 -
2026-09-17 10:25:20,514 INFO "POST /v1/chat/completions HTTP/1.1" 200 -
2026-09-17 10:25:20,514 INFO "POST /v1/chat/completions HTTP/1.1" 200 -
2026-09-17 10:25:20,580 INFO "POST /v1/chat/completions HTTP/1.1" 200 -
2026-09-17 10:25:20,580 INFO "POST /v1/chat/completions HTTP/1.1" 200 -
2026-09-17 10:25:20,659 INFO "POST /v1/chat/completions HTTP/1.1" 200 -
2026-09-17 10:25:20,692 INFO "POST /v1/chat/completions HTTP/1.1" 200 -
2026-09-17 10:25:20,792 INFO "POST /v1/chat/completions HTTP/1.1" 200 -
2026-09-17 10:25:20,857 INFO "POST /v1/chat/completions HTTP/1.1" 200 -
2026-09-17 10:25:20,857 INFO "POST /v1/chat/completions HTTP/1.1" 200 -
2026-09-17 10:25:21,334 INFO "POST /v1/chat/completions HTTP/1.1" 200 -
2026-09-17 10:25:21,336 INFO "GET /v1/status HTTP/1.1" 200 -
2026-09-17 10:25:21,584 INFO "GET /v1/status HTTP/1.1" 200 -
2026-09-17 10:25:21,618 INFO "GET /v1/status HTTP/1.1" 200 -
2026-09-17 10:25:22,492 INFO "POST /v1/chat/completions HTTP/1.1" 200 -
2026-09-17 10:25:23,306 INFO "POST /v1/chat/completions HTTP/1.1" 200 -
2026-09-17 10:25:24,228 INFO "POST /v1/chat/completions HTTP/1.1" 200 -
2026-09-17 10:25:25,044 INFO "POST /v1/chat/completions HTTP/1.1" 200 -
2026-09-17 10:25:25,784 INFO "POST /v1/chat/completions HTTP/1.1" 200 -
2026-09-17 10:25:26,573 INFO "POST /v1/chat/completions HTTP/1.1" 200 -
2026-09-17 10:25:27,330 INFO "POST /v1/chat/completions HTTP/1.1" 200 -
2026-09-17 10:25:28,230 INFO "POST /v1/chat/completions HTTP/1.1" 200 -
2026-09-17 10:25:28,956 INFO "POST /v1/chat/completions HTTP/1.1" 200 -
2026-09-17 10:25:29,678 INFO "POST /v1/chat/completions HTTP/1.1" 200 -
2026-09-17 10:25:30,358 INFO "POST /v1/chat/completions HTTP/1.1" 200 -
2026-09-17 10:25:31,077 INFO "POST /v1/chat/completions HTTP/1.1" 200 -
2026-09-17 10:25:31,868 INFO "POST /v1/chat/completions HTTP/1.1" 200 -
2026-09-17 10:25:32,655 INFO "POST /v1/chat/completions HTTP/1.1" 200 -
2026-09-17 10:25:33,426 INFO "POST /v1/chat/completions HTTP/1.1" 200 -
2026-09-17 10:25:34,285 INFO "POST /v1/chat/completions HTTP/1.1" 200 -
2026-09-17 10:25:35,147 INFO "POST /v1/chat/completions HTTP/1.1" 200 -
2026-09-17 10:25:35,881 INFO "POST /v1/chat/completions HTTP/1.1" 200 -
2026-09-17 10:25:36,721 INFO "POST /v1/chat/completions HTTP/1.1" 200 -
2026-09-17 10:25:37,573 INFO "POST /v1/chat/completions HTTP/1.1" 200 -
2026-09-17 10:25:40,791 INFO "POST /v1/chat/completions HTTP/1.1" 200 -
2026-09-17 10:25:40,871 INFO "POST /v1/chat/completions HTTP/1.1" 200 -
2026-09-17 10:25:40,871 INFO "POST /v1/chat/completions HTTP/1.1" 200 -
2026-09-17 10:25:40,930 INFO "POST /v1/chat/completions HTTP/1.1" 200 -
2026-09-17 10:25:41,050 INFO "POST /v1/chat/completions HTTP/1.1" 200 -
2026-09-17 10:25:41,050 INFO "POST /v1/chat/completions HTTP/1.1" 200 -
2026-09-17 10:25:41,050 INFO "POST /v1/chat/completions HTTP/1.1" 200 -
2026-09-17 10:25:45,381 INFO "POST /v1/chat/completions HTTP/1.1" 200 -
2026-09-17 10:25:45,383 INFO "POST /v1/chat/completions HTTP/1.1" 200 -
2026-09-17 10:25:45,484 INFO "POST /v1/chat/completions HTTP/1.1" 200 -
2026-09-17 10:25:45,484 INFO "POST /v1/chat/completions HTTP/1.1" 200 -
2026-09-17 10:25:45,575 INFO "POST /v1/chat/completions HTTP/1.1" 200 -
2026-09-17 10:25:45,575 INFO "POST /v1/chat/completions HTTP/1.1" 200 -
2026-09-17 10:25:45,575 INFO "POST /v1/chat/completions HTTP/1.1" 200 -
2026-09-17 10:25:45,633 INFO "POST /v1/chat/completions HTTP/1.1" 200 -
2026-09-17 10:25:45,633 INFO "POST /v1/chat/completions HTTP/1.1" 200 -
2026-09-17 10:25:45,695 INFO "POST /v1/chat/completions HTTP/1.1" 200 -
2026-09-17 10:25:45,829 INFO "POST /v1/chat/completions HTTP/1.1" 200 -
2026-09-17 10:25:46,023 INFO "POST /v1/chat/completions HTTP/1.1" 200 -
2026-09-17 10:25:46,174 INFO "POST /v1/chat/completions HTTP/1.1" 200 -
2026-09-17 10:25:46,175 INFO "GET /v1/status HTTP/1.1" 200 -
2026-09-17 10:25:46,229 INFO "GET /v1/status HTTP/1.1" 200 -
2026-09-17 10:25:46,288 INFO "GET /v1/status HTTP/1.1" 200 -
2026-09-17 10:25:46,347 INFO "GET /v1/status HTTP/1.1" 200 -
2026-09-17 10:25:46,407 INFO "GET /v1/status HTTP/1.1" 200 -
2026-09-17 10:25:46,467 INFO "GET /v1/status HTTP/1.1" 200 -
2026-09-17 10:25:46,530 INFO "GET /v1/status HTTP/1.1" 200 -
2026-09-17 10:25:46,593 INFO "GET /v1/status HTTP/1.1" 200 -
2026-09-17 10:25:46,652 INFO "GET /v1/status HTTP/1.1" 200 -
2026-09-17 10:25:46,713 INFO "GET /v1/status HTTP/1.1" 200 -
2026-09-17 10:25:46,775 INFO "GET /v1/status HTTP/1.1" 200 -
2026-09-17 10:25:46,834 INFO "GET /v1/status HTTP/1.1" 200 -
2026-09-17 10:25:47,093 INFO "GET /v1/status HTTP/1.1" 200 -
2026-09-17 10:25:47,127 INFO "GET /v1/status HTTP/1.1" 200 -
2026-09-17 10:25:47,958 INFO "POST /v1/chat/completions HTTP/1.1" 200 -
2026-09-17 10:25:48,740 INFO "POST /v1/chat/completions HTTP/1.1" 200 -
2026-09-17 10:25:49,484 INFO "POST /v1/chat/completions HTTP/1.1" 200 -
2026-09-17 10:25:50,324 INFO "POST /v1/chat/completions HTTP/1.1" 200 -
2026-09-17 10:25:51,068 INFO "POST /v1/chat/completions HTTP/1.1" 200 -
2026-09-17 10:25:52,021 INFO "POST /v1/chat/completions HTTP/1.1" 200 -
2026-09-17 10:25:52,767 INFO "POST /v1/chat/completions HTTP/1.1" 200 -
2026-09-17 10:25:53,669 INFO "POST /v1/chat/completions HTTP/1.1" 200 -
2026-09-17 10:25:54,403 INFO "POST /v1/chat/completions HTTP/1.1" 200 -
2026-09-17 10:25:55,127 INFO "POST /v1/chat/completions HTTP/1.1" 200 -
2026-09-17 10:25:55,830 INFO "POST /v1/chat/completions HTTP/1.1" 200 -
2026-09-17 10:25:56,531 INFO "POST /v1/chat/completions HTTP/1.1" 200 -
2026-09-17 10:25:57,321 INFO "POST /v1/chat/completions HTTP/1.1" 200 -
2026-09-17 10:25:58,074 INFO "POST /v1/chat/completions HTTP/1.1" 200 -
2026-09-17 10:25:58,863 INFO "POST /v1/chat/completions HTTP/1.1" 200 -
2026-09-17 10:25:59,659 INFO "POST /v1/chat/completions HTTP/1.1" 200 -
2026-09-17 10:26:00,484 INFO "POST /v1/chat/completions HTTP/1.1" 200 -
2026-09-17 10:26:01,209 INFO "POST /v1/chat/completions HTTP/1.1" 200 -
2026-09-17 10:26:02,057 INFO "POST /v1/chat/completions HTTP/1.1" 200 -
2026-09-17 10:26:02,941 INFO "POST /v1/chat/completions HTTP/1.1" 200 -
2026-09-17 10:26:06,126 INFO "POST /v1/chat/completions HTTP/1.1" 200 -
2026-09-17 10:26:06,126 INFO "POST /v1/chat/completions HTTP/1.1" 200 -
2026-09-17 10:26:06,196 INFO "POST /v1/chat/completions HTTP/1.1" 200 -
2026-09-17 10:26:06,255 INFO "POST /v1/chat/completions HTTP/1.1" 200 -
2026-09-17 10:26:06,304 INFO "POST /v1/chat/completions HTTP/1.1" 200 -
2026-09-17 10:26:06,356 INFO "POST /v1/chat/completions HTTP/1.1" 200 -
2026-09-17 10:26:06,403 INFO "POST /v1/chat/completions HTTP/1.1" 200 -
2026-09-17 10:26:10,369 INFO "POST /v1/chat/completions HTTP/1.1" 200 -
2026-09-17 10:26:10,369 INFO "POST /v1/chat/completions HTTP/1.1" 200 -
2026-09-17 10:26:10,474 INFO "POST /v1/chat/completions HTTP/1.1" 200 -
2026-09-17 10:26:10,474 INFO "POST /v1/chat/completions HTTP/1.1" 200 -
2026-09-17 10:26:10,474 INFO "POST /v1/chat/completions HTTP/1.1" 200 -
2026-09-17 10:26:10,552 INFO "POST /v1/chat/completions HTTP/1.1" 200 -
2026-09-17 10:26:10,552 INFO "POST /v1/chat/completions HTTP/1.1" 200 -
2026-09-17 10:26:10,610 INFO "POST /v1/chat/completions HTTP/1.1" 200 -
2026-09-17 10:26:10,610 INFO "POST /v1/chat/completions HTTP/1.1" 200 -
2026-09-17 10:26:10,672 INFO "POST /v1/chat/completions HTTP/1.1" 200 -
2026-09-17 10:26:10,805 INFO "POST /v1/chat/completions HTTP/1.1" 200 -
2026-09-17 10:26:11,496 INFO "POST /v1/chat/completions HTTP/1.1" 200 -
2026-09-17 10:26:11,590 INFO "POST /v1/chat/completions HTTP/1.1" 200 -
2026-09-17 10:26:11,592 INFO "GET /v1/status HTTP/1.1" 200 -
2026-09-17 10:26:11,650 INFO "GET /v1/status HTTP/1.1" 200 -
2026-09-17 10:26:11,709 INFO "GET /v1/status HTTP/1.1" 200 -
2026-09-17 10:26:11,769 INFO "GET /v1/status HTTP/1.1" 200 -
2026-09-17 10:26:11,827 INFO "GET /v1/status HTTP/1.1" 200 -
2026-09-17 10:26:11,887 INFO "GET /v1/status HTTP/1.1" 200 -
2026-09-17 10:26:11,948 INFO "GET /v1/status HTTP/1.1" 200 -
2026-09-17 10:26:12,006 INFO "GET /v1/status HTTP/1.1" 200 -
2026-09-17 10:26:12,064 INFO "GET /v1/status HTTP/1.1" 200 -
2026-09-17 10:26:12,123 INFO "GET /v1/status HTTP/1.1" 200 -
2026-09-17 10:26:12,182 INFO "GET /v1/status HTTP/1.1" 200 -
2026-09-17 10:26:12,243 INFO "GET /v1/status HTTP/1.1" 200 -
2026-09-17 10:26:12,306 INFO "GET /v1/status HTTP/1.1" 200 -
2026-09-17 10:26:12,365 INFO "GET /v1/status HTTP/1.1" 200 -
2026-09-17 10:26:12,422 INFO "GET /v1/status HTTP/1.1" 200 -
[transformers] PyTorch was not found. Models won't be available and only tokenizers, configuration and file/data utilities can be used.
2026-09-17 10:48:33,212 INFO "GET /v1/status HTTP/1.1" 200 -
2026-09-17 10:48:34,214 INFO "GET /v1/status HTTP/1.1" 200 -
2026-09-17 10:48:34,529 INFO ubc_evict: evicted 4772.0 MB from UBC for ~/mlx-models/Qwen3.6-35B-A3B-uncensored-heretic-Native-MTP-Preserved-oQ4e-mtp/model-00001-of-00005.safetensors
2026-09-17 10:48:34,567 INFO ubc_evict: evicted 4896.0 MB from UBC for ~/mlx-models/Qwen3.6-35B-A3B-uncensored-heretic-Native-MTP-Preserved-oQ4e-mtp/model-00002-of-00005.safetensors
2026-09-17 10:48:34,606 INFO ubc_evict: evicted 4896.0 MB from UBC for ~/mlx-models/Qwen3.6-35B-A3B-uncensored-heretic-Native-MTP-Preserved-oQ4e-mtp/model-00003-of-00005.safetensors
2026-09-17 10:48:34,645 INFO ubc_evict: evicted 4896.0 MB from UBC for ~/mlx-models/Qwen3.6-35B-A3B-uncensored-heretic-Native-MTP-Preserved-oQ4e-mtp/model-00004-of-00005.safetensors
2026-09-17 10:48:34,655 INFO ubc_evict: evicted 1152.0 MB from UBC for ~/mlx-models/Qwen3.6-35B-A3B-uncensored-heretic-Native-MTP-Preserved-oQ4e-mtp/model-00005-of-00005.safetensors
2026-09-17 10:48:34,655 INFO ubc_evict: pass complete total_mb=20612.0 elapsed_s=0.16
2026-09-17 10:48:35,238 INFO "GET /v1/status HTTP/1.1" 200 -
2026-09-17 10:48:35,269 INFO "GET /v1/status HTTP/1.1" 200 -
2026-09-17 10:48:36,188 INFO "POST /v1/chat/completions HTTP/1.1" 200 -
2026-09-17 10:48:36,916 INFO "POST /v1/chat/completions HTTP/1.1" 200 -
2026-09-17 10:48:37,607 INFO "POST /v1/chat/completions HTTP/1.1" 200 -
2026-09-17 10:48:38,417 INFO "POST /v1/chat/completions HTTP/1.1" 200 -
2026-09-17 10:48:39,229 INFO "POST /v1/chat/completions HTTP/1.1" 200 -
2026-09-17 10:48:40,051 INFO "POST /v1/chat/completions HTTP/1.1" 200 -
2026-09-17 10:48:40,768 INFO "POST /v1/chat/completions HTTP/1.1" 200 -
2026-09-17 10:48:41,693 INFO "POST /v1/chat/completions HTTP/1.1" 200 -
2026-09-17 10:48:42,454 INFO "POST /v1/chat/completions HTTP/1.1" 200 -
2026-09-17 10:48:43,206 INFO "POST /v1/chat/completions HTTP/1.1" 200 -
2026-09-17 10:48:43,914 INFO "POST /v1/chat/completions HTTP/1.1" 200 -
2026-09-17 10:48:44,647 INFO "POST /v1/chat/completions HTTP/1.1" 200 -
2026-09-17 10:48:45,467 INFO "POST /v1/chat/completions HTTP/1.1" 200 -
2026-09-17 10:48:46,279 INFO "POST /v1/chat/completions HTTP/1.1" 200 -
2026-09-17 10:48:47,083 INFO "POST /v1/chat/completions HTTP/1.1" 200 -
2026-09-17 10:48:47,897 INFO "POST /v1/chat/completions HTTP/1.1" 200 -
2026-09-17 10:48:48,754 INFO "POST /v1/chat/completions HTTP/1.1" 200 -
2026-09-17 10:48:49,524 INFO "POST /v1/chat/completions HTTP/1.1" 200 -
2026-09-17 10:48:50,385 INFO "POST /v1/chat/completions HTTP/1.1" 200 -
2026-09-17 10:48:51,281 INFO "POST /v1/chat/completions HTTP/1.1" 200 -
2026-09-17 10:48:55,937 INFO "POST /v1/chat/completions HTTP/1.1" 200 -
2026-09-17 10:48:55,937 INFO "POST /v1/chat/completions HTTP/1.1" 200 -
2026-09-17 10:48:55,937 INFO "POST /v1/chat/completions HTTP/1.1" 200 -
2026-09-17 10:48:55,937 INFO "POST /v1/chat/completions HTTP/1.1" 200 -
2026-09-17 10:48:56,031 INFO "POST /v1/chat/completions HTTP/1.1" 200 -
2026-09-17 10:48:56,121 INFO "POST /v1/chat/completions HTTP/1.1" 200 -
2026-09-17 10:48:56,121 INFO "POST /v1/chat/completions HTTP/1.1" 200 -
2026-09-17 10:48:56,121 INFO "POST /v1/chat/completions HTTP/1.1" 200 -
2026-09-17 10:48:56,273 INFO "POST /v1/chat/completions HTTP/1.1" 200 -
2026-09-17 10:48:56,273 INFO "POST /v1/chat/completions HTTP/1.1" 200 -
2026-09-17 10:48:56,392 INFO "POST /v1/chat/completions HTTP/1.1" 200 -
2026-09-17 10:48:59,210 INFO "POST /v1/chat/completions HTTP/1.1" 200 -
2026-09-17 10:48:59,284 INFO "POST /v1/chat/completions HTTP/1.1" 200 -
2026-09-17 10:48:59,361 INFO "POST /v1/chat/completions HTTP/1.1" 200 -
2026-09-17 10:48:59,361 INFO "POST /v1/chat/completions HTTP/1.1" 200 -
2026-09-17 10:48:59,361 INFO "POST /v1/chat/completions HTTP/1.1" 200 -
2026-09-17 10:48:59,406 INFO "POST /v1/chat/completions HTTP/1.1" 200 -
2026-09-17 10:48:59,406 INFO "POST /v1/chat/completions HTTP/1.1" 200 -
2026-09-17 10:48:59,430 INFO "POST /v1/chat/completions HTTP/1.1" 200 -
2026-09-17 10:48:59,832 INFO "POST /v1/chat/completions HTTP/1.1" 200 -
2026-09-17 10:48:59,833 INFO "GET /v1/status HTTP/1.1" 200 -
2026-09-17 10:48:59,889 INFO "GET /v1/status HTTP/1.1" 200 -
2026-09-17 10:48:59,949 INFO "GET /v1/status HTTP/1.1" 200 -
2026-09-17 10:49:00,009 INFO "GET /v1/status HTTP/1.1" 200 -
2026-09-17 10:49:00,071 INFO "GET /v1/status HTTP/1.1" 200 -
2026-09-17 10:49:00,326 INFO "GET /v1/status HTTP/1.1" 200 -
2026-09-17 10:49:00,359 INFO "GET /v1/status HTTP/1.1" 200 -
2026-09-17 10:49:01,221 INFO "POST /v1/chat/completions HTTP/1.1" 200 -
2026-09-17 10:49:01,913 INFO "POST /v1/chat/completions HTTP/1.1" 200 -
2026-09-17 10:49:02,626 INFO "POST /v1/chat/completions HTTP/1.1" 200 -
2026-09-17 10:49:03,619 INFO "POST /v1/chat/completions HTTP/1.1" 200 -
2026-09-17 10:49:04,363 INFO "POST /v1/chat/completions HTTP/1.1" 200 -
2026-09-17 10:49:05,154 INFO "POST /v1/chat/completions HTTP/1.1" 200 -
2026-09-17 10:49:05,895 INFO "POST /v1/chat/completions HTTP/1.1" 200 -
2026-09-17 10:49:06,804 INFO "POST /v1/chat/completions HTTP/1.1" 200 -
2026-09-17 10:49:07,534 INFO "POST /v1/chat/completions HTTP/1.1" 200 -
2026-09-17 10:49:08,243 INFO "POST /v1/chat/completions HTTP/1.1" 200 -
2026-09-17 10:49:08,936 INFO "POST /v1/chat/completions HTTP/1.1" 200 -
2026-09-17 10:49:09,646 INFO "POST /v1/chat/completions HTTP/1.1" 200 -
2026-09-17 10:49:10,457 INFO "POST /v1/chat/completions HTTP/1.1" 200 -
2026-09-17 10:49:11,244 INFO "POST /v1/chat/completions HTTP/1.1" 200 -
2026-09-17 10:49:12,018 INFO "POST /v1/chat/completions HTTP/1.1" 200 -
2026-09-17 10:49:12,844 INFO "POST /v1/chat/completions HTTP/1.1" 200 -
2026-09-17 10:49:13,720 INFO "POST /v1/chat/completions HTTP/1.1" 200 -
2026-09-17 10:49:14,467 INFO "POST /v1/chat/completions HTTP/1.1" 200 -
2026-09-17 10:49:15,287 INFO "POST /v1/chat/completions HTTP/1.1" 200 -
2026-09-17 10:49:16,168 INFO "POST /v1/chat/completions HTTP/1.1" 200 -
2026-09-17 10:49:18,823 INFO "POST /v1/chat/completions HTTP/1.1" 200 -
2026-09-17 10:49:18,823 INFO "POST /v1/chat/completions HTTP/1.1" 200 -
2026-09-17 10:49:18,975 INFO "POST /v1/chat/completions HTTP/1.1" 200 -
2026-09-17 10:49:18,975 INFO "POST /v1/chat/completions HTTP/1.1" 200 -
2026-09-17 10:49:19,022 INFO "POST /v1/chat/completions HTTP/1.1" 200 -
2026-09-17 10:49:23,749 INFO "POST /v1/chat/completions HTTP/1.1" 200 -
2026-09-17 10:49:23,749 INFO "POST /v1/chat/completions HTTP/1.1" 200 -
2026-09-17 10:49:23,866 INFO "POST /v1/chat/completions HTTP/1.1" 200 -
2026-09-17 10:49:23,866 INFO "POST /v1/chat/completions HTTP/1.1" 200 -
2026-09-17 10:49:23,866 INFO "POST /v1/chat/completions HTTP/1.1" 200 -
2026-09-17 10:49:23,966 INFO "POST /v1/chat/completions HTTP/1.1" 200 -
2026-09-17 10:49:23,966 INFO "POST /v1/chat/completions HTTP/1.1" 200 -
2026-09-17 10:49:23,966 INFO "POST /v1/chat/completions HTTP/1.1" 200 -
2026-09-17 10:49:23,966 INFO "POST /v1/chat/completions HTTP/1.1" 200 -
2026-09-17 10:49:24,001 INFO "POST /v1/chat/completions HTTP/1.1" 200 -
2026-09-17 10:49:24,047 INFO "POST /v1/chat/completions HTTP/1.1" 200 -
2026-09-17 10:49:24,465 INFO "POST /v1/chat/completions HTTP/1.1" 200 -
2026-09-17 10:49:24,635 INFO "POST /v1/chat/completions HTTP/1.1" 200 -
2026-09-17 10:49:24,693 INFO "POST /v1/chat/completions HTTP/1.1" 200 -
2026-09-17 10:49:25,150 INFO "POST /v1/chat/completions HTTP/1.1" 200 -
2026-09-17 10:49:25,151 INFO "GET /v1/status HTTP/1.1" 200 -
2026-09-17 10:49:25,206 INFO "GET /v1/status HTTP/1.1" 200 -
2026-09-17 10:49:25,268 INFO "GET /v1/status HTTP/1.1" 200 -
2026-09-17 10:49:25,329 INFO "GET /v1/status HTTP/1.1" 200 -
2026-09-17 10:49:25,390 INFO "GET /v1/status HTTP/1.1" 200 -
2026-09-17 10:49:25,444 INFO "GET /v1/status HTTP/1.1" 200 -
2026-09-17 10:49:25,508 INFO "GET /v1/status HTTP/1.1" 200 -
2026-09-17 10:49:25,569 INFO "GET /v1/status HTTP/1.1" 200 -
2026-09-17 10:49:25,627 INFO "GET /v1/status HTTP/1.1" 200 -
2026-09-17 10:49:25,691 INFO "GET /v1/status HTTP/1.1" 200 -
2026-09-17 10:49:25,748 INFO "GET /v1/status HTTP/1.1" 200 -
2026-09-17 10:49:25,811 INFO "GET /v1/status HTTP/1.1" 200 -
2026-09-17 10:49:25,869 INFO "GET /v1/status HTTP/1.1" 200 -
2026-09-17 10:49:26,122 INFO "GET /v1/status HTTP/1.1" 200 -
2026-09-17 10:49:26,155 INFO "GET /v1/status HTTP/1.1" 200 -
2026-09-17 10:49:26,974 INFO "POST /v1/chat/completions HTTP/1.1" 200 -
2026-09-17 10:49:27,773 INFO "POST /v1/chat/completions HTTP/1.1" 200 -
2026-09-17 10:49:28,534 INFO "POST /v1/chat/completions HTTP/1.1" 200 -
2026-09-17 10:49:29,386 INFO "POST /v1/chat/completions HTTP/1.1" 200 -
2026-09-17 10:49:30,164 INFO "POST /v1/chat/completions HTTP/1.1" 200 -
2026-09-17 10:49:31,134 INFO "POST /v1/chat/completions HTTP/1.1" 200 -
2026-09-17 10:49:31,878 INFO "POST /v1/chat/completions HTTP/1.1" 200 -
2026-09-17 10:49:32,748 INFO "POST /v1/chat/completions HTTP/1.1" 200 -
2026-09-17 10:49:33,485 INFO "POST /v1/chat/completions HTTP/1.1" 200 -
2026-09-17 10:49:34,190 INFO "POST /v1/chat/completions HTTP/1.1" 200 -
2026-09-17 10:49:34,863 INFO "POST /v1/chat/completions HTTP/1.1" 200 -
2026-09-17 10:49:35,579 INFO "POST /v1/chat/completions HTTP/1.1" 200 -
2026-09-17 10:49:36,401 INFO "POST /v1/chat/completions HTTP/1.1" 200 -
[transformers] PyTorch was not found. Models won't be available and only tokenizers, configuration and file/data utilities can be used.
2026-09-17 11:08:54,413 INFO "GET /v1/status HTTP/1.1" 200 -
2026-09-17 11:08:55,420 INFO "GET /v1/status HTTP/1.1" 200 -
2026-09-17 11:08:55,712 INFO ubc_evict: evicted 4772.0 MB from UBC for ~/mlx-models/Qwen3.6-35B-A3B-uncensored-heretic-Native-MTP-Preserved-oQ4e-mtp/model-00001-of-00005.safetensors
2026-09-17 11:08:55,750 INFO ubc_evict: evicted 4896.0 MB from UBC for ~/mlx-models/Qwen3.6-35B-A3B-uncensored-heretic-Native-MTP-Preserved-oQ4e-mtp/model-00002-of-00005.safetensors
2026-09-17 11:08:55,790 INFO ubc_evict: evicted 4896.0 MB from UBC for ~/mlx-models/Qwen3.6-35B-A3B-uncensored-heretic-Native-MTP-Preserved-oQ4e-mtp/model-00003-of-00005.safetensors
2026-09-17 11:08:55,829 INFO ubc_evict: evicted 4896.0 MB from UBC for ~/mlx-models/Qwen3.6-35B-A3B-uncensored-heretic-Native-MTP-Preserved-oQ4e-mtp/model-00004-of-00005.safetensors
2026-09-17 11:08:55,839 INFO ubc_evict: evicted 1152.0 MB from UBC for ~/mlx-models/Qwen3.6-35B-A3B-uncensored-heretic-Native-MTP-Preserved-oQ4e-mtp/model-00005-of-00005.safetensors
2026-09-17 11:08:55,839 INFO ubc_evict: pass complete total_mb=20612.0 elapsed_s=0.16
2026-09-17 11:08:56,426 INFO "GET /v1/status HTTP/1.1" 200 -
2026-09-17 11:08:56,459 INFO "GET /v1/status HTTP/1.1" 200 -
2026-09-17 11:08:57,383 INFO "POST /v1/chat/completions HTTP/1.1" 200 -
2026-09-17 11:08:58,162 INFO "POST /v1/chat/completions HTTP/1.1" 200 -
2026-09-17 11:08:58,930 INFO "POST /v1/chat/completions HTTP/1.1" 200 -
2026-09-17 11:08:59,715 INFO "POST /v1/chat/completions HTTP/1.1" 200 -
2026-09-17 11:09:00,490 INFO "POST /v1/chat/completions HTTP/1.1" 200 -
2026-09-17 11:09:01,334 INFO "POST /v1/chat/completions HTTP/1.1" 200 -
2026-09-17 11:09:02,104 INFO "POST /v1/chat/completions HTTP/1.1" 200 -
2026-09-17 11:09:03,061 INFO "POST /v1/chat/completions HTTP/1.1" 200 -
2026-09-17 11:09:03,778 INFO "POST /v1/chat/completions HTTP/1.1" 200 -
2026-09-17 11:09:04,485 INFO "POST /v1/chat/completions HTTP/1.1" 200 -
2026-09-17 11:09:05,144 INFO "POST /v1/chat/completions HTTP/1.1" 200 -
2026-09-17 11:09:05,851 INFO "POST /v1/chat/completions HTTP/1.1" 200 -
2026-09-17 11:09:06,662 INFO "POST /v1/chat/completions HTTP/1.1" 200 -
2026-09-17 11:09:07,464 INFO "POST /v1/chat/completions HTTP/1.1" 200 -
2026-09-17 11:09:08,248 INFO "POST /v1/chat/completions HTTP/1.1" 200 -
2026-09-17 11:09:09,050 INFO "POST /v1/chat/completions HTTP/1.1" 200 -
2026-09-17 11:09:09,951 INFO "POST /v1/chat/completions HTTP/1.1" 200 -
2026-09-17 11:09:10,722 INFO "POST /v1/chat/completions HTTP/1.1" 200 -
2026-09-17 11:09:11,585 INFO "POST /v1/chat/completions HTTP/1.1" 200 -
2026-09-17 11:09:12,503 INFO "POST /v1/chat/completions HTTP/1.1" 200 -
2026-09-17 11:09:18,400 INFO "POST /v1/chat/completions HTTP/1.1" 200 -
2026-09-17 11:09:18,400 INFO "POST /v1/chat/completions HTTP/1.1" 200 -
2026-09-17 11:09:18,529 INFO "POST /v1/chat/completions HTTP/1.1" 200 -
2026-09-17 11:09:18,529 INFO "POST /v1/chat/completions HTTP/1.1" 200 -
2026-09-17 11:09:18,529 INFO "POST /v1/chat/completions HTTP/1.1" 200 -
2026-09-17 11:09:18,600 INFO "POST /v1/chat/completions HTTP/1.1" 200 -
2026-09-17 11:09:18,600 INFO "POST /v1/chat/completions HTTP/1.1" 200 -
2026-09-17 11:09:18,641 INFO "POST /v1/chat/completions HTTP/1.1" 200 -
2026-09-17 11:09:18,919 INFO "POST /v1/chat/completions HTTP/1.1" 200 -
2026-09-17 11:09:19,260 INFO "POST /v1/chat/completions HTTP/1.1" 200 -
2026-09-17 11:09:19,338 INFO "POST /v1/chat/completions HTTP/1.1" 200 -
2026-09-17 11:09:19,916 INFO "POST /v1/chat/completions HTTP/1.1" 200 -
2026-09-17 11:09:20,034 INFO "POST /v1/chat/completions HTTP/1.1" 200 -
2026-09-17 11:09:20,240 INFO "POST /v1/chat/completions HTTP/1.1" 200 -
2026-09-17 11:09:20,331 INFO "POST /v1/chat/completions HTTP/1.1" 200 -
2026-09-17 11:09:20,649 INFO "POST /v1/chat/completions HTTP/1.1" 200 -
2026-09-17 11:09:20,753 INFO "POST /v1/chat/completions HTTP/1.1" 200 -
2026-09-17 11:09:20,795 INFO "POST /v1/chat/completions HTTP/1.1" 200 -
2026-09-17 11:09:21,697 INFO "POST /v1/chat/completions HTTP/1.1" 200 -
2026-09-17 11:09:21,697 INFO "POST /v1/chat/completions HTTP/1.1" 200 -
2026-09-17 11:09:21,699 INFO "GET /v1/status HTTP/1.1" 200 -
2026-09-17 11:09:21,756 INFO "GET /v1/status HTTP/1.1" 200 -
2026-09-17 11:09:21,813 INFO "GET /v1/status HTTP/1.1" 200 -
2026-09-17 11:09:21,867 INFO "GET /v1/status HTTP/1.1" 200 -
2026-09-17 11:09:21,923 INFO "GET /v1/status HTTP/1.1" 200 -
2026-09-17 11:09:21,979 INFO "GET /v1/status HTTP/1.1" 200 -
2026-09-17 11:09:22,037 INFO "GET /v1/status HTTP/1.1" 200 -
2026-09-17 11:09:22,093 INFO "GET /v1/status HTTP/1.1" 200 -
2026-09-17 11:09:22,151 INFO "GET /v1/status HTTP/1.1" 200 -
2026-09-17 11:09:22,209 INFO "GET /v1/status HTTP/1.1" 200 -
2026-09-17 11:09:22,264 INFO "GET /v1/status HTTP/1.1" 200 -
2026-09-17 11:09:22,322 INFO "GET /v1/status HTTP/1.1" 200 -
2026-09-17 11:09:22,381 INFO "GET /v1/status HTTP/1.1" 200 -
2026-09-17 11:09:22,436 INFO "GET /v1/status HTTP/1.1" 200 -
2026-09-17 11:09:22,489 INFO "GET /v1/status HTTP/1.1" 200 -
[transformers] PyTorch was not found. Models won't be available and only tokenizers, configuration and file/data utilities can be used.
2026-09-17 11:22:48,392 INFO "GET /v1/status HTTP/1.1" 200 -
2026-09-17 11:22:49,394 INFO "GET /v1/status HTTP/1.1" 200 -
2026-09-17 11:22:49,694 INFO ubc_evict: evicted 4772.0 MB from UBC for ~/mlx-models/Qwen3.6-35B-A3B-uncensored-heretic-Native-MTP-Preserved-oQ4e-mtp/model-00001-of-00005.safetensors
2026-09-17 11:22:49,732 INFO ubc_evict: evicted 4896.0 MB from UBC for ~/mlx-models/Qwen3.6-35B-A3B-uncensored-heretic-Native-MTP-Preserved-oQ4e-mtp/model-00002-of-00005.safetensors
2026-09-17 11:22:49,770 INFO ubc_evict: evicted 4896.0 MB from UBC for ~/mlx-models/Qwen3.6-35B-A3B-uncensored-heretic-Native-MTP-Preserved-oQ4e-mtp/model-00003-of-00005.safetensors
2026-09-17 11:22:49,809 INFO ubc_evict: evicted 4896.0 MB from UBC for ~/mlx-models/Qwen3.6-35B-A3B-uncensored-heretic-Native-MTP-Preserved-oQ4e-mtp/model-00004-of-00005.safetensors
2026-09-17 11:22:49,819 INFO ubc_evict: evicted 1152.0 MB from UBC for ~/mlx-models/Qwen3.6-35B-A3B-uncensored-heretic-Native-MTP-Preserved-oQ4e-mtp/model-00005-of-00005.safetensors
2026-09-17 11:22:49,819 INFO ubc_evict: pass complete total_mb=20612.0 elapsed_s=0.16
2026-09-17 11:22:50,400 INFO "GET /v1/status HTTP/1.1" 200 -
2026-09-17 11:22:50,447 INFO "GET /v1/status HTTP/1.1" 200 -
2026-09-17 11:22:51,381 INFO "POST /v1/chat/completions HTTP/1.1" 200 -
2026-09-17 11:22:52,132 INFO "POST /v1/chat/completions HTTP/1.1" 200 -
2026-09-17 11:22:52,865 INFO "POST /v1/chat/completions HTTP/1.1" 200 -
2026-09-17 11:22:53,688 INFO "POST /v1/chat/completions HTTP/1.1" 200 -
2026-09-17 11:22:54,445 INFO "POST /v1/chat/completions HTTP/1.1" 200 -
2026-09-17 11:22:55,247 INFO "POST /v1/chat/completions HTTP/1.1" 200 -
2026-09-17 11:22:55,953 INFO "POST /v1/chat/completions HTTP/1.1" 200 -
2026-09-17 11:22:56,832 INFO "POST /v1/chat/completions HTTP/1.1" 200 -
2026-09-17 11:22:57,587 INFO "POST /v1/chat/completions HTTP/1.1" 200 -
2026-09-17 11:22:58,349 INFO "POST /v1/chat/completions HTTP/1.1" 200 -
2026-09-17 11:22:59,056 INFO "POST /v1/chat/completions HTTP/1.1" 200 -
2026-09-17 11:22:59,783 INFO "POST /v1/chat/completions HTTP/1.1" 200 -
2026-09-17 11:23:00,583 INFO "POST /v1/chat/completions HTTP/1.1" 200 -
2026-09-17 11:23:01,363 INFO "POST /v1/chat/completions HTTP/1.1" 200 -
2026-09-17 11:23:02,147 INFO "POST /v1/chat/completions HTTP/1.1" 200 -
2026-09-17 11:23:02,945 INFO "POST /v1/chat/completions HTTP/1.1" 200 -
2026-09-17 11:23:03,790 INFO "POST /v1/chat/completions HTTP/1.1" 200 -
2026-09-17 11:23:04,539 INFO "POST /v1/chat/completions HTTP/1.1" 200 -
2026-09-17 11:23:05,386 INFO "POST /v1/chat/completions HTTP/1.1" 200 -
2026-09-17 11:23:06,272 INFO "POST /v1/chat/completions HTTP/1.1" 200 -
2026-09-17 11:23:06,438 INFO "POST /v1/chat/completions HTTP/1.1" 429 -
2026-09-17 11:23:06,438 INFO "POST /v1/chat/completions HTTP/1.1" 429 -
2026-09-17 11:23:06,438 INFO "POST /v1/chat/completions HTTP/1.1" 429 -
2026-09-17 11:23:06,438 INFO "POST /v1/chat/completions HTTP/1.1" 429 -
2026-09-17 11:23:06,438 INFO "POST /v1/chat/completions HTTP/1.1" 429 -
2026-09-17 11:23:06,438 INFO "POST /v1/chat/completions HTTP/1.1" 429 -
2026-09-17 11:23:06,438 INFO "POST /v1/chat/completions HTTP/1.1" 429 -
2026-09-17 11:23:06,438 INFO "POST /v1/chat/completions HTTP/1.1" 429 -
2026-09-17 11:23:06,438 INFO "POST /v1/chat/completions HTTP/1.1" 429 -
2026-09-17 11:23:06,438 INFO "POST /v1/chat/completions HTTP/1.1" 429 -
2026-09-17 11:23:06,438 INFO "POST /v1/chat/completions HTTP/1.1" 429 -
2026-09-17 11:23:06,438 INFO "POST /v1/chat/completions HTTP/1.1" 429 -
2026-09-17 11:23:06,438 INFO "POST /v1/chat/completions HTTP/1.1" 429 -
2026-09-17 11:23:06,438 INFO "POST /v1/chat/completions HTTP/1.1" 429 -
2026-09-17 11:23:06,438 INFO "POST /v1/chat/completions HTTP/1.1" 429 -
2026-09-17 11:23:06,438 INFO "POST /v1/chat/completions HTTP/1.1" 429 -
2026-09-17 11:23:06,438 INFO "POST /v1/chat/completions HTTP/1.1" 429 -
2026-09-17 11:23:06,438 INFO "POST /v1/chat/completions HTTP/1.1" 429 -
2026-09-17 11:23:06,438 INFO "POST /v1/chat/completions HTTP/1.1" 429 -
2026-09-17 11:23:06,438 INFO "POST /v1/chat/completions HTTP/1.1" 429 -
2026-09-17 11:23:18,304 INFO "GET /v1/status HTTP/1.1" 200 -
[transformers] PyTorch was not found. Models won't be available and only tokenizers, configuration and file/data utilities can be used.
2026-09-17 11:35:41,145 INFO "GET /v1/status HTTP/1.1" 200 -
2026-09-17 11:35:42,152 INFO "GET /v1/status HTTP/1.1" 200 -
2026-09-17 11:35:42,437 INFO ubc_evict: evicted 4772.0 MB from UBC for ~/mlx-models/Qwen3.6-35B-A3B-uncensored-heretic-Native-MTP-Preserved-oQ4e-mtp/model-00001-of-00005.safetensors
2026-09-17 11:35:42,475 INFO ubc_evict: evicted 4896.0 MB from UBC for ~/mlx-models/Qwen3.6-35B-A3B-uncensored-heretic-Native-MTP-Preserved-oQ4e-mtp/model-00002-of-00005.safetensors
2026-09-17 11:35:42,513 INFO ubc_evict: evicted 4896.0 MB from UBC for ~/mlx-models/Qwen3.6-35B-A3B-uncensored-heretic-Native-MTP-Preserved-oQ4e-mtp/model-00003-of-00005.safetensors
2026-09-17 11:35:42,550 INFO ubc_evict: evicted 4896.0 MB from UBC for ~/mlx-models/Qwen3.6-35B-A3B-uncensored-heretic-Native-MTP-Preserved-oQ4e-mtp/model-00004-of-00005.safetensors
2026-09-17 11:35:42,559 INFO ubc_evict: evicted 1152.0 MB from UBC for ~/mlx-models/Qwen3.6-35B-A3B-uncensored-heretic-Native-MTP-Preserved-oQ4e-mtp/model-00005-of-00005.safetensors
2026-09-17 11:35:42,559 INFO ubc_evict: pass complete total_mb=20612.0 elapsed_s=0.15
2026-09-17 11:35:43,158 INFO "GET /v1/status HTTP/1.1" 200 -
2026-09-17 11:35:43,203 INFO "GET /v1/status HTTP/1.1" 200 -
2026-09-17 11:35:44,123 INFO "POST /v1/chat/completions HTTP/1.1" 200 -
2026-09-17 11:35:44,853 INFO "POST /v1/chat/completions HTTP/1.1" 200 -
2026-09-17 11:35:45,551 INFO "POST /v1/chat/completions HTTP/1.1" 200 -
2026-09-17 11:35:46,393 INFO "POST /v1/chat/completions HTTP/1.1" 200 -
2026-09-17 11:35:47,164 INFO "POST /v1/chat/completions HTTP/1.1" 200 -
2026-09-17 11:35:47,985 INFO "POST /v1/chat/completions HTTP/1.1" 200 -
2026-09-17 11:35:48,738 INFO "POST /v1/chat/completions HTTP/1.1" 200 -
2026-09-17 11:35:49,671 INFO "POST /v1/chat/completions HTTP/1.1" 200 -
2026-09-17 11:35:50,418 INFO "POST /v1/chat/completions HTTP/1.1" 200 -
2026-09-17 11:35:51,164 INFO "POST /v1/chat/completions HTTP/1.1" 200 -
2026-09-17 11:35:51,852 INFO "POST /v1/chat/completions HTTP/1.1" 200 -
2026-09-17 11:35:52,553 INFO "POST /v1/chat/completions HTTP/1.1" 200 -
2026-09-17 11:35:53,358 INFO "POST /v1/chat/completions HTTP/1.1" 200 -
2026-09-17 11:35:54,163 INFO "POST /v1/chat/completions HTTP/1.1" 200 -
2026-09-17 11:35:54,927 INFO "POST /v1/chat/completions HTTP/1.1" 200 -
2026-09-17 11:35:55,694 INFO "POST /v1/chat/completions HTTP/1.1" 200 -
2026-09-17 11:35:56,516 INFO "POST /v1/chat/completions HTTP/1.1" 200 -
2026-09-17 11:35:57,269 INFO "POST /v1/chat/completions HTTP/1.1" 200 -
2026-09-17 11:35:58,096 INFO "POST /v1/chat/completions HTTP/1.1" 200 -
2026-09-17 11:35:58,956 INFO "POST /v1/chat/completions HTTP/1.1" 200 -
2026-09-17 11:36:04,747 INFO "POST /v1/chat/completions HTTP/1.1" 200 -
2026-09-17 11:36:06,298 INFO "POST /v1/chat/completions HTTP/1.1" 200 -
2026-09-17 11:36:06,298 INFO "POST /v1/chat/completions HTTP/1.1" 200 -
2026-09-17 11:36:06,466 INFO "POST /v1/chat/completions HTTP/1.1" 200 -
2026-09-17 11:36:06,467 INFO "POST /v1/chat/completions HTTP/1.1" 200 -
2026-09-17 11:36:06,475 INFO "POST /v1/chat/completions HTTP/1.1" 200 -
2026-09-17 11:36:06,475 INFO "POST /v1/chat/completions HTTP/1.1" 200 -
2026-09-17 11:36:06,475 INFO "POST /v1/chat/completions HTTP/1.1" 200 -
2026-09-17 11:36:06,476 INFO "POST /v1/chat/completions HTTP/1.1" 200 -
2026-09-17 11:36:06,476 INFO "POST /v1/chat/completions HTTP/1.1" 200 -
2026-09-17 11:36:06,636 INFO "POST /v1/chat/completions HTTP/1.1" 200 -
2026-09-17 11:36:06,721 INFO "POST /v1/chat/completions HTTP/1.1" 200 -
2026-09-17 11:36:06,721 INFO "POST /v1/chat/completions HTTP/1.1" 200 -
2026-09-17 11:36:06,721 INFO "POST /v1/chat/completions HTTP/1.1" 200 -
2026-09-17 11:36:06,721 INFO "POST /v1/chat/completions HTTP/1.1" 200 -
2026-09-17 11:36:06,773 INFO "POST /v1/chat/completions HTTP/1.1" 200 -
2026-09-17 11:36:06,773 INFO "POST /v1/chat/completions HTTP/1.1" 200 -
2026-09-17 11:36:06,811 INFO "POST /v1/chat/completions HTTP/1.1" 200 -
2026-09-17 11:36:06,894 INFO "POST /v1/chat/completions HTTP/1.1" 200 -
2026-09-17 11:36:06,894 INFO "POST /v1/chat/completions HTTP/1.1" 200 -
2026-09-17 11:36:06,895 INFO "GET /v1/status HTTP/1.1" 200 -
2026-09-17 11:36:06,952 INFO "GET /v1/status HTTP/1.1" 200 -
2026-09-17 11:36:07,009 INFO "GET /v1/status HTTP/1.1" 200 -
2026-09-17 11:36:17,773 INFO "GET /v1/status HTTP/1.1" 200 -
[transformers] PyTorch was not found. Models won't be available and only tokenizers, configuration and file/data utilities can be used.
2026-09-17 11:43:10,360 INFO "GET /v1/status HTTP/1.1" 200 -
2026-09-17 11:43:11,367 INFO "GET /v1/status HTTP/1.1" 200 -
2026-09-17 11:43:11,668 INFO ubc_evict: evicted 4772.0 MB from UBC for ~/mlx-models/Qwen3.6-35B-A3B-uncensored-heretic-Native-MTP-Preserved-oQ4e-mtp/model-00001-of-00005.safetensors
2026-09-17 11:43:11,706 INFO ubc_evict: evicted 4896.0 MB from UBC for ~/mlx-models/Qwen3.6-35B-A3B-uncensored-heretic-Native-MTP-Preserved-oQ4e-mtp/model-00002-of-00005.safetensors
2026-09-17 11:43:11,745 INFO ubc_evict: evicted 4896.0 MB from UBC for ~/mlx-models/Qwen3.6-35B-A3B-uncensored-heretic-Native-MTP-Preserved-oQ4e-mtp/model-00003-of-00005.safetensors
2026-09-17 11:43:11,783 INFO ubc_evict: evicted 4896.0 MB from UBC for ~/mlx-models/Qwen3.6-35B-A3B-uncensored-heretic-Native-MTP-Preserved-oQ4e-mtp/model-00004-of-00005.safetensors
2026-09-17 11:43:11,796 INFO ubc_evict: evicted 1152.0 MB from UBC for ~/mlx-models/Qwen3.6-35B-A3B-uncensored-heretic-Native-MTP-Preserved-oQ4e-mtp/model-00005-of-00005.safetensors
2026-09-17 11:43:11,796 INFO ubc_evict: pass complete total_mb=20612.0 elapsed_s=0.16
2026-09-17 11:43:12,370 INFO "GET /v1/status HTTP/1.1" 200 -
2026-09-17 11:43:12,402 INFO "GET /v1/status HTTP/1.1" 200 -
2026-09-17 11:43:13,336 INFO "POST /v1/chat/completions HTTP/1.1" 200 -
2026-09-17 11:43:14,063 INFO "POST /v1/chat/completions HTTP/1.1" 200 -
2026-09-17 11:43:14,756 INFO "POST /v1/chat/completions HTTP/1.1" 200 -
2026-09-17 11:43:15,565 INFO "POST /v1/chat/completions HTTP/1.1" 200 -
2026-09-17 11:43:16,346 INFO "POST /v1/chat/completions HTTP/1.1" 200 -
2026-09-17 11:43:17,159 INFO "POST /v1/chat/completions HTTP/1.1" 200 -
2026-09-17 11:43:17,898 INFO "POST /v1/chat/completions HTTP/1.1" 200 -
2026-09-17 11:43:18,840 INFO "POST /v1/chat/completions HTTP/1.1" 200 -
2026-09-17 11:43:19,604 INFO "POST /v1/chat/completions HTTP/1.1" 200 -
2026-09-17 11:43:20,323 INFO "POST /v1/chat/completions HTTP/1.1" 200 -
2026-09-17 11:43:20,982 INFO "POST /v1/chat/completions HTTP/1.1" 200 -
2026-09-17 11:43:21,686 INFO "POST /v1/chat/completions HTTP/1.1" 200 -
2026-09-17 11:43:22,469 INFO "POST /v1/chat/completions HTTP/1.1" 200 -
2026-09-17 11:43:23,242 INFO "POST /v1/chat/completions HTTP/1.1" 200 -
2026-09-17 11:43:24,047 INFO "POST /v1/chat/completions HTTP/1.1" 200 -
2026-09-17 11:43:24,882 INFO "POST /v1/chat/completions HTTP/1.1" 200 -
2026-09-17 11:43:25,706 INFO "POST /v1/chat/completions HTTP/1.1" 200 -
2026-09-17 11:43:26,417 INFO "POST /v1/chat/completions HTTP/1.1" 200 -
2026-09-17 11:43:27,222 INFO "POST /v1/chat/completions HTTP/1.1" 200 -
2026-09-17 11:43:28,077 INFO "POST /v1/chat/completions HTTP/1.1" 200 -
2026-09-17 11:43:30,119 INFO "POST /v1/chat/completions HTTP/1.1" 429 -
2026-09-17 11:43:30,119 INFO "POST /v1/chat/completions HTTP/1.1" 429 -
2026-09-17 11:43:30,119 INFO "POST /v1/chat/completions HTTP/1.1" 429 -
2026-09-17 11:43:30,119 INFO "POST /v1/chat/completions HTTP/1.1" 429 -
2026-09-17 11:43:30,119 INFO "POST /v1/chat/completions HTTP/1.1" 429 -
2026-09-17 11:43:30,119 INFO "POST /v1/chat/completions HTTP/1.1" 429 -
2026-09-17 11:43:30,119 INFO "POST /v1/chat/completions HTTP/1.1" 429 -
2026-09-17 11:43:30,119 INFO "POST /v1/chat/completions HTTP/1.1" 429 -
2026-09-17 11:43:30,119 INFO "POST /v1/chat/completions HTTP/1.1" 429 -
2026-09-17 11:43:30,119 INFO "POST /v1/chat/completions HTTP/1.1" 429 -
2026-09-17 11:43:30,119 INFO "POST /v1/chat/completions HTTP/1.1" 429 -
2026-09-17 11:43:30,119 INFO "POST /v1/chat/completions HTTP/1.1" 429 -
2026-09-17 11:43:30,119 INFO "POST /v1/chat/completions HTTP/1.1" 429 -
2026-09-17 11:43:30,119 INFO "POST /v1/chat/completions HTTP/1.1" 429 -
2026-09-17 11:43:30,119 INFO "POST /v1/chat/completions HTTP/1.1" 429 -
2026-09-17 11:43:30,119 INFO "POST /v1/chat/completions HTTP/1.1" 429 -
2026-09-17 11:43:30,119 INFO "POST /v1/chat/completions HTTP/1.1" 429 -
2026-09-17 11:43:30,119 INFO "POST /v1/chat/completions HTTP/1.1" 429 -
2026-09-17 11:43:30,119 INFO "POST /v1/chat/completions HTTP/1.1" 429 -
2026-09-17 11:43:30,119 INFO "POST /v1/chat/completions HTTP/1.1" 429 -
2026-09-17 11:43:39,146 INFO "GET /v1/status HTTP/1.1" 200 -
[transformers] PyTorch was not found. Models won't be available and only tokenizers, configuration and file/data utilities can be used.
2026-09-17 11:44:14,334 INFO "GET /v1/status HTTP/1.1" 200 -
2026-09-17 11:44:15,340 INFO "GET /v1/status HTTP/1.1" 200 -
2026-09-17 11:44:15,634 INFO ubc_evict: evicted 4772.0 MB from UBC for ~/mlx-models/Qwen3.6-35B-A3B-uncensored-heretic-Native-MTP-Preserved-oQ4e-mtp/model-00001-of-00005.safetensors
2026-09-17 11:44:15,672 INFO ubc_evict: evicted 4896.0 MB from UBC for ~/mlx-models/Qwen3.6-35B-A3B-uncensored-heretic-Native-MTP-Preserved-oQ4e-mtp/model-00002-of-00005.safetensors
2026-09-17 11:44:15,710 INFO ubc_evict: evicted 4896.0 MB from UBC for ~/mlx-models/Qwen3.6-35B-A3B-uncensored-heretic-Native-MTP-Preserved-oQ4e-mtp/model-00003-of-00005.safetensors
2026-09-17 11:44:15,749 INFO ubc_evict: evicted 4896.0 MB from UBC for ~/mlx-models/Qwen3.6-35B-A3B-uncensored-heretic-Native-MTP-Preserved-oQ4e-mtp/model-00004-of-00005.safetensors
2026-09-17 11:44:15,758 INFO ubc_evict: evicted 1152.0 MB from UBC for ~/mlx-models/Qwen3.6-35B-A3B-uncensored-heretic-Native-MTP-Preserved-oQ4e-mtp/model-00005-of-00005.safetensors
2026-09-17 11:44:15,758 INFO ubc_evict: pass complete total_mb=20612.0 elapsed_s=0.16
2026-09-17 11:44:16,342 INFO "GET /v1/status HTTP/1.1" 200 -
2026-09-17 11:44:16,374 INFO "GET /v1/status HTTP/1.1" 200 -
2026-09-17 11:44:17,301 INFO "POST /v1/chat/completions HTTP/1.1" 200 -
2026-09-17 11:44:18,031 INFO "POST /v1/chat/completions HTTP/1.1" 200 -
2026-09-17 11:44:18,754 INFO "POST /v1/chat/completions HTTP/1.1" 200 -
2026-09-17 11:44:19,541 INFO "POST /v1/chat/completions HTTP/1.1" 200 -
2026-09-17 11:44:20,287 INFO "POST /v1/chat/completions HTTP/1.1" 200 -
2026-09-17 11:44:21,093 INFO "POST /v1/chat/completions HTTP/1.1" 200 -
2026-09-17 11:44:21,832 INFO "POST /v1/chat/completions HTTP/1.1" 200 -
2026-09-17 11:44:22,756 INFO "POST /v1/chat/completions HTTP/1.1" 200 -
2026-09-17 11:44:23,488 INFO "POST /v1/chat/completions HTTP/1.1" 200 -
2026-09-17 11:44:24,206 INFO "POST /v1/chat/completions HTTP/1.1" 200 -
2026-09-17 11:44:24,887 INFO "POST /v1/chat/completions HTTP/1.1" 200 -
2026-09-17 11:44:25,596 INFO "POST /v1/chat/completions HTTP/1.1" 200 -
2026-09-17 11:44:26,383 INFO "POST /v1/chat/completions HTTP/1.1" 200 -
2026-09-17 11:44:27,145 INFO "POST /v1/chat/completions HTTP/1.1" 200 -
2026-09-17 11:44:27,940 INFO "POST /v1/chat/completions HTTP/1.1" 200 -
2026-09-17 11:44:28,773 INFO "POST /v1/chat/completions HTTP/1.1" 200 -
2026-09-17 11:44:32,860 INFO "POST /v1/chat/completions HTTP/1.1" 429 -
2026-09-17 11:44:32,860 INFO "POST /v1/chat/completions HTTP/1.1" 429 -
2026-09-17 11:44:32,860 INFO "POST /v1/chat/completions HTTP/1.1" 429 -
2026-09-17 11:44:32,860 INFO "POST /v1/chat/completions HTTP/1.1" 429 -
2026-09-17 11:44:32,860 INFO "POST /v1/chat/completions HTTP/1.1" 429 -
2026-09-17 11:44:32,860 INFO "POST /v1/chat/completions HTTP/1.1" 429 -
2026-09-17 11:44:32,860 INFO "POST /v1/chat/completions HTTP/1.1" 429 -
2026-09-17 11:44:32,860 INFO "POST /v1/chat/completions HTTP/1.1" 429 -
2026-09-17 11:44:32,860 INFO "POST /v1/chat/completions HTTP/1.1" 429 -
2026-09-17 11:44:32,860 INFO "POST /v1/chat/completions HTTP/1.1" 429 -
2026-09-17 11:44:32,860 INFO "POST /v1/chat/completions HTTP/1.1" 429 -
2026-09-17 11:44:32,860 INFO "POST /v1/chat/completions HTTP/1.1" 429 -
2026-09-17 11:44:32,860 INFO "POST /v1/chat/completions HTTP/1.1" 429 -
2026-09-17 11:44:32,860 INFO "POST /v1/chat/completions HTTP/1.1" 429 -
2026-09-17 11:44:32,860 INFO "POST /v1/chat/completions HTTP/1.1" 429 -
2026-09-17 11:44:32,860 INFO "POST /v1/chat/completions HTTP/1.1" 429 -
[transformers] PyTorch was not found. Models won't be available and only tokenizers, configuration and file/data utilities can be used.
2026-09-17 11:44:50,456 INFO "GET /v1/status HTTP/1.1" 200 -
2026-09-17 11:44:51,459 INFO "GET /v1/status HTTP/1.1" 200 -
2026-09-17 11:44:51,757 INFO ubc_evict: evicted 4772.0 MB from UBC for ~/mlx-models/Qwen3.6-35B-A3B-uncensored-heretic-Native-MTP-Preserved-oQ4e-mtp/model-00001-of-00005.safetensors
2026-09-17 11:44:51,801 INFO ubc_evict: evicted 4896.0 MB from UBC for ~/mlx-models/Qwen3.6-35B-A3B-uncensored-heretic-Native-MTP-Preserved-oQ4e-mtp/model-00002-of-00005.safetensors
2026-09-17 11:44:51,842 INFO ubc_evict: evicted 4896.0 MB from UBC for ~/mlx-models/Qwen3.6-35B-A3B-uncensored-heretic-Native-MTP-Preserved-oQ4e-mtp/model-00003-of-00005.safetensors
2026-09-17 11:44:51,883 INFO ubc_evict: evicted 4896.0 MB from UBC for ~/mlx-models/Qwen3.6-35B-A3B-uncensored-heretic-Native-MTP-Preserved-oQ4e-mtp/model-00004-of-00005.safetensors
2026-09-17 11:44:51,892 INFO ubc_evict: evicted 1152.0 MB from UBC for ~/mlx-models/Qwen3.6-35B-A3B-uncensored-heretic-Native-MTP-Preserved-oQ4e-mtp/model-00005-of-00005.safetensors
2026-09-17 11:44:51,893 INFO ubc_evict: pass complete total_mb=20612.0 elapsed_s=0.17
2026-09-17 11:44:52,463 INFO "GET /v1/status HTTP/1.1" 200 -
2026-09-17 11:44:52,494 INFO "GET /v1/status HTTP/1.1" 200 -
2026-09-17 11:44:53,433 INFO "POST /v1/chat/completions HTTP/1.1" 200 -
2026-09-17 11:44:54,166 INFO "POST /v1/chat/completions HTTP/1.1" 200 -
2026-09-17 11:44:54,863 INFO "POST /v1/chat/completions HTTP/1.1" 200 -
2026-09-17 11:44:55,666 INFO "POST /v1/chat/completions HTTP/1.1" 200 -
2026-09-17 11:44:56,422 INFO "POST /v1/chat/completions HTTP/1.1" 200 -
2026-09-17 11:44:57,200 INFO "POST /v1/chat/completions HTTP/1.1" 200 -
2026-09-17 11:44:57,899 INFO "POST /v1/chat/completions HTTP/1.1" 200 -
2026-09-17 11:44:58,786 INFO "POST /v1/chat/completions HTTP/1.1" 200 -
2026-09-17 11:44:59,524 INFO "POST /v1/chat/completions HTTP/1.1" 200 -
2026-09-17 11:45:00,290 INFO "POST /v1/chat/completions HTTP/1.1" 200 -
2026-09-17 11:45:01,001 INFO "POST /v1/chat/completions HTTP/1.1" 200 -
2026-09-17 11:45:01,726 INFO "POST /v1/chat/completions HTTP/1.1" 200 -
2026-09-17 11:45:02,524 INFO "POST /v1/chat/completions HTTP/1.1" 200 -
2026-09-17 11:45:03,321 INFO "POST /v1/chat/completions HTTP/1.1" 200 -
2026-09-17 11:45:04,119 INFO "POST /v1/chat/completions HTTP/1.1" 200 -
2026-09-17 11:45:04,940 INFO "POST /v1/chat/completions HTTP/1.1" 200 -
2026-09-17 11:45:09,027 INFO "POST /v1/chat/completions HTTP/1.1" 429 -
2026-09-17 11:45:09,027 INFO "POST /v1/chat/completions HTTP/1.1" 429 -
2026-09-17 11:45:09,027 INFO "POST /v1/chat/completions HTTP/1.1" 429 -
2026-09-17 11:45:09,027 INFO "POST /v1/chat/completions HTTP/1.1" 429 -
2026-09-17 11:45:09,027 INFO "POST /v1/chat/completions HTTP/1.1" 429 -
2026-09-17 11:45:09,027 INFO "POST /v1/chat/completions HTTP/1.1" 429 -
2026-09-17 11:45:09,027 INFO "POST /v1/chat/completions HTTP/1.1" 429 -
2026-09-17 11:45:09,027 INFO "POST /v1/chat/completions HTTP/1.1" 429 -
2026-09-17 11:45:09,027 INFO "POST /v1/chat/completions HTTP/1.1" 429 -
2026-09-17 11:45:09,027 INFO "POST /v1/chat/completions HTTP/1.1" 429 -
2026-09-17 11:45:09,027 INFO "POST /v1/chat/completions HTTP/1.1" 429 -
2026-09-17 11:45:09,027 INFO "POST /v1/chat/completions HTTP/1.1" 429 -
2026-09-17 11:45:09,027 INFO "POST /v1/chat/completions HTTP/1.1" 429 -
2026-09-17 11:45:09,027 INFO "POST /v1/chat/completions HTTP/1.1" 429 -
2026-09-17 11:45:09,027 INFO "POST /v1/chat/completions HTTP/1.1" 429 -
2026-09-17 11:45:09,027 INFO "POST /v1/chat/completions HTTP/1.1" 429 -
[transformers] PyTorch was not found. Models won't be available and only tokenizers, configuration and file/data utilities can be used.
2026-09-17 11:45:30,192 INFO "GET /v1/status HTTP/1.1" 200 -
2026-09-17 11:45:31,199 INFO "GET /v1/status HTTP/1.1" 200 -
2026-09-17 11:45:31,491 INFO ubc_evict: evicted 4772.0 MB from UBC for ~/mlx-models/Qwen3.6-35B-A3B-uncensored-heretic-Native-MTP-Preserved-oQ4e-mtp/model-00001-of-00005.safetensors
2026-09-17 11:45:31,530 INFO ubc_evict: evicted 4896.0 MB from UBC for ~/mlx-models/Qwen3.6-35B-A3B-uncensored-heretic-Native-MTP-Preserved-oQ4e-mtp/model-00002-of-00005.safetensors
2026-09-17 11:45:31,569 INFO ubc_evict: evicted 4896.0 MB from UBC for ~/mlx-models/Qwen3.6-35B-A3B-uncensored-heretic-Native-MTP-Preserved-oQ4e-mtp/model-00003-of-00005.safetensors
2026-09-17 11:45:31,608 INFO ubc_evict: evicted 4896.0 MB from UBC for ~/mlx-models/Qwen3.6-35B-A3B-uncensored-heretic-Native-MTP-Preserved-oQ4e-mtp/model-00004-of-00005.safetensors
2026-09-17 11:45:31,617 INFO ubc_evict: evicted 1152.0 MB from UBC for ~/mlx-models/Qwen3.6-35B-A3B-uncensored-heretic-Native-MTP-Preserved-oQ4e-mtp/model-00005-of-00005.safetensors
2026-09-17 11:45:31,617 INFO ubc_evict: pass complete total_mb=20612.0 elapsed_s=0.16
2026-09-17 11:45:32,200 INFO "GET /v1/status HTTP/1.1" 200 -
2026-09-17 11:45:32,233 INFO "GET /v1/status HTTP/1.1" 200 -
2026-09-17 11:45:33,177 INFO "POST /v1/chat/completions HTTP/1.1" 200 -
2026-09-17 11:45:33,916 INFO "POST /v1/chat/completions HTTP/1.1" 200 -
2026-09-17 11:45:34,630 INFO "POST /v1/chat/completions HTTP/1.1" 200 -
2026-09-17 11:45:35,457 INFO "POST /v1/chat/completions HTTP/1.1" 200 -
2026-09-17 11:45:36,241 INFO "POST /v1/chat/completions HTTP/1.1" 200 -
2026-09-17 11:45:37,073 INFO "POST /v1/chat/completions HTTP/1.1" 200 -
2026-09-17 11:45:37,803 INFO "POST /v1/chat/completions HTTP/1.1" 200 -
2026-09-17 11:45:38,698 INFO "POST /v1/chat/completions HTTP/1.1" 200 -
2026-09-17 11:45:41,307 INFO "POST /v1/chat/completions HTTP/1.1" 200 -
2026-09-17 11:45:41,307 INFO "POST /v1/chat/completions HTTP/1.1" 200 -
2026-09-17 11:45:41,377 INFO "POST /v1/chat/completions HTTP/1.1" 200 -
2026-09-17 11:45:41,445 INFO "POST /v1/chat/completions HTTP/1.1" 200 -
2026-09-17 11:45:41,445 INFO "POST /v1/chat/completions HTTP/1.1" 200 -
2026-09-17 11:45:41,560 INFO "POST /v1/chat/completions HTTP/1.1" 200 -
2026-09-17 11:45:41,594 INFO "POST /v1/chat/completions HTTP/1.1" 200 -
2026-09-17 11:45:41,710 INFO "POST /v1/chat/completions HTTP/1.1" 200 -
2026-09-17 11:45:41,711 INFO "GET /v1/status HTTP/1.1" 200 -
2026-09-17 11:45:41,766 INFO "GET /v1/status HTTP/1.1" 200 -
2026-09-17 11:45:41,818 INFO "GET /v1/status HTTP/1.1" 200 -
2026-09-17 11:45:41,875 INFO "GET /v1/status HTTP/1.1" 200 -
2026-09-17 11:45:41,931 INFO "GET /v1/status HTTP/1.1" 200 -
2026-09-17 11:45:41,985 INFO "GET /v1/status HTTP/1.1" 200 -
2026-09-17 11:45:42,039 INFO "GET /v1/status HTTP/1.1" 200 -
2026-09-17 11:45:42,094 INFO "GET /v1/status HTTP/1.1" 200 -
2026-09-17 11:45:42,148 INFO "GET /v1/status HTTP/1.1" 200 -
2026-09-17 11:45:42,202 INFO "GET /v1/status HTTP/1.1" 200 -
2026-09-17 11:45:42,256 INFO "GET /v1/status HTTP/1.1" 200 -
2026-09-17 11:45:42,312 INFO "GET /v1/status HTTP/1.1" 200 -
2026-09-17 11:45:42,370 INFO "GET /v1/status HTTP/1.1" 200 -
2026-09-17 11:45:42,428 INFO "GET /v1/status HTTP/1.1" 200 -
2026-09-17 11:45:42,481 INFO "GET /v1/status HTTP/1.1" 200 -
2026-09-17 11:45:42,537 INFO "GET /v1/status HTTP/1.1" 200 -
2026-09-17 11:45:42,591 INFO "GET /v1/status HTTP/1.1" 200 -
[transformers] PyTorch was not found. Models won't be available and only tokenizers, configuration and file/data utilities can be used.
2026-09-17 11:48:03,340 INFO "GET /v1/status HTTP/1.1" 200 -
2026-09-17 11:48:04,345 INFO "GET /v1/status HTTP/1.1" 200 -
2026-09-17 11:48:04,644 INFO ubc_evict: evicted 4772.0 MB from UBC for ~/mlx-models/Qwen3.6-35B-A3B-uncensored-heretic-Native-MTP-Preserved-oQ4e-mtp/model-00001-of-00005.safetensors
2026-09-17 11:48:04,680 INFO ubc_evict: evicted 4896.0 MB from UBC for ~/mlx-models/Qwen3.6-35B-A3B-uncensored-heretic-Native-MTP-Preserved-oQ4e-mtp/model-00002-of-00005.safetensors
2026-09-17 11:48:04,719 INFO ubc_evict: evicted 4896.0 MB from UBC for ~/mlx-models/Qwen3.6-35B-A3B-uncensored-heretic-Native-MTP-Preserved-oQ4e-mtp/model-00003-of-00005.safetensors
2026-09-17 11:48:04,757 INFO ubc_evict: evicted 4896.0 MB from UBC for ~/mlx-models/Qwen3.6-35B-A3B-uncensored-heretic-Native-MTP-Preserved-oQ4e-mtp/model-00004-of-00005.safetensors
2026-09-17 11:48:04,766 INFO ubc_evict: evicted 1152.0 MB from UBC for ~/mlx-models/Qwen3.6-35B-A3B-uncensored-heretic-Native-MTP-Preserved-oQ4e-mtp/model-00005-of-00005.safetensors
2026-09-17 11:48:04,766 INFO ubc_evict: pass complete total_mb=20612.0 elapsed_s=0.16
2026-09-17 11:48:05,356 INFO "GET /v1/status HTTP/1.1" 200 -
2026-09-17 11:48:05,391 INFO "GET /v1/status HTTP/1.1" 200 -
2026-09-17 11:48:06,316 INFO "POST /v1/chat/completions HTTP/1.1" 200 -
2026-09-17 11:48:07,043 INFO "POST /v1/chat/completions HTTP/1.1" 200 -
2026-09-17 11:48:07,766 INFO "POST /v1/chat/completions HTTP/1.1" 200 -
2026-09-17 11:48:08,631 INFO "POST /v1/chat/completions HTTP/1.1" 200 -
2026-09-17 11:48:09,406 INFO "POST /v1/chat/completions HTTP/1.1" 200 -
2026-09-17 11:48:10,177 INFO "POST /v1/chat/completions HTTP/1.1" 200 -
2026-09-17 11:48:10,867 INFO "POST /v1/chat/completions HTTP/1.1" 200 -
2026-09-17 11:48:11,743 INFO "POST /v1/chat/completions HTTP/1.1" 200 -
2026-09-17 11:48:12,483 INFO "POST /v1/chat/completions HTTP/1.1" 200 -
2026-09-17 11:48:13,258 INFO "POST /v1/chat/completions HTTP/1.1" 200 -
2026-09-17 11:48:13,961 INFO "POST /v1/chat/completions HTTP/1.1" 200 -
2026-09-17 11:48:14,688 INFO "POST /v1/chat/completions HTTP/1.1" 200 -
2026-09-17 11:48:19,005 INFO "POST /v1/chat/completions HTTP/1.1" 200 -
2026-09-17 11:48:19,007 INFO "POST /v1/chat/completions HTTP/1.1" 200 -
2026-09-17 11:48:19,009 INFO "POST /v1/chat/completions HTTP/1.1" 200 -
2026-09-17 11:48:19,108 INFO "POST /v1/chat/completions HTTP/1.1" 200 -
2026-09-17 11:48:19,212 INFO "POST /v1/chat/completions HTTP/1.1" 200 -
2026-09-17 11:48:19,215 INFO "POST /v1/chat/completions HTTP/1.1" 200 -
2026-09-17 11:48:19,217 INFO "POST /v1/chat/completions HTTP/1.1" 200 -
2026-09-17 11:48:19,220 INFO "POST /v1/chat/completions HTTP/1.1" 200 -
2026-09-17 11:48:19,220 INFO "POST /v1/chat/completions HTTP/1.1" 200 -
2026-09-17 11:48:19,336 INFO "POST /v1/chat/completions HTTP/1.1" 200 -
2026-09-17 11:48:19,368 INFO "POST /v1/chat/completions HTTP/1.1" 200 -
2026-09-17 11:48:19,481 INFO "POST /v1/chat/completions HTTP/1.1" 200 -
2026-09-17 11:48:19,482 INFO "GET /v1/status HTTP/1.1" 200 -
2026-09-17 11:48:19,543 INFO "GET /v1/status HTTP/1.1" 200 -
2026-09-17 11:48:19,602 INFO "GET /v1/status HTTP/1.1" 200 -
2026-09-17 11:48:19,661 INFO "GET /v1/status HTTP/1.1" 200 -
2026-09-17 11:48:19,724 INFO "GET /v1/status HTTP/1.1" 200 -
2026-09-17 11:48:19,778 INFO "GET /v1/status HTTP/1.1" 200 -
2026-09-17 11:48:19,839 INFO "GET /v1/status HTTP/1.1" 200 -
2026-09-17 11:48:19,902 INFO "GET /v1/status HTTP/1.1" 200 -
2026-09-17 11:48:30,184 INFO "GET /v1/status HTTP/1.1" 200 -
[transformers] PyTorch was not found. Models won't be available and only tokenizers, configuration and file/data utilities can be used.
2026-09-17 11:49:05,623 INFO "GET /v1/status HTTP/1.1" 200 -
2026-09-17 11:49:06,628 INFO "GET /v1/status HTTP/1.1" 200 -
2026-09-17 11:49:06,937 INFO ubc_evict: evicted 4772.0 MB from UBC for ~/mlx-models/Qwen3.6-35B-A3B-uncensored-heretic-Native-MTP-Preserved-oQ4e-mtp/model-00001-of-00005.safetensors
2026-09-17 11:49:06,978 INFO ubc_evict: evicted 4896.0 MB from UBC for ~/mlx-models/Qwen3.6-35B-A3B-uncensored-heretic-Native-MTP-Preserved-oQ4e-mtp/model-00002-of-00005.safetensors
2026-09-17 11:49:07,015 INFO ubc_evict: evicted 4896.0 MB from UBC for ~/mlx-models/Qwen3.6-35B-A3B-uncensored-heretic-Native-MTP-Preserved-oQ4e-mtp/model-00003-of-00005.safetensors
2026-09-17 11:49:07,053 INFO ubc_evict: evicted 4896.0 MB from UBC for ~/mlx-models/Qwen3.6-35B-A3B-uncensored-heretic-Native-MTP-Preserved-oQ4e-mtp/model-00004-of-00005.safetensors
2026-09-17 11:49:07,063 INFO ubc_evict: evicted 1152.0 MB from UBC for ~/mlx-models/Qwen3.6-35B-A3B-uncensored-heretic-Native-MTP-Preserved-oQ4e-mtp/model-00005-of-00005.safetensors
2026-09-17 11:49:07,063 INFO ubc_evict: pass complete total_mb=20612.0 elapsed_s=0.16
2026-09-17 11:49:07,634 INFO "GET /v1/status HTTP/1.1" 200 -
2026-09-17 11:49:07,665 INFO "GET /v1/status HTTP/1.1" 200 -
2026-09-17 11:49:08,622 INFO "POST /v1/chat/completions HTTP/1.1" 200 -
2026-09-17 11:49:09,364 INFO "POST /v1/chat/completions HTTP/1.1" 200 -
2026-09-17 11:49:10,073 INFO "POST /v1/chat/completions HTTP/1.1" 200 -
2026-09-17 11:49:10,898 INFO "POST /v1/chat/completions HTTP/1.1" 200 -
2026-09-17 11:49:11,699 INFO "POST /v1/chat/completions HTTP/1.1" 200 -
2026-09-17 11:49:12,519 INFO "POST /v1/chat/completions HTTP/1.1" 200 -
2026-09-17 11:49:13,266 INFO "POST /v1/chat/completions HTTP/1.1" 200 -
2026-09-17 11:49:14,199 INFO "POST /v1/chat/completions HTTP/1.1" 200 -
2026-09-17 11:49:14,957 INFO "POST /v1/chat/completions HTTP/1.1" 200 -
2026-09-17 11:49:15,678 INFO "POST /v1/chat/completions HTTP/1.1" 200 -
2026-09-17 11:49:16,355 INFO "POST /v1/chat/completions HTTP/1.1" 200 -
2026-09-17 11:49:17,107 INFO "POST /v1/chat/completions HTTP/1.1" 200 -
2026-09-17 11:49:17,884 INFO "POST /v1/chat/completions HTTP/1.1" 200 -
2026-09-17 11:49:18,615 INFO "POST /v1/chat/completions HTTP/1.1" 200 -
2026-09-17 11:49:23,267 INFO "POST /v1/chat/completions HTTP/1.1" 429 -
2026-09-17 11:49:23,267 INFO "POST /v1/chat/completions HTTP/1.1" 429 -
2026-09-17 11:49:23,267 INFO "POST /v1/chat/completions HTTP/1.1" 429 -
2026-09-17 11:49:23,267 INFO "POST /v1/chat/completions HTTP/1.1" 429 -
2026-09-17 11:49:23,267 INFO "POST /v1/chat/completions HTTP/1.1" 429 -
2026-09-17 11:49:23,267 INFO "POST /v1/chat/completions HTTP/1.1" 429 -
2026-09-17 11:49:23,267 INFO "POST /v1/chat/completions HTTP/1.1" 429 -
2026-09-17 11:49:23,267 INFO "POST /v1/chat/completions HTTP/1.1" 429 -
2026-09-17 11:49:23,267 INFO "POST /v1/chat/completions HTTP/1.1" 429 -
2026-09-17 11:49:23,267 INFO "POST /v1/chat/completions HTTP/1.1" 429 -
2026-09-17 11:49:23,267 INFO "POST /v1/chat/completions HTTP/1.1" 429 -
2026-09-17 11:49:23,267 INFO "POST /v1/chat/completions HTTP/1.1" 429 -
2026-09-17 11:49:23,267 INFO "POST /v1/chat/completions HTTP/1.1" 429 -
2026-09-17 11:49:23,267 INFO "POST /v1/chat/completions HTTP/1.1" 429 -
[transformers] PyTorch was not found. Models won't be available and only tokenizers, configuration and file/data utilities can be used.
2026-09-17 11:49:44,662 INFO "GET /v1/status HTTP/1.1" 200 -
2026-09-17 11:49:45,669 INFO "GET /v1/status HTTP/1.1" 200 -
2026-09-17 11:49:45,975 INFO ubc_evict: evicted 4772.0 MB from UBC for ~/mlx-models/Qwen3.6-35B-A3B-uncensored-heretic-Native-MTP-Preserved-oQ4e-mtp/model-00001-of-00005.safetensors
2026-09-17 11:49:46,016 INFO ubc_evict: evicted 4896.0 MB from UBC for ~/mlx-models/Qwen3.6-35B-A3B-uncensored-heretic-Native-MTP-Preserved-oQ4e-mtp/model-00002-of-00005.safetensors
2026-09-17 11:49:46,055 INFO ubc_evict: evicted 4896.0 MB from UBC for ~/mlx-models/Qwen3.6-35B-A3B-uncensored-heretic-Native-MTP-Preserved-oQ4e-mtp/model-00003-of-00005.safetensors
2026-09-17 11:49:46,093 INFO ubc_evict: evicted 4896.0 MB from UBC for ~/mlx-models/Qwen3.6-35B-A3B-uncensored-heretic-Native-MTP-Preserved-oQ4e-mtp/model-00004-of-00005.safetensors
2026-09-17 11:49:46,102 INFO ubc_evict: evicted 1152.0 MB from UBC for ~/mlx-models/Qwen3.6-35B-A3B-uncensored-heretic-Native-MTP-Preserved-oQ4e-mtp/model-00005-of-00005.safetensors
2026-09-17 11:49:46,102 INFO ubc_evict: pass complete total_mb=20612.0 elapsed_s=0.16
2026-09-17 11:49:46,675 INFO "GET /v1/status HTTP/1.1" 200 -
2026-09-17 11:49:46,706 INFO "GET /v1/status HTTP/1.1" 200 -
2026-09-17 11:49:47,641 INFO "POST /v1/chat/completions HTTP/1.1" 200 -
2026-09-17 11:49:48,403 INFO "POST /v1/chat/completions HTTP/1.1" 200 -
2026-09-17 11:49:49,092 INFO "POST /v1/chat/completions HTTP/1.1" 200 -
2026-09-17 11:49:49,888 INFO "POST /v1/chat/completions HTTP/1.1" 200 -
2026-09-17 11:49:50,617 INFO "POST /v1/chat/completions HTTP/1.1" 200 -
2026-09-17 11:49:51,445 INFO "POST /v1/chat/completions HTTP/1.1" 200 -
2026-09-17 11:49:52,257 INFO "POST /v1/chat/completions HTTP/1.1" 200 -
2026-09-17 11:49:53,142 INFO "POST /v1/chat/completions HTTP/1.1" 200 -
2026-09-17 11:49:53,838 INFO "POST /v1/chat/completions HTTP/1.1" 200 -
2026-09-17 11:49:54,568 INFO "POST /v1/chat/completions HTTP/1.1" 200 -
2026-09-17 11:49:55,291 INFO "POST /v1/chat/completions HTTP/1.1" 200 -
2026-09-17 11:49:55,999 INFO "POST /v1/chat/completions HTTP/1.1" 200 -
2026-09-17 11:49:56,774 INFO "POST /v1/chat/completions HTTP/1.1" 200 -
2026-09-17 11:50:01,257 INFO "POST /v1/chat/completions HTTP/1.1" 200 -
2026-09-17 11:50:01,260 INFO "POST /v1/chat/completions HTTP/1.1" 200 -
2026-09-17 11:50:01,262 INFO "POST /v1/chat/completions HTTP/1.1" 200 -
2026-09-17 11:50:01,368 INFO "POST /v1/chat/completions HTTP/1.1" 200 -
2026-09-17 11:50:01,369 INFO "POST /v1/chat/completions HTTP/1.1" 200 -
2026-09-17 11:50:01,476 INFO "POST /v1/chat/completions HTTP/1.1" 200 -
2026-09-17 11:50:01,482 INFO "POST /v1/chat/completions HTTP/1.1" 200 -
2026-09-17 11:50:01,483 INFO "POST /v1/chat/completions HTTP/1.1" 200 -
2026-09-17 11:50:01,483 INFO "POST /v1/chat/completions HTTP/1.1" 200 -
2026-09-17 11:50:01,483 INFO "POST /v1/chat/completions HTTP/1.1" 200 -
2026-09-17 11:50:01,603 INFO "POST /v1/chat/completions HTTP/1.1" 200 -
2026-09-17 11:50:01,603 INFO "POST /v1/chat/completions HTTP/1.1" 200 -
2026-09-17 11:50:01,680 INFO "POST /v1/chat/completions HTTP/1.1" 200 -
2026-09-17 11:50:01,681 INFO "GET /v1/status HTTP/1.1" 200 -
2026-09-17 11:50:01,738 INFO "GET /v1/status HTTP/1.1" 200 -
2026-09-17 11:50:01,795 INFO "GET /v1/status HTTP/1.1" 200 -
2026-09-17 11:50:01,852 INFO "GET /v1/status HTTP/1.1" 200 -
2026-09-17 11:50:01,909 INFO "GET /v1/status HTTP/1.1" 200 -
2026-09-17 11:50:01,963 INFO "GET /v1/status HTTP/1.1" 200 -
2026-09-17 11:50:02,017 INFO "GET /v1/status HTTP/1.1" 200 -
2026-09-17 11:50:02,071 INFO "GET /v1/status HTTP/1.1" 200 -
2026-09-17 11:50:02,130 INFO "GET /v1/status HTTP/1.1" 200 -
2026-09-17 11:50:02,188 INFO "GET /v1/status HTTP/1.1" 200 -
2026-09-17 11:50:02,247 INFO "GET /v1/status HTTP/1.1" 200 -
2026-09-17 11:50:02,304 INFO "GET /v1/status HTTP/1.1" 200 -
2026-09-17 11:50:02,361 INFO "GET /v1/status HTTP/1.1" 200 -
2026-09-17 11:50:02,413 INFO "GET /v1/status HTTP/1.1" 200 -
[transformers] PyTorch was not found. Models won't be available and only tokenizers, configuration and file/data utilities can be used.
2026-09-17 12:02:27,925 INFO "GET /v1/status HTTP/1.1" 200 -
2026-09-17 12:02:28,934 INFO "GET /v1/status HTTP/1.1" 200 -
2026-09-17 12:02:29,268 INFO ubc_evict: evicted 4772.0 MB from UBC for ~/mlx-models/Qwen3.6-35B-A3B-uncensored-heretic-Native-MTP-Preserved-oQ4e-mtp/model-00001-of-00005.safetensors
2026-09-17 12:02:29,306 INFO ubc_evict: evicted 4896.0 MB from UBC for ~/mlx-models/Qwen3.6-35B-A3B-uncensored-heretic-Native-MTP-Preserved-oQ4e-mtp/model-00002-of-00005.safetensors
2026-09-17 12:02:29,345 INFO ubc_evict: evicted 4896.0 MB from UBC for ~/mlx-models/Qwen3.6-35B-A3B-uncensored-heretic-Native-MTP-Preserved-oQ4e-mtp/model-00003-of-00005.safetensors
2026-09-17 12:02:29,383 INFO ubc_evict: evicted 4896.0 MB from UBC for ~/mlx-models/Qwen3.6-35B-A3B-uncensored-heretic-Native-MTP-Preserved-oQ4e-mtp/model-00004-of-00005.safetensors
2026-09-17 12:02:29,393 INFO ubc_evict: evicted 1152.0 MB from UBC for ~/mlx-models/Qwen3.6-35B-A3B-uncensored-heretic-Native-MTP-Preserved-oQ4e-mtp/model-00005-of-00005.safetensors
2026-09-17 12:02:29,393 INFO ubc_evict: pass complete total_mb=20612.0 elapsed_s=0.16
2026-09-17 12:02:29,981 INFO "GET /v1/status HTTP/1.1" 200 -
2026-09-17 12:02:30,014 INFO "GET /v1/status HTTP/1.1" 200 -
2026-09-17 12:02:30,934 INFO "POST /v1/chat/completions HTTP/1.1" 200 -
2026-09-17 12:02:31,659 INFO "POST /v1/chat/completions HTTP/1.1" 200 -
2026-09-17 12:02:32,355 INFO "POST /v1/chat/completions HTTP/1.1" 200 -
2026-09-17 12:02:33,184 INFO "POST /v1/chat/completions HTTP/1.1" 200 -
2026-09-17 12:02:33,934 INFO "POST /v1/chat/completions HTTP/1.1" 200 -
2026-09-17 12:02:34,713 INFO "POST /v1/chat/completions HTTP/1.1" 200 -
2026-09-17 12:02:35,427 INFO "POST /v1/chat/completions HTTP/1.1" 200 -
2026-09-17 12:02:36,397 INFO "POST /v1/chat/completions HTTP/1.1" 200 -
2026-09-17 12:02:37,132 INFO "POST /v1/chat/completions HTTP/1.1" 200 -
2026-09-17 12:02:37,846 INFO "POST /v1/chat/completions HTTP/1.1" 200 -
2026-09-17 12:02:38,507 INFO "POST /v1/chat/completions HTTP/1.1" 200 -
2026-09-17 12:02:39,237 INFO "POST /v1/chat/completions HTTP/1.1" 200 -
2026-09-17 12:02:40,047 INFO "POST /v1/chat/completions HTTP/1.1" 200 -
2026-09-17 12:02:40,818 INFO "POST /v1/chat/completions HTTP/1.1" 200 -
2026-09-17 12:02:41,607 INFO "POST /v1/chat/completions HTTP/1.1" 200 -
2026-09-17 12:02:42,454 INFO "POST /v1/chat/completions HTTP/1.1" 200 -
2026-09-17 12:02:43,311 INFO "POST /v1/chat/completions HTTP/1.1" 200 -
2026-09-17 12:02:44,050 INFO "POST /v1/chat/completions HTTP/1.1" 200 -
2026-09-17 12:02:44,906 INFO "POST /v1/chat/completions HTTP/1.1" 200 -
2026-09-17 12:02:45,828 INFO "POST /v1/chat/completions HTTP/1.1" 200 -
2026-09-17 12:02:47,926 INFO "POST /v1/chat/completions HTTP/1.1" 429 -
2026-09-17 12:02:47,926 INFO "POST /v1/chat/completions HTTP/1.1" 429 -
2026-09-17 12:02:47,926 INFO "POST /v1/chat/completions HTTP/1.1" 429 -
2026-09-17 12:02:47,926 INFO "POST /v1/chat/completions HTTP/1.1" 429 -
2026-09-17 12:02:47,926 INFO "POST /v1/chat/completions HTTP/1.1" 429 -
2026-09-17 12:02:47,926 INFO "POST /v1/chat/completions HTTP/1.1" 429 -
2026-09-17 12:02:47,926 INFO "POST /v1/chat/completions HTTP/1.1" 429 -
2026-09-17 12:02:47,926 INFO "POST /v1/chat/completions HTTP/1.1" 429 -
2026-09-17 12:02:47,926 INFO "POST /v1/chat/completions HTTP/1.1" 429 -
2026-09-17 12:02:47,926 INFO "POST /v1/chat/completions HTTP/1.1" 429 -
2026-09-17 12:02:47,926 INFO "POST /v1/chat/completions HTTP/1.1" 429 -
2026-09-17 12:02:47,926 INFO "POST /v1/chat/completions HTTP/1.1" 429 -
2026-09-17 12:02:47,926 INFO "POST /v1/chat/completions HTTP/1.1" 429 -
2026-09-17 12:02:47,926 INFO "POST /v1/chat/completions HTTP/1.1" 429 -
2026-09-17 12:02:47,926 INFO "POST /v1/chat/completions HTTP/1.1" 429 -
2026-09-17 12:02:47,926 INFO "POST /v1/chat/completions HTTP/1.1" 429 -
2026-09-17 12:02:47,926 INFO "POST /v1/chat/completions HTTP/1.1" 429 -
2026-09-17 12:02:47,926 INFO "POST /v1/chat/completions HTTP/1.1" 429 -
2026-09-17 12:02:47,926 INFO "POST /v1/chat/completions HTTP/1.1" 429 -
2026-09-17 12:02:47,926 INFO "POST /v1/chat/completions HTTP/1.1" 429 -
2026-09-17 12:02:48,141 INFO "GET /v1/status HTTP/1.1" 200 -
2026-09-17 12:02:48,174 INFO "GET /v1/status HTTP/1.1" 200 -
2026-09-17 12:02:49,091 INFO "POST /v1/chat/completions HTTP/1.1" 200 -
2026-09-17 12:02:49,868 INFO "POST /v1/chat/completions HTTP/1.1" 200 -
2026-09-17 12:02:50,589 INFO "POST /v1/chat/completions HTTP/1.1" 200 -
2026-09-17 12:02:51,439 INFO "POST /v1/chat/completions HTTP/1.1" 200 -
2026-09-17 12:02:52,168 INFO "POST /v1/chat/completions HTTP/1.1" 200 -
2026-09-17 12:02:52,989 INFO "POST /v1/chat/completions HTTP/1.1" 200 -
2026-09-17 12:02:53,742 INFO "POST /v1/chat/completions HTTP/1.1" 200 -
2026-09-17 12:02:54,659 INFO "POST /v1/chat/completions HTTP/1.1" 200 -
2026-09-17 12:02:55,375 INFO "POST /v1/chat/completions HTTP/1.1" 200 -
2026-09-17 12:02:56,114 INFO "POST /v1/chat/completions HTTP/1.1" 200 -
2026-09-17 12:02:56,800 INFO "POST /v1/chat/completions HTTP/1.1" 200 -
2026-09-17 12:02:57,520 INFO "POST /v1/chat/completions HTTP/1.1" 200 -
2026-09-17 12:02:58,315 INFO "POST /v1/chat/completions HTTP/1.1" 200 -
2026-09-17 12:02:59,075 INFO "POST /v1/chat/completions HTTP/1.1" 200 -
2026-09-17 12:02:59,873 INFO "POST /v1/chat/completions HTTP/1.1" 200 -
2026-09-17 12:03:00,678 INFO "POST /v1/chat/completions HTTP/1.1" 200 -
2026-09-17 12:03:01,509 INFO "POST /v1/chat/completions HTTP/1.1" 200 -
2026-09-17 12:03:02,236 INFO "POST /v1/chat/completions HTTP/1.1" 200 -
2026-09-17 12:03:03,029 INFO "POST /v1/chat/completions HTTP/1.1" 200 -
2026-09-17 12:03:03,930 INFO "POST /v1/chat/completions HTTP/1.1" 200 -
2026-09-17 12:03:06,097 INFO "POST /v1/chat/completions HTTP/1.1" 429 -
2026-09-17 12:03:06,097 INFO "POST /v1/chat/completions HTTP/1.1" 429 -
2026-09-17 12:03:06,097 INFO "POST /v1/chat/completions HTTP/1.1" 429 -
2026-09-17 12:03:06,097 INFO "POST /v1/chat/completions HTTP/1.1" 429 -
2026-09-17 12:03:06,097 INFO "POST /v1/chat/completions HTTP/1.1" 429 -
2026-09-17 12:03:06,097 INFO "POST /v1/chat/completions HTTP/1.1" 429 -
2026-09-17 12:03:06,097 INFO "POST /v1/chat/completions HTTP/1.1" 429 -
2026-09-17 12:03:06,097 INFO "POST /v1/chat/completions HTTP/1.1" 429 -
2026-09-17 12:03:06,097 INFO "POST /v1/chat/completions HTTP/1.1" 429 -
2026-09-17 12:03:06,097 INFO "POST /v1/chat/completions HTTP/1.1" 429 -
2026-09-17 12:03:06,097 INFO "POST /v1/chat/completions HTTP/1.1" 429 -
2026-09-17 12:03:06,097 INFO "POST /v1/chat/completions HTTP/1.1" 429 -
2026-09-17 12:03:06,097 INFO "POST /v1/chat/completions HTTP/1.1" 429 -
2026-09-17 12:03:06,098 INFO "POST /v1/chat/completions HTTP/1.1" 429 -
2026-09-17 12:03:06,098 INFO "POST /v1/chat/completions HTTP/1.1" 429 -
2026-09-17 12:03:06,098 INFO "POST /v1/chat/completions HTTP/1.1" 429 -
2026-09-17 12:03:06,098 INFO "POST /v1/chat/completions HTTP/1.1" 429 -
2026-09-17 12:03:06,098 INFO "POST /v1/chat/completions HTTP/1.1" 429 -
2026-09-17 12:03:06,098 INFO "POST /v1/chat/completions HTTP/1.1" 429 -
2026-09-17 12:03:06,098 INFO "POST /v1/chat/completions HTTP/1.1" 429 -
2026-09-17 12:03:06,312 INFO "GET /v1/status HTTP/1.1" 200 -
2026-09-17 12:03:06,344 INFO "GET /v1/status HTTP/1.1" 200 -
2026-09-17 12:03:07,223 INFO "POST /v1/chat/completions HTTP/1.1" 200 -
2026-09-17 12:03:08,048 INFO "POST /v1/chat/completions HTTP/1.1" 200 -
2026-09-17 12:03:08,786 INFO "POST /v1/chat/completions HTTP/1.1" 200 -
2026-09-17 12:03:09,623 INFO "POST /v1/chat/completions HTTP/1.1" 200 -
2026-09-17 12:03:10,385 INFO "POST /v1/chat/completions HTTP/1.1" 200 -
2026-09-17 12:03:11,220 INFO "POST /v1/chat/completions HTTP/1.1" 200 -
2026-09-17 12:03:11,991 INFO "POST /v1/chat/completions HTTP/1.1" 200 -
2026-09-17 12:03:12,956 INFO "POST /v1/chat/completions HTTP/1.1" 200 -
2026-09-17 12:03:13,698 INFO "POST /v1/chat/completions HTTP/1.1" 200 -
2026-09-17 12:03:14,408 INFO "POST /v1/chat/completions HTTP/1.1" 200 -
2026-09-17 12:03:15,114 INFO "POST /v1/chat/completions HTTP/1.1" 200 -
2026-09-17 12:03:15,846 INFO "POST /v1/chat/completions HTTP/1.1" 200 -
2026-09-17 12:03:16,653 INFO "POST /v1/chat/completions HTTP/1.1" 200 -
2026-09-17 12:03:17,428 INFO "POST /v1/chat/completions HTTP/1.1" 200 -
2026-09-17 12:03:18,223 INFO "POST /v1/chat/completions HTTP/1.1" 200 -
2026-09-17 12:03:19,021 INFO "POST /v1/chat/completions HTTP/1.1" 200 -
2026-09-17 12:03:19,868 INFO "POST /v1/chat/completions HTTP/1.1" 200 -
2026-09-17 12:03:20,606 INFO "POST /v1/chat/completions HTTP/1.1" 200 -
2026-09-17 12:03:21,417 INFO "POST /v1/chat/completions HTTP/1.1" 200 -
2026-09-17 12:03:22,277 INFO "POST /v1/chat/completions HTTP/1.1" 200 -
2026-09-17 12:03:24,459 INFO "POST /v1/chat/completions HTTP/1.1" 429 -
2026-09-17 12:03:24,459 INFO "POST /v1/chat/completions HTTP/1.1" 429 -
2026-09-17 12:03:24,459 INFO "POST /v1/chat/completions HTTP/1.1" 429 -
2026-09-17 12:03:24,459 INFO "POST /v1/chat/completions HTTP/1.1" 429 -
2026-09-17 12:03:24,459 INFO "POST /v1/chat/completions HTTP/1.1" 429 -
2026-09-17 12:03:24,459 INFO "POST /v1/chat/completions HTTP/1.1" 429 -
2026-09-17 12:03:24,459 INFO "POST /v1/chat/completions HTTP/1.1" 429 -
2026-09-17 12:03:24,459 INFO "POST /v1/chat/completions HTTP/1.1" 429 -
2026-09-17 12:03:24,459 INFO "POST /v1/chat/completions HTTP/1.1" 429 -
2026-09-17 12:03:24,459 INFO "POST /v1/chat/completions HTTP/1.1" 429 -
2026-09-17 12:03:24,459 INFO "POST /v1/chat/completions HTTP/1.1" 429 -
2026-09-17 12:03:24,459 INFO "POST /v1/chat/completions HTTP/1.1" 429 -
2026-09-17 12:03:24,459 INFO "POST /v1/chat/completions HTTP/1.1" 429 -
2026-09-17 12:03:24,459 INFO "POST /v1/chat/completions HTTP/1.1" 429 -
2026-09-17 12:03:24,459 INFO "POST /v1/chat/completions HTTP/1.1" 429 -
2026-09-17 12:03:24,459 INFO "POST /v1/chat/completions HTTP/1.1" 429 -
2026-09-17 12:03:24,459 INFO "POST /v1/chat/completions HTTP/1.1" 429 -
2026-09-17 12:03:24,459 INFO "POST /v1/chat/completions HTTP/1.1" 429 -
2026-09-17 12:03:24,459 INFO "POST /v1/chat/completions HTTP/1.1" 429 -
2026-09-17 12:03:24,459 INFO "POST /v1/chat/completions HTTP/1.1" 429 -
2026-09-17 12:03:24,672 INFO "GET /v1/status HTTP/1.1" 200 -
2026-09-17 12:03:24,706 INFO "GET /v1/status HTTP/1.1" 200 -
2026-09-17 12:03:25,586 INFO "POST /v1/chat/completions HTTP/1.1" 200 -
2026-09-17 12:03:26,374 INFO "POST /v1/chat/completions HTTP/1.1" 200 -
2026-09-17 12:03:27,086 INFO "POST /v1/chat/completions HTTP/1.1" 200 -
2026-09-17 12:03:27,951 INFO "POST /v1/chat/completions HTTP/1.1" 200 -
2026-09-17 12:03:28,763 INFO "POST /v1/chat/completions HTTP/1.1" 200 -
2026-09-17 12:03:29,548 INFO "POST /v1/chat/completions HTTP/1.1" 200 -
2026-09-17 12:03:30,276 INFO "POST /v1/chat/completions HTTP/1.1" 200 -
2026-09-17 12:03:31,182 INFO "POST /v1/chat/completions HTTP/1.1" 200 -
2026-09-17 12:03:31,918 INFO "POST /v1/chat/completions HTTP/1.1" 200 -
2026-09-17 12:03:32,641 INFO "POST /v1/chat/completions HTTP/1.1" 200 -
2026-09-17 12:03:33,342 INFO "POST /v1/chat/completions HTTP/1.1" 200 -
2026-09-17 12:03:34,048 INFO "POST /v1/chat/completions HTTP/1.1" 200 -
2026-09-17 12:03:34,848 INFO "POST /v1/chat/completions HTTP/1.1" 200 -
2026-09-17 12:03:35,625 INFO "POST /v1/chat/completions HTTP/1.1" 200 -
2026-09-17 12:03:36,405 INFO "POST /v1/chat/completions HTTP/1.1" 200 -
2026-09-17 12:03:37,274 INFO "POST /v1/chat/completions HTTP/1.1" 200 -
2026-09-17 12:03:38,123 INFO "POST /v1/chat/completions HTTP/1.1" 200 -
2026-09-17 12:03:38,922 INFO "POST /v1/chat/completions HTTP/1.1" 200 -
2026-09-17 12:03:39,748 INFO "POST /v1/chat/completions HTTP/1.1" 200 -
2026-09-17 12:03:40,583 INFO "POST /v1/chat/completions HTTP/1.1" 200 -
2026-09-17 12:03:42,807 INFO "POST /v1/chat/completions HTTP/1.1" 429 -
2026-09-17 12:03:42,807 INFO "POST /v1/chat/completions HTTP/1.1" 429 -
2026-09-17 12:03:42,807 INFO "POST /v1/chat/completions HTTP/1.1" 429 -
2026-09-17 12:03:42,807 INFO "POST /v1/chat/completions HTTP/1.1" 429 -
2026-09-17 12:03:42,807 INFO "POST /v1/chat/completions HTTP/1.1" 429 -
2026-09-17 12:03:42,807 INFO "POST /v1/chat/completions HTTP/1.1" 429 -
2026-09-17 12:03:42,807 INFO "POST /v1/chat/completions HTTP/1.1" 429 -
2026-09-17 12:03:42,807 INFO "POST /v1/chat/completions HTTP/1.1" 429 -
2026-09-17 12:03:42,807 INFO "POST /v1/chat/completions HTTP/1.1" 429 -
2026-09-17 12:03:42,807 INFO "POST /v1/chat/completions HTTP/1.1" 429 -
2026-09-17 12:03:42,807 INFO "POST /v1/chat/completions HTTP/1.1" 429 -
2026-09-17 12:03:42,807 INFO "POST /v1/chat/completions HTTP/1.1" 429 -
2026-09-17 12:03:42,807 INFO "POST /v1/chat/completions HTTP/1.1" 429 -
2026-09-17 12:03:42,807 INFO "POST /v1/chat/completions HTTP/1.1" 429 -
2026-09-17 12:03:42,807 INFO "POST /v1/chat/completions HTTP/1.1" 429 -
2026-09-17 12:03:42,807 INFO "POST /v1/chat/completions HTTP/1.1" 429 -
2026-09-17 12:03:42,807 INFO "POST /v1/chat/completions HTTP/1.1" 429 -
2026-09-17 12:03:42,807 INFO "POST /v1/chat/completions HTTP/1.1" 429 -
2026-09-17 12:03:42,807 INFO "POST /v1/chat/completions HTTP/1.1" 429 -
2026-09-17 12:03:42,807 INFO "POST /v1/chat/completions HTTP/1.1" 429 -
2026-09-17 12:03:43,021 INFO "GET /v1/status HTTP/1.1" 200 -
2026-09-17 12:03:43,053 INFO "GET /v1/status HTTP/1.1" 200 -
2026-09-17 12:03:43,920 INFO "POST /v1/chat/completions HTTP/1.1" 200 -
2026-09-17 12:03:44,724 INFO "POST /v1/chat/completions HTTP/1.1" 200 -
2026-09-17 12:03:45,479 INFO "POST /v1/chat/completions HTTP/1.1" 200 -
2026-09-17 12:03:46,326 INFO "POST /v1/chat/completions HTTP/1.1" 200 -
2026-09-17 12:03:47,083 INFO "POST /v1/chat/completions HTTP/1.1" 200 -
2026-09-17 12:03:47,862 INFO "POST /v1/chat/completions HTTP/1.1" 200 -
2026-09-17 12:03:48,585 INFO "POST /v1/chat/completions HTTP/1.1" 200 -
2026-09-17 12:03:49,511 INFO "POST /v1/chat/completions HTTP/1.1" 200 -
2026-09-17 12:03:50,232 INFO "POST /v1/chat/completions HTTP/1.1" 200 -
2026-09-17 12:03:50,978 INFO "POST /v1/chat/completions HTTP/1.1" 200 -
2026-09-17 12:03:51,655 INFO "POST /v1/chat/completions HTTP/1.1" 200 -
2026-09-17 12:03:52,383 INFO "POST /v1/chat/completions HTTP/1.1" 200 -
2026-09-17 12:03:53,178 INFO "POST /v1/chat/completions HTTP/1.1" 200 -
2026-09-17 12:03:53,962 INFO "POST /v1/chat/completions HTTP/1.1" 200 -
2026-09-17 12:03:54,737 INFO "POST /v1/chat/completions HTTP/1.1" 200 -
2026-09-17 12:03:55,553 INFO "POST /v1/chat/completions HTTP/1.1" 200 -
2026-09-17 12:03:56,390 INFO "POST /v1/chat/completions HTTP/1.1" 200 -
2026-09-17 12:03:57,123 INFO "POST /v1/chat/completions HTTP/1.1" 200 -
2026-09-17 12:03:57,956 INFO "POST /v1/chat/completions HTTP/1.1" 200 -
2026-09-17 12:03:58,827 INFO "POST /v1/chat/completions HTTP/1.1" 200 -
2026-09-17 12:04:01,194 INFO "POST /v1/chat/completions HTTP/1.1" 429 -
2026-09-17 12:04:01,194 INFO "POST /v1/chat/completions HTTP/1.1" 429 -
2026-09-17 12:04:01,194 INFO "POST /v1/chat/completions HTTP/1.1" 429 -
2026-09-17 12:04:01,194 INFO "POST /v1/chat/completions HTTP/1.1" 429 -
2026-09-17 12:04:01,194 INFO "POST /v1/chat/completions HTTP/1.1" 429 -
2026-09-17 12:04:01,194 INFO "POST /v1/chat/completions HTTP/1.1" 429 -
2026-09-17 12:04:01,194 INFO "POST /v1/chat/completions HTTP/1.1" 429 -
2026-09-17 12:04:01,194 INFO "POST /v1/chat/completions HTTP/1.1" 429 -
2026-09-17 12:04:01,194 INFO "POST /v1/chat/completions HTTP/1.1" 429 -
2026-09-17 12:04:01,194 INFO "POST /v1/chat/completions HTTP/1.1" 429 -
2026-09-17 12:04:01,194 INFO "POST /v1/chat/completions HTTP/1.1" 429 -
2026-09-17 12:04:01,194 INFO "POST /v1/chat/completions HTTP/1.1" 429 -
2026-09-17 12:04:01,194 INFO "POST /v1/chat/completions HTTP/1.1" 429 -
2026-09-17 12:04:01,194 INFO "POST /v1/chat/completions HTTP/1.1" 429 -
2026-09-17 12:04:01,194 INFO "POST /v1/chat/completions HTTP/1.1" 429 -
2026-09-17 12:04:01,194 INFO "POST /v1/chat/completions HTTP/1.1" 429 -
2026-09-17 12:04:01,194 INFO "POST /v1/chat/completions HTTP/1.1" 429 -
2026-09-17 12:04:01,194 INFO "POST /v1/chat/completions HTTP/1.1" 429 -
2026-09-17 12:04:01,194 INFO "POST /v1/chat/completions HTTP/1.1" 429 -
2026-09-17 12:04:01,194 INFO "POST /v1/chat/completions HTTP/1.1" 429 -
2026-09-17 12:04:01,406 INFO "GET /v1/status HTTP/1.1" 200 -
2026-09-17 12:04:01,439 INFO "GET /v1/status HTTP/1.1" 200 -
2026-09-17 12:04:02,347 INFO "POST /v1/chat/completions HTTP/1.1" 200 -
2026-09-17 12:04:03,112 INFO "POST /v1/chat/completions HTTP/1.1" 200 -
2026-09-17 12:04:03,857 INFO "POST /v1/chat/completions HTTP/1.1" 200 -
2026-09-17 12:04:04,706 INFO "POST /v1/chat/completions HTTP/1.1" 200 -
2026-09-17 12:04:05,456 INFO "POST /v1/chat/completions HTTP/1.1" 200 -
2026-09-17 12:04:06,255 INFO "POST /v1/chat/completions HTTP/1.1" 200 -
2026-09-17 12:04:06,999 INFO "POST /v1/chat/completions HTTP/1.1" 200 -
2026-09-17 12:04:07,909 INFO "POST /v1/chat/completions HTTP/1.1" 200 -
2026-09-17 12:04:08,675 INFO "POST /v1/chat/completions HTTP/1.1" 200 -
2026-09-17 12:04:09,413 INFO "POST /v1/chat/completions HTTP/1.1" 200 -
2026-09-17 12:04:10,089 INFO "POST /v1/chat/completions HTTP/1.1" 200 -
2026-09-17 12:04:10,817 INFO "POST /v1/chat/completions HTTP/1.1" 200 -
2026-09-17 12:04:11,579 INFO "POST /v1/chat/completions HTTP/1.1" 200 -
2026-09-17 12:04:12,354 INFO "POST /v1/chat/completions HTTP/1.1" 200 -
2026-09-17 12:04:13,130 INFO "POST /v1/chat/completions HTTP/1.1" 200 -
2026-09-17 12:04:13,962 INFO "POST /v1/chat/completions HTTP/1.1" 200 -
2026-09-17 12:04:14,813 INFO "POST /v1/chat/completions HTTP/1.1" 200 -
2026-09-17 12:04:15,537 INFO "POST /v1/chat/completions HTTP/1.1" 200 -
2026-09-17 12:04:16,365 INFO "POST /v1/chat/completions HTTP/1.1" 200 -
2026-09-17 12:04:17,224 INFO "POST /v1/chat/completions HTTP/1.1" 200 -
2026-09-17 12:04:19,647 INFO "POST /v1/chat/completions HTTP/1.1" 429 -
2026-09-17 12:04:19,647 INFO "POST /v1/chat/completions HTTP/1.1" 429 -
2026-09-17 12:04:19,647 INFO "POST /v1/chat/completions HTTP/1.1" 429 -
2026-09-17 12:04:19,647 INFO "POST /v1/chat/completions HTTP/1.1" 429 -
2026-09-17 12:04:19,647 INFO "POST /v1/chat/completions HTTP/1.1" 429 -
2026-09-17 12:04:19,647 INFO "POST /v1/chat/completions HTTP/1.1" 429 -
2026-09-17 12:04:19,647 INFO "POST /v1/chat/completions HTTP/1.1" 429 -
2026-09-17 12:04:19,647 INFO "POST /v1/chat/completions HTTP/1.1" 429 -
2026-09-17 12:04:19,647 INFO "POST /v1/chat/completions HTTP/1.1" 429 -
2026-09-17 12:04:19,647 INFO "POST /v1/chat/completions HTTP/1.1" 429 -
2026-09-17 12:04:19,647 INFO "POST /v1/chat/completions HTTP/1.1" 429 -
2026-09-17 12:04:19,647 INFO "POST /v1/chat/completions HTTP/1.1" 429 -
2026-09-17 12:04:19,647 INFO "POST /v1/chat/completions HTTP/1.1" 429 -
2026-09-17 12:04:19,647 INFO "POST /v1/chat/completions HTTP/1.1" 429 -
2026-09-17 12:04:19,647 INFO "POST /v1/chat/completions HTTP/1.1" 429 -
2026-09-17 12:04:19,647 INFO "POST /v1/chat/completions HTTP/1.1" 429 -
2026-09-17 12:04:19,647 INFO "POST /v1/chat/completions HTTP/1.1" 429 -
2026-09-17 12:04:19,647 INFO "POST /v1/chat/completions HTTP/1.1" 429 -
2026-09-17 12:04:19,647 INFO "POST /v1/chat/completions HTTP/1.1" 429 -
2026-09-17 12:04:19,647 INFO "POST /v1/chat/completions HTTP/1.1" 429 -
2026-09-17 12:04:19,863 INFO "GET /v1/status HTTP/1.1" 200 -
2026-09-17 12:04:19,899 INFO "GET /v1/status HTTP/1.1" 200 -
2026-09-17 12:04:20,783 INFO "POST /v1/chat/completions HTTP/1.1" 200 -
2026-09-17 12:04:21,554 INFO "POST /v1/chat/completions HTTP/1.1" 200 -
2026-09-17 12:04:22,306 INFO "POST /v1/chat/completions HTTP/1.1" 200 -
2026-09-17 12:04:23,112 INFO "POST /v1/chat/completions HTTP/1.1" 200 -
2026-09-17 12:04:23,861 INFO "POST /v1/chat/completions HTTP/1.1" 200 -
2026-09-17 12:04:24,657 INFO "POST /v1/chat/completions HTTP/1.1" 200 -
2026-09-17 12:04:25,354 INFO "POST /v1/chat/completions HTTP/1.1" 200 -
2026-09-17 12:04:26,339 INFO "POST /v1/chat/completions HTTP/1.1" 200 -
2026-09-17 12:04:27,140 INFO "POST /v1/chat/completions HTTP/1.1" 200 -
2026-09-17 12:04:27,875 INFO "POST /v1/chat/completions HTTP/1.1" 200 -
2026-09-17 12:04:28,567 INFO "POST /v1/chat/completions HTTP/1.1" 200 -
2026-09-17 12:04:29,259 INFO "POST /v1/chat/completions HTTP/1.1" 200 -
2026-09-17 12:04:30,059 INFO "POST /v1/chat/completions HTTP/1.1" 200 -
2026-09-17 12:04:30,835 INFO "POST /v1/chat/completions HTTP/1.1" 200 -
2026-09-17 12:04:31,591 INFO "POST /v1/chat/completions HTTP/1.1" 200 -
2026-09-17 12:04:32,420 INFO "POST /v1/chat/completions HTTP/1.1" 200 -
2026-09-17 12:04:33,257 INFO "POST /v1/chat/completions HTTP/1.1" 200 -
2026-09-17 12:04:33,988 INFO "POST /v1/chat/completions HTTP/1.1" 200 -
2026-09-17 12:04:34,820 INFO "POST /v1/chat/completions HTTP/1.1" 200 -
2026-09-17 12:04:35,679 INFO "POST /v1/chat/completions HTTP/1.1" 200 -
2026-09-17 12:04:37,935 INFO "POST /v1/chat/completions HTTP/1.1" 429 -
2026-09-17 12:04:37,936 INFO "POST /v1/chat/completions HTTP/1.1" 429 -
2026-09-17 12:04:37,936 INFO "POST /v1/chat/completions HTTP/1.1" 429 -
2026-09-17 12:04:37,936 INFO "POST /v1/chat/completions HTTP/1.1" 429 -
2026-09-17 12:04:37,936 INFO "POST /v1/chat/completions HTTP/1.1" 429 -
2026-09-17 12:04:37,936 INFO "POST /v1/chat/completions HTTP/1.1" 429 -
2026-09-17 12:04:37,936 INFO "POST /v1/chat/completions HTTP/1.1" 429 -
2026-09-17 12:04:37,936 INFO "POST /v1/chat/completions HTTP/1.1" 429 -
2026-09-17 12:04:37,936 INFO "POST /v1/chat/completions HTTP/1.1" 429 -
2026-09-17 12:04:37,936 INFO "POST /v1/chat/completions HTTP/1.1" 429 -
2026-09-17 12:04:37,936 INFO "POST /v1/chat/completions HTTP/1.1" 429 -
2026-09-17 12:04:37,936 INFO "POST /v1/chat/completions HTTP/1.1" 429 -
2026-09-17 12:04:37,936 INFO "POST /v1/chat/completions HTTP/1.1" 429 -
2026-09-17 12:04:37,936 INFO "POST /v1/chat/completions HTTP/1.1" 429 -
2026-09-17 12:04:37,936 INFO "POST /v1/chat/completions HTTP/1.1" 429 -
2026-09-17 12:04:37,936 INFO "POST /v1/chat/completions HTTP/1.1" 429 -
2026-09-17 12:04:37,936 INFO "POST /v1/chat/completions HTTP/1.1" 429 -
2026-09-17 12:04:37,936 INFO "POST /v1/chat/completions HTTP/1.1" 429 -
2026-09-17 12:04:37,936 INFO "POST /v1/chat/completions HTTP/1.1" 429 -
2026-09-17 12:04:37,936 INFO "POST /v1/chat/completions HTTP/1.1" 429 -
2026-09-17 12:04:38,165 INFO "GET /v1/status HTTP/1.1" 200 -
2026-09-17 12:04:38,198 INFO "GET /v1/status HTTP/1.1" 200 -
2026-09-17 12:04:39,090 INFO "POST /v1/chat/completions HTTP/1.1" 200 -
2026-09-17 12:04:39,871 INFO "POST /v1/chat/completions HTTP/1.1" 200 -
2026-09-17 12:04:40,586 INFO "POST /v1/chat/completions HTTP/1.1" 200 -
2026-09-17 12:04:41,460 INFO "POST /v1/chat/completions HTTP/1.1" 200 -
2026-09-17 12:04:42,222 INFO "POST /v1/chat/completions HTTP/1.1" 200 -
2026-09-17 12:04:42,976 INFO "POST /v1/chat/completions HTTP/1.1" 200 -
2026-09-17 12:04:43,727 INFO "POST /v1/chat/completions HTTP/1.1" 200 -
2026-09-17 12:04:44,652 INFO "POST /v1/chat/completions HTTP/1.1" 200 -
2026-09-17 12:04:45,407 INFO "POST /v1/chat/completions HTTP/1.1" 200 -
2026-09-17 12:04:46,152 INFO "POST /v1/chat/completions HTTP/1.1" 200 -
2026-09-17 12:04:46,865 INFO "POST /v1/chat/completions HTTP/1.1" 200 -
2026-09-17 12:04:47,597 INFO "POST /v1/chat/completions HTTP/1.1" 200 -
2026-09-17 12:04:48,392 INFO "POST /v1/chat/completions HTTP/1.1" 200 -
2026-09-17 12:04:49,192 INFO "POST /v1/chat/completions HTTP/1.1" 200 -
2026-09-17 12:04:50,036 INFO "POST /v1/chat/completions HTTP/1.1" 200 -
2026-09-17 12:04:50,875 INFO "POST /v1/chat/completions HTTP/1.1" 200 -
2026-09-17 12:04:51,703 INFO "POST /v1/chat/completions HTTP/1.1" 200 -
2026-09-17 12:04:52,440 INFO "POST /v1/chat/completions HTTP/1.1" 200 -
2026-09-17 12:04:53,272 INFO "POST /v1/chat/completions HTTP/1.1" 200 -
2026-09-17 12:04:54,127 INFO "POST /v1/chat/completions HTTP/1.1" 200 -
2026-09-17 12:04:56,182 INFO "POST /v1/chat/completions HTTP/1.1" 429 -
2026-09-17 12:04:56,182 INFO "POST /v1/chat/completions HTTP/1.1" 429 -
2026-09-17 12:04:56,182 INFO "POST /v1/chat/completions HTTP/1.1" 429 -
2026-09-17 12:04:56,182 INFO "POST /v1/chat/completions HTTP/1.1" 429 -
2026-09-17 12:04:56,182 INFO "POST /v1/chat/completions HTTP/1.1" 429 -
2026-09-17 12:04:56,182 INFO "POST /v1/chat/completions HTTP/1.1" 429 -
2026-09-17 12:04:56,182 INFO "POST /v1/chat/completions HTTP/1.1" 429 -
2026-09-17 12:04:56,182 INFO "POST /v1/chat/completions HTTP/1.1" 429 -
2026-09-17 12:04:56,182 INFO "POST /v1/chat/completions HTTP/1.1" 429 -
2026-09-17 12:04:56,182 INFO "POST /v1/chat/completions HTTP/1.1" 429 -
2026-09-17 12:04:56,182 INFO "POST /v1/chat/completions HTTP/1.1" 429 -
2026-09-17 12:04:56,182 INFO "POST /v1/chat/completions HTTP/1.1" 429 -
2026-09-17 12:04:56,182 INFO "POST /v1/chat/completions HTTP/1.1" 429 -
2026-09-17 12:04:56,182 INFO "POST /v1/chat/completions HTTP/1.1" 429 -
2026-09-17 12:04:56,183 INFO "POST /v1/chat/completions HTTP/1.1" 429 -
2026-09-17 12:04:56,183 INFO "POST /v1/chat/completions HTTP/1.1" 429 -
2026-09-17 12:04:56,183 INFO "POST /v1/chat/completions HTTP/1.1" 429 -
2026-09-17 12:04:56,183 INFO "POST /v1/chat/completions HTTP/1.1" 429 -
2026-09-17 12:04:56,183 INFO "POST /v1/chat/completions HTTP/1.1" 429 -
2026-09-17 12:04:56,183 INFO "POST /v1/chat/completions HTTP/1.1" 429 -
2026-09-17 12:04:56,397 INFO "GET /v1/status HTTP/1.1" 200 -
2026-09-17 12:04:56,430 INFO "GET /v1/status HTTP/1.1" 200 -
2026-09-17 12:04:57,303 INFO "POST /v1/chat/completions HTTP/1.1" 200 -
2026-09-17 12:04:58,098 INFO "POST /v1/chat/completions HTTP/1.1" 200 -
2026-09-17 12:04:58,786 INFO "POST /v1/chat/completions HTTP/1.1" 200 -
2026-09-17 12:04:59,606 INFO "POST /v1/chat/completions HTTP/1.1" 200 -
2026-09-17 12:05:00,369 INFO "POST /v1/chat/completions HTTP/1.1" 200 -
2026-09-17 12:05:01,199 INFO "POST /v1/chat/completions HTTP/1.1" 200 -
2026-09-17 12:05:01,949 INFO "POST /v1/chat/completions HTTP/1.1" 200 -
2026-09-17 12:05:02,860 INFO "POST /v1/chat/completions HTTP/1.1" 200 -
2026-09-17 12:05:03,603 INFO "POST /v1/chat/completions HTTP/1.1" 200 -
2026-09-17 12:05:04,356 INFO "POST /v1/chat/completions HTTP/1.1" 200 -
2026-09-17 12:05:05,055 INFO "POST /v1/chat/completions HTTP/1.1" 200 -
2026-09-17 12:05:05,788 INFO "POST /v1/chat/completions HTTP/1.1" 200 -
2026-09-17 12:05:06,574 INFO "POST /v1/chat/completions HTTP/1.1" 200 -
2026-09-17 12:05:07,357 INFO "POST /v1/chat/completions HTTP/1.1" 200 -
2026-09-17 12:05:08,143 INFO "POST /v1/chat/completions HTTP/1.1" 200 -
2026-09-17 12:05:08,973 INFO "POST /v1/chat/completions HTTP/1.1" 200 -
2026-09-17 12:05:09,833 INFO "POST /v1/chat/completions HTTP/1.1" 200 -
2026-09-17 12:05:10,545 INFO "POST /v1/chat/completions HTTP/1.1" 200 -
2026-09-17 12:05:11,376 INFO "POST /v1/chat/completions HTTP/1.1" 200 -
2026-09-17 12:05:12,243 INFO "POST /v1/chat/completions HTTP/1.1" 200 -
2026-09-17 12:05:14,483 INFO "POST /v1/chat/completions HTTP/1.1" 429 -
2026-09-17 12:05:14,483 INFO "POST /v1/chat/completions HTTP/1.1" 429 -
2026-09-17 12:05:14,483 INFO "POST /v1/chat/completions HTTP/1.1" 429 -
2026-09-17 12:05:14,483 INFO "POST /v1/chat/completions HTTP/1.1" 429 -
2026-09-17 12:05:14,483 INFO "POST /v1/chat/completions HTTP/1.1" 429 -
2026-09-17 12:05:14,483 INFO "POST /v1/chat/completions HTTP/1.1" 429 -
2026-09-17 12:05:14,483 INFO "POST /v1/chat/completions HTTP/1.1" 429 -
2026-09-17 12:05:14,483 INFO "POST /v1/chat/completions HTTP/1.1" 429 -
2026-09-17 12:05:14,483 INFO "POST /v1/chat/completions HTTP/1.1" 429 -
2026-09-17 12:05:14,483 INFO "POST /v1/chat/completions HTTP/1.1" 429 -
2026-09-17 12:05:14,483 INFO "POST /v1/chat/completions HTTP/1.1" 429 -
2026-09-17 12:05:14,483 INFO "POST /v1/chat/completions HTTP/1.1" 429 -
2026-09-17 12:05:14,483 INFO "POST /v1/chat/completions HTTP/1.1" 429 -
2026-09-17 12:05:14,483 INFO "POST /v1/chat/completions HTTP/1.1" 429 -
2026-09-17 12:05:14,483 INFO "POST /v1/chat/completions HTTP/1.1" 429 -
2026-09-17 12:05:14,483 INFO "POST /v1/chat/completions HTTP/1.1" 429 -
2026-09-17 12:05:14,483 INFO "POST /v1/chat/completions HTTP/1.1" 429 -
2026-09-17 12:05:14,484 INFO "POST /v1/chat/completions HTTP/1.1" 429 -
2026-09-17 12:05:14,484 INFO "POST /v1/chat/completions HTTP/1.1" 429 -
2026-09-17 12:05:14,484 INFO "POST /v1/chat/completions HTTP/1.1" 429 -
2026-09-17 12:05:14,698 INFO "GET /v1/status HTTP/1.1" 200 -
2026-09-17 12:05:14,732 INFO "GET /v1/status HTTP/1.1" 200 -
2026-09-17 12:05:15,602 INFO "POST /v1/chat/completions HTTP/1.1" 200 -
2026-09-17 12:05:16,375 INFO "POST /v1/chat/completions HTTP/1.1" 200 -
2026-09-17 12:05:17,122 INFO "POST /v1/chat/completions HTTP/1.1" 200 -
2026-09-17 12:05:17,954 INFO "POST /v1/chat/completions HTTP/1.1" 200 -
2026-09-17 12:05:18,724 INFO "POST /v1/chat/completions HTTP/1.1" 200 -
2026-09-17 12:05:19,541 INFO "POST /v1/chat/completions HTTP/1.1" 200 -
2026-09-17 12:05:20,274 INFO "POST /v1/chat/completions HTTP/1.1" 200 -
2026-09-17 12:05:21,190 INFO "POST /v1/chat/completions HTTP/1.1" 200 -
2026-09-17 12:05:21,888 INFO "POST /v1/chat/completions HTTP/1.1" 200 -
2026-09-17 12:05:22,678 INFO "POST /v1/chat/completions HTTP/1.1" 200 -
2026-09-17 12:05:23,340 INFO "POST /v1/chat/completions HTTP/1.1" 200 -
2026-09-17 12:05:24,035 INFO "POST /v1/chat/completions HTTP/1.1" 200 -
2026-09-17 12:05:24,862 INFO "POST /v1/chat/completions HTTP/1.1" 200 -
2026-09-17 12:05:25,632 INFO "POST /v1/chat/completions HTTP/1.1" 200 -
2026-09-17 12:05:26,417 INFO "POST /v1/chat/completions HTTP/1.1" 200 -
2026-09-17 12:05:27,217 INFO "POST /v1/chat/completions HTTP/1.1" 200 -
2026-09-17 12:05:28,063 INFO "POST /v1/chat/completions HTTP/1.1" 200 -
2026-09-17 12:05:28,801 INFO "POST /v1/chat/completions HTTP/1.1" 200 -
2026-09-17 12:05:29,613 INFO "POST /v1/chat/completions HTTP/1.1" 200 -
2026-09-17 12:05:30,492 INFO "POST /v1/chat/completions HTTP/1.1" 200 -
2026-09-17 12:05:32,346 INFO "POST /v1/chat/completions HTTP/1.1" 429 -
2026-09-17 12:05:32,346 INFO "POST /v1/chat/completions HTTP/1.1" 429 -
2026-09-17 12:05:32,346 INFO "POST /v1/chat/completions HTTP/1.1" 429 -
2026-09-17 12:05:32,346 INFO "POST /v1/chat/completions HTTP/1.1" 429 -
2026-09-17 12:05:32,346 INFO "POST /v1/chat/completions HTTP/1.1" 429 -
2026-09-17 12:05:32,346 INFO "POST /v1/chat/completions HTTP/1.1" 429 -
2026-09-17 12:05:32,346 INFO "POST /v1/chat/completions HTTP/1.1" 429 -
2026-09-17 12:05:32,346 INFO "POST /v1/chat/completions HTTP/1.1" 429 -
2026-09-17 12:05:32,346 INFO "POST /v1/chat/completions HTTP/1.1" 429 -
2026-09-17 12:05:32,346 INFO "POST /v1/chat/completions HTTP/1.1" 429 -
2026-09-17 12:05:32,346 INFO "POST /v1/chat/completions HTTP/1.1" 429 -
2026-09-17 12:05:32,346 INFO "POST /v1/chat/completions HTTP/1.1" 429 -
2026-09-17 12:05:32,346 INFO "POST /v1/chat/completions HTTP/1.1" 429 -
2026-09-17 12:05:32,346 INFO "POST /v1/chat/completions HTTP/1.1" 429 -
2026-09-17 12:05:32,346 INFO "POST /v1/chat/completions HTTP/1.1" 429 -
2026-09-17 12:05:32,346 INFO "POST /v1/chat/completions HTTP/1.1" 429 -
2026-09-17 12:05:32,346 INFO "POST /v1/chat/completions HTTP/1.1" 429 -
2026-09-17 12:05:32,346 INFO "POST /v1/chat/completions HTTP/1.1" 429 -
2026-09-17 12:05:32,346 INFO "POST /v1/chat/completions HTTP/1.1" 429 -
2026-09-17 12:05:32,347 INFO "POST /v1/chat/completions HTTP/1.1" 429 -
2026-09-17 12:05:32,561 INFO "GET /v1/status HTTP/1.1" 200 -
2026-09-17 12:05:32,596 INFO "GET /v1/status HTTP/1.1" 200 -
2026-09-17 12:05:33,490 INFO "POST /v1/chat/completions HTTP/1.1" 200 -
2026-09-17 12:05:34,258 INFO "POST /v1/chat/completions HTTP/1.1" 200 -
2026-09-17 12:05:34,994 INFO "POST /v1/chat/completions HTTP/1.1" 200 -
2026-09-17 12:05:35,821 INFO "POST /v1/chat/completions HTTP/1.1" 200 -
2026-09-17 12:05:36,584 INFO "POST /v1/chat/completions HTTP/1.1" 200 -
2026-09-17 12:05:37,419 INFO "POST /v1/chat/completions HTTP/1.1" 200 -
2026-09-17 12:05:38,156 INFO "POST /v1/chat/completions HTTP/1.1" 200 -
2026-09-17 12:05:39,085 INFO "POST /v1/chat/completions HTTP/1.1" 200 -
2026-09-17 12:05:39,814 INFO "POST /v1/chat/completions HTTP/1.1" 200 -
2026-09-17 12:05:40,555 INFO "POST /v1/chat/completions HTTP/1.1" 200 -
2026-09-17 12:05:41,251 INFO "POST /v1/chat/completions HTTP/1.1" 200 -
2026-09-17 12:05:41,977 INFO "POST /v1/chat/completions HTTP/1.1" 200 -
2026-09-17 12:05:42,763 INFO "POST /v1/chat/completions HTTP/1.1" 200 -
2026-09-17 12:05:43,521 INFO "POST /v1/chat/completions HTTP/1.1" 200 -
2026-09-17 12:05:44,312 INFO "POST /v1/chat/completions HTTP/1.1" 200 -
2026-09-17 12:05:45,152 INFO "POST /v1/chat/completions HTTP/1.1" 200 -
2026-09-17 12:05:46,056 INFO "POST /v1/chat/completions HTTP/1.1" 200 -
2026-09-17 12:05:46,785 INFO "POST /v1/chat/completions HTTP/1.1" 200 -
2026-09-17 12:05:47,663 INFO "POST /v1/chat/completions HTTP/1.1" 200 -
2026-09-17 12:05:48,539 INFO "POST /v1/chat/completions HTTP/1.1" 200 -
2026-09-17 12:05:50,272 INFO "POST /v1/chat/completions HTTP/1.1" 429 -
2026-09-17 12:05:50,272 INFO "POST /v1/chat/completions HTTP/1.1" 429 -
2026-09-17 12:05:50,272 INFO "POST /v1/chat/completions HTTP/1.1" 429 -
2026-09-17 12:05:50,272 INFO "POST /v1/chat/completions HTTP/1.1" 429 -
2026-09-17 12:05:50,272 INFO "POST /v1/chat/completions HTTP/1.1" 429 -
2026-09-17 12:05:50,272 INFO "POST /v1/chat/completions HTTP/1.1" 429 -
2026-09-17 12:05:50,272 INFO "POST /v1/chat/completions HTTP/1.1" 429 -
2026-09-17 12:05:50,272 INFO "POST /v1/chat/completions HTTP/1.1" 429 -
2026-09-17 12:05:50,272 INFO "POST /v1/chat/completions HTTP/1.1" 429 -
2026-09-17 12:05:50,272 INFO "POST /v1/chat/completions HTTP/1.1" 429 -
2026-09-17 12:05:50,272 INFO "POST /v1/chat/completions HTTP/1.1" 429 -
2026-09-17 12:05:50,272 INFO "POST /v1/chat/completions HTTP/1.1" 429 -
2026-09-17 12:05:50,272 INFO "POST /v1/chat/completions HTTP/1.1" 429 -
2026-09-17 12:05:50,272 INFO "POST /v1/chat/completions HTTP/1.1" 429 -
2026-09-17 12:05:50,272 INFO "POST /v1/chat/completions HTTP/1.1" 429 -
2026-09-17 12:05:50,272 INFO "POST /v1/chat/completions HTTP/1.1" 429 -
2026-09-17 12:05:50,272 INFO "POST /v1/chat/completions HTTP/1.1" 429 -
2026-09-17 12:05:50,272 INFO "POST /v1/chat/completions HTTP/1.1" 429 -
2026-09-17 12:05:50,272 INFO "POST /v1/chat/completions HTTP/1.1" 429 -
2026-09-17 12:05:50,272 INFO "POST /v1/chat/completions HTTP/1.1" 429 -
2026-09-17 12:05:50,488 INFO "GET /v1/status HTTP/1.1" 200 -
2026-09-17 12:05:50,523 INFO "GET /v1/status HTTP/1.1" 200 -
2026-09-17 12:05:51,381 INFO "POST /v1/chat/completions HTTP/1.1" 200 -
2026-09-17 12:05:52,164 INFO "POST /v1/chat/completions HTTP/1.1" 200 -
2026-09-17 12:05:52,909 INFO "POST /v1/chat/completions HTTP/1.1" 200 -
2026-09-17 12:05:53,740 INFO "POST /v1/chat/completions HTTP/1.1" 200 -
2026-09-17 12:05:54,505 INFO "POST /v1/chat/completions HTTP/1.1" 200 -
2026-09-17 12:05:55,305 INFO "POST /v1/chat/completions HTTP/1.1" 200 -
2026-09-17 12:05:56,040 INFO "POST /v1/chat/completions HTTP/1.1" 200 -
2026-09-17 12:05:56,964 INFO "POST /v1/chat/completions HTTP/1.1" 200 -
2026-09-17 12:05:57,710 INFO "POST /v1/chat/completions HTTP/1.1" 200 -
2026-09-17 12:05:58,440 INFO "POST /v1/chat/completions HTTP/1.1" 200 -
2026-09-17 12:05:59,138 INFO "POST /v1/chat/completions HTTP/1.1" 200 -
2026-09-17 12:05:59,885 INFO "POST /v1/chat/completions HTTP/1.1" 200 -
2026-09-17 12:06:00,690 INFO "POST /v1/chat/completions HTTP/1.1" 200 -
2026-09-17 12:06:01,458 INFO "POST /v1/chat/completions HTTP/1.1" 200 -
2026-09-17 12:06:02,236 INFO "POST /v1/chat/completions HTTP/1.1" 200 -
2026-09-17 12:06:03,059 INFO "POST /v1/chat/completions HTTP/1.1" 200 -
2026-09-17 12:06:03,923 INFO "POST /v1/chat/completions HTTP/1.1" 200 -
2026-09-17 12:06:04,653 INFO "POST /v1/chat/completions HTTP/1.1" 200 -
2026-09-17 12:06:05,489 INFO "POST /v1/chat/completions HTTP/1.1" 200 -
2026-09-17 12:06:06,347 INFO "POST /v1/chat/completions HTTP/1.1" 200 -
2026-09-17 12:06:08,439 INFO "POST /v1/chat/completions HTTP/1.1" 429 -
2026-09-17 12:06:08,439 INFO "POST /v1/chat/completions HTTP/1.1" 429 -
2026-09-17 12:06:08,439 INFO "POST /v1/chat/completions HTTP/1.1" 429 -
2026-09-17 12:06:08,439 INFO "POST /v1/chat/completions HTTP/1.1" 429 -
2026-09-17 12:06:08,439 INFO "POST /v1/chat/completions HTTP/1.1" 429 -
2026-09-17 12:06:08,439 INFO "POST /v1/chat/completions HTTP/1.1" 429 -
2026-09-17 12:06:08,439 INFO "POST /v1/chat/completions HTTP/1.1" 429 -
2026-09-17 12:06:08,439 INFO "POST /v1/chat/completions HTTP/1.1" 429 -
2026-09-17 12:06:08,439 INFO "POST /v1/chat/completions HTTP/1.1" 429 -
2026-09-17 12:06:08,439 INFO "POST /v1/chat/completions HTTP/1.1" 429 -
2026-09-17 12:06:08,439 INFO "POST /v1/chat/completions HTTP/1.1" 429 -
2026-09-17 12:06:08,439 INFO "POST /v1/chat/completions HTTP/1.1" 429 -
2026-09-17 12:06:08,439 INFO "POST /v1/chat/completions HTTP/1.1" 429 -
2026-09-17 12:06:08,439 INFO "POST /v1/chat/completions HTTP/1.1" 429 -
2026-09-17 12:06:08,439 INFO "POST /v1/chat/completions HTTP/1.1" 429 -
2026-09-17 12:06:08,439 INFO "POST /v1/chat/completions HTTP/1.1" 429 -
2026-09-17 12:06:08,439 INFO "POST /v1/chat/completions HTTP/1.1" 429 -
2026-09-17 12:06:08,439 INFO "POST /v1/chat/completions HTTP/1.1" 429 -
2026-09-17 12:06:08,439 INFO "POST /v1/chat/completions HTTP/1.1" 429 -
2026-09-17 12:06:08,439 INFO "POST /v1/chat/completions HTTP/1.1" 429 -
2026-09-17 12:06:08,656 INFO "GET /v1/status HTTP/1.1" 200 -
2026-09-17 12:06:08,690 INFO "GET /v1/status HTTP/1.1" 200 -
2026-09-17 12:06:09,510 INFO "POST /v1/chat/completions HTTP/1.1" 200 -
2026-09-17 12:06:10,291 INFO "POST /v1/chat/completions HTTP/1.1" 200 -
2026-09-17 12:06:10,996 INFO "POST /v1/chat/completions HTTP/1.1" 200 -
2026-09-17 12:06:11,847 INFO "POST /v1/chat/completions HTTP/1.1" 200 -
2026-09-17 12:06:12,617 INFO "POST /v1/chat/completions HTTP/1.1" 200 -
2026-09-17 12:06:13,423 INFO "POST /v1/chat/completions HTTP/1.1" 200 -
2026-09-17 12:06:14,174 INFO "POST /v1/chat/completions HTTP/1.1" 200 -
2026-09-17 12:06:15,109 INFO "POST /v1/chat/completions HTTP/1.1" 200 -
2026-09-17 12:06:15,857 INFO "POST /v1/chat/completions HTTP/1.1" 200 -
2026-09-17 12:06:16,623 INFO "POST /v1/chat/completions HTTP/1.1" 200 -
2026-09-17 12:06:17,339 INFO "POST /v1/chat/completions HTTP/1.1" 200 -
2026-09-17 12:06:18,063 INFO "POST /v1/chat/completions HTTP/1.1" 200 -
2026-09-17 12:06:18,851 INFO "POST /v1/chat/completions HTTP/1.1" 200 -
2026-09-17 12:06:19,633 INFO "POST /v1/chat/completions HTTP/1.1" 200 -
2026-09-17 12:06:20,421 INFO "POST /v1/chat/completions HTTP/1.1" 200 -
2026-09-17 12:06:21,242 INFO "POST /v1/chat/completions HTTP/1.1" 200 -
2026-09-17 12:06:22,098 INFO "POST /v1/chat/completions HTTP/1.1" 200 -
2026-09-17 12:06:22,829 INFO "POST /v1/chat/completions HTTP/1.1" 200 -
2026-09-17 12:06:23,667 INFO "POST /v1/chat/completions HTTP/1.1" 200 -
2026-09-17 12:06:24,547 INFO "POST /v1/chat/completions HTTP/1.1" 200 -
2026-09-17 12:06:26,754 INFO "POST /v1/chat/completions HTTP/1.1" 429 -
2026-09-17 12:06:26,754 INFO "POST /v1/chat/completions HTTP/1.1" 429 -
2026-09-17 12:06:26,754 INFO "POST /v1/chat/completions HTTP/1.1" 429 -
2026-09-17 12:06:26,754 INFO "POST /v1/chat/completions HTTP/1.1" 429 -
2026-09-17 12:06:26,754 INFO "POST /v1/chat/completions HTTP/1.1" 429 -
2026-09-17 12:06:26,754 INFO "POST /v1/chat/completions HTTP/1.1" 429 -
2026-09-17 12:06:26,754 INFO "POST /v1/chat/completions HTTP/1.1" 429 -
2026-09-17 12:06:26,754 INFO "POST /v1/chat/completions HTTP/1.1" 429 -
2026-09-17 12:06:26,754 INFO "POST /v1/chat/completions HTTP/1.1" 429 -
2026-09-17 12:06:26,754 INFO "POST /v1/chat/completions HTTP/1.1" 429 -
2026-09-17 12:06:26,754 INFO "POST /v1/chat/completions HTTP/1.1" 429 -
2026-09-17 12:06:26,754 INFO "POST /v1/chat/completions HTTP/1.1" 429 -
2026-09-17 12:06:26,754 INFO "POST /v1/chat/completions HTTP/1.1" 429 -
2026-09-17 12:06:26,754 INFO "POST /v1/chat/completions HTTP/1.1" 429 -
2026-09-17 12:06:26,754 INFO "POST /v1/chat/completions HTTP/1.1" 429 -
2026-09-17 12:06:26,754 INFO "POST /v1/chat/completions HTTP/1.1" 429 -
2026-09-17 12:06:26,754 INFO "POST /v1/chat/completions HTTP/1.1" 429 -
2026-09-17 12:06:26,754 INFO "POST /v1/chat/completions HTTP/1.1" 429 -
2026-09-17 12:06:26,754 INFO "POST /v1/chat/completions HTTP/1.1" 429 -
2026-09-17 12:06:26,754 INFO "POST /v1/chat/completions HTTP/1.1" 429 -
2026-09-17 12:06:26,969 INFO "GET /v1/status HTTP/1.1" 200 -
2026-09-17 12:06:27,002 INFO "GET /v1/status HTTP/1.1" 200 -
2026-09-17 12:06:27,871 INFO "POST /v1/chat/completions HTTP/1.1" 200 -
2026-09-17 12:06:28,641 INFO "POST /v1/chat/completions HTTP/1.1" 200 -
2026-09-17 12:06:29,374 INFO "POST /v1/chat/completions HTTP/1.1" 200 -
2026-09-17 12:06:30,195 INFO "POST /v1/chat/completions HTTP/1.1" 200 -
2026-09-17 12:06:30,964 INFO "POST /v1/chat/completions HTTP/1.1" 200 -
2026-09-17 12:06:31,785 INFO "POST /v1/chat/completions HTTP/1.1" 200 -
2026-09-17 12:06:32,526 INFO "POST /v1/chat/completions HTTP/1.1" 200 -
2026-09-17 12:06:33,467 INFO "POST /v1/chat/completions HTTP/1.1" 200 -
2026-09-17 12:06:34,205 INFO "POST /v1/chat/completions HTTP/1.1" 200 -
2026-09-17 12:06:34,977 INFO "POST /v1/chat/completions HTTP/1.1" 200 -
2026-09-17 12:06:35,688 INFO "POST /v1/chat/completions HTTP/1.1" 200 -
2026-09-17 12:06:36,400 INFO "POST /v1/chat/completions HTTP/1.1" 200 -
2026-09-17 12:06:37,212 INFO "POST /v1/chat/completions HTTP/1.1" 200 -
2026-09-17 12:06:37,984 INFO "POST /v1/chat/completions HTTP/1.1" 200 -
2026-09-17 12:06:38,764 INFO "POST /v1/chat/completions HTTP/1.1" 200 -
2026-09-17 12:06:39,591 INFO "POST /v1/chat/completions HTTP/1.1" 200 -
2026-09-17 12:06:40,432 INFO "POST /v1/chat/completions HTTP/1.1" 200 -
2026-09-17 12:06:41,170 INFO "POST /v1/chat/completions HTTP/1.1" 200 -
2026-09-17 12:06:41,969 INFO "POST /v1/chat/completions HTTP/1.1" 200 -
2026-09-17 12:06:42,841 INFO "POST /v1/chat/completions HTTP/1.1" 200 -
2026-09-17 12:06:44,661 INFO "POST /v1/chat/completions HTTP/1.1" 429 -
2026-09-17 12:06:44,662 INFO "POST /v1/chat/completions HTTP/1.1" 429 -
2026-09-17 12:06:44,662 INFO "POST /v1/chat/completions HTTP/1.1" 429 -
2026-09-17 12:06:44,662 INFO "POST /v1/chat/completions HTTP/1.1" 429 -
2026-09-17 12:06:44,662 INFO "POST /v1/chat/completions HTTP/1.1" 429 -
2026-09-17 12:06:44,662 INFO "POST /v1/chat/completions HTTP/1.1" 429 -
2026-09-17 12:06:44,662 INFO "POST /v1/chat/completions HTTP/1.1" 429 -
2026-09-17 12:06:44,662 INFO "POST /v1/chat/completions HTTP/1.1" 429 -
2026-09-17 12:06:44,662 INFO "POST /v1/chat/completions HTTP/1.1" 429 -
2026-09-17 12:06:44,662 INFO "POST /v1/chat/completions HTTP/1.1" 429 -
2026-09-17 12:06:44,662 INFO "POST /v1/chat/completions HTTP/1.1" 429 -
2026-09-17 12:06:44,662 INFO "POST /v1/chat/completions HTTP/1.1" 429 -
2026-09-17 12:06:44,662 INFO "POST /v1/chat/completions HTTP/1.1" 429 -
2026-09-17 12:06:44,662 INFO "POST /v1/chat/completions HTTP/1.1" 429 -
2026-09-17 12:06:44,662 INFO "POST /v1/chat/completions HTTP/1.1" 429 -
2026-09-17 12:06:44,662 INFO "POST /v1/chat/completions HTTP/1.1" 429 -
2026-09-17 12:06:44,662 INFO "POST /v1/chat/completions HTTP/1.1" 429 -
2026-09-17 12:06:44,662 INFO "POST /v1/chat/completions HTTP/1.1" 429 -
2026-09-17 12:06:44,662 INFO "POST /v1/chat/completions HTTP/1.1" 429 -
2026-09-17 12:06:44,662 INFO "POST /v1/chat/completions HTTP/1.1" 429 -
2026-09-17 12:06:44,877 INFO "GET /v1/status HTTP/1.1" 200 -
2026-09-17 12:06:44,912 INFO "GET /v1/status HTTP/1.1" 200 -
2026-09-17 12:06:45,818 INFO "POST /v1/chat/completions HTTP/1.1" 200 -
2026-09-17 12:06:46,570 INFO "POST /v1/chat/completions HTTP/1.1" 200 -
2026-09-17 12:06:47,341 INFO "POST /v1/chat/completions HTTP/1.1" 200 -
2026-09-17 12:06:48,192 INFO "POST /v1/chat/completions HTTP/1.1" 200 -
2026-09-17 12:06:48,978 INFO "POST /v1/chat/completions HTTP/1.1" 200 -
2026-09-17 12:06:49,812 INFO "POST /v1/chat/completions HTTP/1.1" 200 -
2026-09-17 12:06:50,548 INFO "POST /v1/chat/completions HTTP/1.1" 200 -
2026-09-17 12:06:51,475 INFO "POST /v1/chat/completions HTTP/1.1" 200 -
2026-09-17 12:06:52,219 INFO "POST /v1/chat/completions HTTP/1.1" 200 -
2026-09-17 12:06:52,960 INFO "POST /v1/chat/completions HTTP/1.1" 200 -
2026-09-17 12:06:53,658 INFO "POST /v1/chat/completions HTTP/1.1" 200 -
2026-09-17 12:06:54,359 INFO "POST /v1/chat/completions HTTP/1.1" 200 -
2026-09-17 12:06:55,205 INFO "POST /v1/chat/completions HTTP/1.1" 200 -
2026-09-17 12:06:56,008 INFO "POST /v1/chat/completions HTTP/1.1" 200 -
2026-09-17 12:06:56,751 INFO "POST /v1/chat/completions HTTP/1.1" 200 -
2026-09-17 12:06:57,578 INFO "POST /v1/chat/completions HTTP/1.1" 200 -
2026-09-17 12:06:58,430 INFO "POST /v1/chat/completions HTTP/1.1" 200 -
2026-09-17 12:06:59,159 INFO "POST /v1/chat/completions HTTP/1.1" 200 -
2026-09-17 12:06:59,993 INFO "POST /v1/chat/completions HTTP/1.1" 200 -
2026-09-17 12:07:00,875 INFO "POST /v1/chat/completions HTTP/1.1" 200 -
2026-09-17 12:07:02,590 INFO "POST /v1/chat/completions HTTP/1.1" 429 -
2026-09-17 12:07:02,590 INFO "POST /v1/chat/completions HTTP/1.1" 429 -
2026-09-17 12:07:02,590 INFO "POST /v1/chat/completions HTTP/1.1" 429 -
2026-09-17 12:07:02,590 INFO "POST /v1/chat/completions HTTP/1.1" 429 -
2026-09-17 12:07:02,590 INFO "POST /v1/chat/completions HTTP/1.1" 429 -
2026-09-17 12:07:02,590 INFO "POST /v1/chat/completions HTTP/1.1" 429 -
2026-09-17 12:07:02,590 INFO "POST /v1/chat/completions HTTP/1.1" 429 -
2026-09-17 12:07:02,590 INFO "POST /v1/chat/completions HTTP/1.1" 429 -
2026-09-17 12:07:02,590 INFO "POST /v1/chat/completions HTTP/1.1" 429 -
2026-09-17 12:07:02,590 INFO "POST /v1/chat/completions HTTP/1.1" 429 -
2026-09-17 12:07:02,590 INFO "POST /v1/chat/completions HTTP/1.1" 429 -
2026-09-17 12:07:02,590 INFO "POST /v1/chat/completions HTTP/1.1" 429 -
2026-09-17 12:07:02,590 INFO "POST /v1/chat/completions HTTP/1.1" 429 -
2026-09-17 12:07:02,590 INFO "POST /v1/chat/completions HTTP/1.1" 429 -
2026-09-17 12:07:02,590 INFO "POST /v1/chat/completions HTTP/1.1" 429 -
2026-09-17 12:07:02,590 INFO "POST /v1/chat/completions HTTP/1.1" 429 -
2026-09-17 12:07:02,590 INFO "POST /v1/chat/completions HTTP/1.1" 429 -
2026-09-17 12:07:02,590 INFO "POST /v1/chat/completions HTTP/1.1" 429 -
2026-09-17 12:07:02,590 INFO "POST /v1/chat/completions HTTP/1.1" 429 -
2026-09-17 12:07:02,590 INFO "POST /v1/chat/completions HTTP/1.1" 429 -
2026-09-17 12:07:02,805 INFO "GET /v1/status HTTP/1.1" 200 -
2026-09-17 12:07:02,839 INFO "GET /v1/status HTTP/1.1" 200 -
2026-09-17 12:07:03,720 INFO "POST /v1/chat/completions HTTP/1.1" 200 -
2026-09-17 12:07:04,495 INFO "POST /v1/chat/completions HTTP/1.1" 200 -
2026-09-17 12:07:05,194 INFO "POST /v1/chat/completions HTTP/1.1" 200 -
2026-09-17 12:07:06,040 INFO "POST /v1/chat/completions HTTP/1.1" 200 -
2026-09-17 12:07:06,825 INFO "POST /v1/chat/completions HTTP/1.1" 200 -
2026-09-17 12:07:07,634 INFO "POST /v1/chat/completions HTTP/1.1" 200 -
2026-09-17 12:07:08,349 INFO "POST /v1/chat/completions HTTP/1.1" 200 -
2026-09-17 12:07:09,274 INFO "POST /v1/chat/completions HTTP/1.1" 200 -
2026-09-17 12:07:10,002 INFO "POST /v1/chat/completions HTTP/1.1" 200 -
2026-09-17 12:07:10,743 INFO "POST /v1/chat/completions HTTP/1.1" 200 -
2026-09-17 12:07:11,427 INFO "POST /v1/chat/completions HTTP/1.1" 200 -
2026-09-17 12:07:12,138 INFO "POST /v1/chat/completions HTTP/1.1" 200 -
2026-09-17 12:07:12,967 INFO "POST /v1/chat/completions HTTP/1.1" 200 -
2026-09-17 12:07:13,733 INFO "POST /v1/chat/completions HTTP/1.1" 200 -
2026-09-17 12:07:14,489 INFO "POST /v1/chat/completions HTTP/1.1" 200 -
2026-09-17 12:07:15,313 INFO "POST /v1/chat/completions HTTP/1.1" 200 -
2026-09-17 12:07:16,169 INFO "POST /v1/chat/completions HTTP/1.1" 200 -
2026-09-17 12:07:16,900 INFO "POST /v1/chat/completions HTTP/1.1" 200 -
2026-09-17 12:07:17,736 INFO "POST /v1/chat/completions HTTP/1.1" 200 -
2026-09-17 12:07:18,614 INFO "POST /v1/chat/completions HTTP/1.1" 200 -
2026-09-17 12:07:20,628 INFO "POST /v1/chat/completions HTTP/1.1" 429 -
2026-09-17 12:07:20,628 INFO "POST /v1/chat/completions HTTP/1.1" 429 -
2026-09-17 12:07:20,628 INFO "POST /v1/chat/completions HTTP/1.1" 429 -
2026-09-17 12:07:20,628 INFO "POST /v1/chat/completions HTTP/1.1" 429 -
2026-09-17 12:07:20,628 INFO "POST /v1/chat/completions HTTP/1.1" 429 -
2026-09-17 12:07:20,628 INFO "POST /v1/chat/completions HTTP/1.1" 429 -
2026-09-17 12:07:20,628 INFO "POST /v1/chat/completions HTTP/1.1" 429 -
2026-09-17 12:07:20,628 INFO "POST /v1/chat/completions HTTP/1.1" 429 -
2026-09-17 12:07:20,628 INFO "POST /v1/chat/completions HTTP/1.1" 429 -
2026-09-17 12:07:20,629 INFO "POST /v1/chat/completions HTTP/1.1" 429 -
2026-09-17 12:07:20,629 INFO "POST /v1/chat/completions HTTP/1.1" 429 -
2026-09-17 12:07:20,629 INFO "POST /v1/chat/completions HTTP/1.1" 429 -
2026-09-17 12:07:20,629 INFO "POST /v1/chat/completions HTTP/1.1" 429 -
2026-09-17 12:07:20,629 INFO "POST /v1/chat/completions HTTP/1.1" 429 -
2026-09-17 12:07:20,629 INFO "POST /v1/chat/completions HTTP/1.1" 429 -
2026-09-17 12:07:20,629 INFO "POST /v1/chat/completions HTTP/1.1" 429 -
2026-09-17 12:07:20,629 INFO "POST /v1/chat/completions HTTP/1.1" 429 -
2026-09-17 12:07:20,629 INFO "POST /v1/chat/completions HTTP/1.1" 429 -
2026-09-17 12:07:20,629 INFO "POST /v1/chat/completions HTTP/1.1" 429 -
2026-09-17 12:07:20,629 INFO "POST /v1/chat/completions HTTP/1.1" 429 -
2026-09-17 12:07:20,846 INFO "GET /v1/status HTTP/1.1" 200 -
2026-09-17 12:07:20,880 INFO "GET /v1/status HTTP/1.1" 200 -
2026-09-17 12:07:21,763 INFO "POST /v1/chat/completions HTTP/1.1" 200 -
2026-09-17 12:07:22,519 INFO "POST /v1/chat/completions HTTP/1.1" 200 -
2026-09-17 12:07:23,212 INFO "POST /v1/chat/completions HTTP/1.1" 200 -
2026-09-17 12:07:24,065 INFO "POST /v1/chat/completions HTTP/1.1" 200 -
2026-09-17 12:07:24,823 INFO "POST /v1/chat/completions HTTP/1.1" 200 -
2026-09-17 12:07:25,642 INFO "POST /v1/chat/completions HTTP/1.1" 200 -
2026-09-17 12:07:26,368 INFO "POST /v1/chat/completions HTTP/1.1" 200 -
2026-09-17 12:07:27,308 INFO "POST /v1/chat/completions HTTP/1.1" 200 -
2026-09-17 12:07:28,057 INFO "POST /v1/chat/completions HTTP/1.1" 200 -
2026-09-17 12:07:28,823 INFO "POST /v1/chat/completions HTTP/1.1" 200 -
2026-09-17 12:07:29,537 INFO "POST /v1/chat/completions HTTP/1.1" 200 -
2026-09-17 12:07:30,257 INFO "POST /v1/chat/completions HTTP/1.1" 200 -
2026-09-17 12:07:31,046 INFO "POST /v1/chat/completions HTTP/1.1" 200 -
2026-09-17 12:07:31,842 INFO "POST /v1/chat/completions HTTP/1.1" 200 -
2026-09-17 12:07:32,603 INFO "POST /v1/chat/completions HTTP/1.1" 200 -
2026-09-17 12:07:33,390 INFO "POST /v1/chat/completions HTTP/1.1" 200 -
2026-09-17 12:07:34,262 INFO "POST /v1/chat/completions HTTP/1.1" 200 -
2026-09-17 12:07:35,025 INFO "POST /v1/chat/completions HTTP/1.1" 200 -
2026-09-17 12:07:35,834 INFO "POST /v1/chat/completions HTTP/1.1" 200 -
2026-09-17 12:07:36,698 INFO "POST /v1/chat/completions HTTP/1.1" 200 -
2026-09-17 12:07:39,026 INFO "POST /v1/chat/completions HTTP/1.1" 429 -
2026-09-17 12:07:39,026 INFO "POST /v1/chat/completions HTTP/1.1" 429 -
2026-09-17 12:07:39,026 INFO "POST /v1/chat/completions HTTP/1.1" 429 -
2026-09-17 12:07:39,026 INFO "POST /v1/chat/completions HTTP/1.1" 429 -
2026-09-17 12:07:39,026 INFO "POST /v1/chat/completions HTTP/1.1" 429 -
2026-09-17 12:07:39,026 INFO "POST /v1/chat/completions HTTP/1.1" 429 -
2026-09-17 12:07:39,026 INFO "POST /v1/chat/completions HTTP/1.1" 429 -
2026-09-17 12:07:39,026 INFO "POST /v1/chat/completions HTTP/1.1" 429 -
2026-09-17 12:07:39,026 INFO "POST /v1/chat/completions HTTP/1.1" 429 -
2026-09-17 12:07:39,026 INFO "POST /v1/chat/completions HTTP/1.1" 429 -
2026-09-17 12:07:39,026 INFO "POST /v1/chat/completions HTTP/1.1" 429 -
2026-09-17 12:07:39,026 INFO "POST /v1/chat/completions HTTP/1.1" 429 -
2026-09-17 12:07:39,026 INFO "POST /v1/chat/completions HTTP/1.1" 429 -
2026-09-17 12:07:39,026 INFO "POST /v1/chat/completions HTTP/1.1" 429 -
2026-09-17 12:07:39,026 INFO "POST /v1/chat/completions HTTP/1.1" 429 -
2026-09-17 12:07:39,026 INFO "POST /v1/chat/completions HTTP/1.1" 429 -
2026-09-17 12:07:39,026 INFO "POST /v1/chat/completions HTTP/1.1" 429 -
2026-09-17 12:07:39,026 INFO "POST /v1/chat/completions HTTP/1.1" 429 -
2026-09-17 12:07:39,026 INFO "POST /v1/chat/completions HTTP/1.1" 429 -
2026-09-17 12:07:39,026 INFO "POST /v1/chat/completions HTTP/1.1" 429 -
2026-09-17 12:07:39,243 INFO "GET /v1/status HTTP/1.1" 200 -
2026-09-17 12:07:39,276 INFO "GET /v1/status HTTP/1.1" 200 -
2026-09-17 12:07:40,163 INFO "POST /v1/chat/completions HTTP/1.1" 200 -
2026-09-17 12:07:40,905 INFO "POST /v1/chat/completions HTTP/1.1" 200 -
2026-09-17 12:07:41,589 INFO "POST /v1/chat/completions HTTP/1.1" 200 -
2026-09-17 12:07:42,438 INFO "POST /v1/chat/completions HTTP/1.1" 200 -
2026-09-17 12:07:43,177 INFO "POST /v1/chat/completions HTTP/1.1" 200 -
2026-09-17 12:07:43,979 INFO "POST /v1/chat/completions HTTP/1.1" 200 -
2026-09-17 12:07:44,764 INFO "POST /v1/chat/completions HTTP/1.1" 200 -
2026-09-17 12:07:45,687 INFO "POST /v1/chat/completions HTTP/1.1" 200 -
2026-09-17 12:07:46,458 INFO "POST /v1/chat/completions HTTP/1.1" 200 -
2026-09-17 12:07:47,191 INFO "POST /v1/chat/completions HTTP/1.1" 200 -
2026-09-17 12:07:47,874 INFO "POST /v1/chat/completions HTTP/1.1" 200 -
2026-09-17 12:07:48,608 INFO "POST /v1/chat/completions HTTP/1.1" 200 -
2026-09-17 12:07:49,405 INFO "POST /v1/chat/completions HTTP/1.1" 200 -
2026-09-17 12:07:50,200 INFO "POST /v1/chat/completions HTTP/1.1" 200 -
2026-09-17 12:07:50,971 INFO "POST /v1/chat/completions HTTP/1.1" 200 -
2026-09-17 12:07:51,784 INFO "POST /v1/chat/completions HTTP/1.1" 200 -
2026-09-17 12:07:52,624 INFO "POST /v1/chat/completions HTTP/1.1" 200 -
2026-09-17 12:07:53,349 INFO "POST /v1/chat/completions HTTP/1.1" 200 -
2026-09-17 12:07:54,191 INFO "POST /v1/chat/completions HTTP/1.1" 200 -
2026-09-17 12:07:55,114 INFO "POST /v1/chat/completions HTTP/1.1" 200 -
2026-09-17 12:07:56,890 INFO "POST /v1/chat/completions HTTP/1.1" 429 -
2026-09-17 12:07:56,891 INFO "POST /v1/chat/completions HTTP/1.1" 429 -
2026-09-17 12:07:56,891 INFO "POST /v1/chat/completions HTTP/1.1" 429 -
2026-09-17 12:07:56,891 INFO "POST /v1/chat/completions HTTP/1.1" 429 -
2026-09-17 12:07:56,891 INFO "POST /v1/chat/completions HTTP/1.1" 429 -
2026-09-17 12:07:56,891 INFO "POST /v1/chat/completions HTTP/1.1" 429 -
2026-09-17 12:07:56,891 INFO "POST /v1/chat/completions HTTP/1.1" 429 -
2026-09-17 12:07:56,891 INFO "POST /v1/chat/completions HTTP/1.1" 429 -
2026-09-17 12:07:56,891 INFO "POST /v1/chat/completions HTTP/1.1" 429 -
2026-09-17 12:07:56,891 INFO "POST /v1/chat/completions HTTP/1.1" 429 -
2026-09-17 12:07:56,891 INFO "POST /v1/chat/completions HTTP/1.1" 429 -
2026-09-17 12:07:56,891 INFO "POST /v1/chat/completions HTTP/1.1" 429 -
2026-09-17 12:07:56,891 INFO "POST /v1/chat/completions HTTP/1.1" 429 -
2026-09-17 12:07:56,891 INFO "POST /v1/chat/completions HTTP/1.1" 429 -
2026-09-17 12:07:56,891 INFO "POST /v1/chat/completions HTTP/1.1" 429 -
2026-09-17 12:07:56,891 INFO "POST /v1/chat/completions HTTP/1.1" 429 -
2026-09-17 12:07:56,891 INFO "POST /v1/chat/completions HTTP/1.1" 429 -
2026-09-17 12:07:56,891 INFO "POST /v1/chat/completions HTTP/1.1" 429 -
2026-09-17 12:07:56,891 INFO "POST /v1/chat/completions HTTP/1.1" 429 -
2026-09-17 12:07:56,891 INFO "POST /v1/chat/completions HTTP/1.1" 429 -
2026-09-17 12:07:57,114 INFO "GET /v1/status HTTP/1.1" 200 -
2026-09-17 12:07:57,148 INFO "GET /v1/status HTTP/1.1" 200 -
2026-09-17 12:07:58,058 INFO "POST /v1/chat/completions HTTP/1.1" 200 -
2026-09-17 12:07:58,843 INFO "POST /v1/chat/completions HTTP/1.1" 200 -
2026-09-17 12:07:59,552 INFO "POST /v1/chat/completions HTTP/1.1" 200 -
2026-09-17 12:08:00,375 INFO "POST /v1/chat/completions HTTP/1.1" 200 -
2026-09-17 12:08:01,145 INFO "POST /v1/chat/completions HTTP/1.1" 200 -
2026-09-17 12:08:01,947 INFO "POST /v1/chat/completions HTTP/1.1" 200 -
2026-09-17 12:08:02,676 INFO "POST /v1/chat/completions HTTP/1.1" 200 -
2026-09-17 12:08:03,586 INFO "POST /v1/chat/completions HTTP/1.1" 200 -
2026-09-17 12:08:04,358 INFO "POST /v1/chat/completions HTTP/1.1" 200 -
2026-09-17 12:08:05,103 INFO "POST /v1/chat/completions HTTP/1.1" 200 -
2026-09-17 12:08:05,807 INFO "POST /v1/chat/completions HTTP/1.1" 200 -
2026-09-17 12:08:06,512 INFO "POST /v1/chat/completions HTTP/1.1" 200 -
2026-09-17 12:08:07,355 INFO "POST /v1/chat/completions HTTP/1.1" 200 -
2026-09-17 12:08:08,142 INFO "POST /v1/chat/completions HTTP/1.1" 200 -
2026-09-17 12:08:08,899 INFO "POST /v1/chat/completions HTTP/1.1" 200 -
2026-09-17 12:08:09,727 INFO "POST /v1/chat/completions HTTP/1.1" 200 -
2026-09-17 12:08:10,580 INFO "POST /v1/chat/completions HTTP/1.1" 200 -
2026-09-17 12:08:11,326 INFO "POST /v1/chat/completions HTTP/1.1" 200 -
2026-09-17 12:08:12,166 INFO "POST /v1/chat/completions HTTP/1.1" 200 -
2026-09-17 12:08:13,031 INFO "POST /v1/chat/completions HTTP/1.1" 200 -
2026-09-17 12:08:15,672 INFO "POST /v1/chat/completions HTTP/1.1" 429 -
2026-09-17 12:08:15,672 INFO "POST /v1/chat/completions HTTP/1.1" 429 -
2026-09-17 12:08:15,672 INFO "POST /v1/chat/completions HTTP/1.1" 429 -
2026-09-17 12:08:15,672 INFO "POST /v1/chat/completions HTTP/1.1" 429 -
2026-09-17 12:08:15,672 INFO "POST /v1/chat/completions HTTP/1.1" 429 -
2026-09-17 12:08:15,672 INFO "POST /v1/chat/completions HTTP/1.1" 429 -
2026-09-17 12:08:15,672 INFO "POST /v1/chat/completions HTTP/1.1" 429 -
2026-09-17 12:08:15,672 INFO "POST /v1/chat/completions HTTP/1.1" 429 -
2026-09-17 12:08:15,672 INFO "POST /v1/chat/completions HTTP/1.1" 429 -
2026-09-17 12:08:15,672 INFO "POST /v1/chat/completions HTTP/1.1" 429 -
2026-09-17 12:08:15,672 INFO "POST /v1/chat/completions HTTP/1.1" 429 -
2026-09-17 12:08:15,672 INFO "POST /v1/chat/completions HTTP/1.1" 429 -
2026-09-17 12:08:15,672 INFO "POST /v1/chat/completions HTTP/1.1" 429 -
2026-09-17 12:08:15,672 INFO "POST /v1/chat/completions HTTP/1.1" 429 -
2026-09-17 12:08:15,672 INFO "POST /v1/chat/completions HTTP/1.1" 429 -
2026-09-17 12:08:15,672 INFO "POST /v1/chat/completions HTTP/1.1" 429 -
2026-09-17 12:08:15,672 INFO "POST /v1/chat/completions HTTP/1.1" 429 -
2026-09-17 12:08:15,672 INFO "POST /v1/chat/completions HTTP/1.1" 429 -
2026-09-17 12:08:15,672 INFO "POST /v1/chat/completions HTTP/1.1" 429 -
2026-09-17 12:08:15,672 INFO "POST /v1/chat/completions HTTP/1.1" 429 -
2026-09-17 12:08:15,888 INFO "GET /v1/status HTTP/1.1" 200 -
2026-09-17 12:08:15,921 INFO "GET /v1/status HTTP/1.1" 200 -
2026-09-17 12:08:16,796 INFO "POST /v1/chat/completions HTTP/1.1" 200 -
2026-09-17 12:08:17,593 INFO "POST /v1/chat/completions HTTP/1.1" 200 -
2026-09-17 12:08:18,312 INFO "POST /v1/chat/completions HTTP/1.1" 200 -
2026-09-17 12:08:19,084 INFO "POST /v1/chat/completions HTTP/1.1" 200 -
2026-09-17 12:08:19,876 INFO "POST /v1/chat/completions HTTP/1.1" 200 -
2026-09-17 12:08:20,677 INFO "POST /v1/chat/completions HTTP/1.1" 200 -
2026-09-17 12:08:21,408 INFO "POST /v1/chat/completions HTTP/1.1" 200 -
2026-09-17 12:08:22,334 INFO "POST /v1/chat/completions HTTP/1.1" 200 -
2026-09-17 12:08:23,086 INFO "POST /v1/chat/completions HTTP/1.1" 200 -
2026-09-17 12:08:23,839 INFO "POST /v1/chat/completions HTTP/1.1" 200 -
2026-09-17 12:08:24,532 INFO "POST /v1/chat/completions HTTP/1.1" 200 -
2026-09-17 12:08:25,253 INFO "POST /v1/chat/completions HTTP/1.1" 200 -
2026-09-17 12:08:26,034 INFO "POST /v1/chat/completions HTTP/1.1" 200 -
2026-09-17 12:08:26,805 INFO "POST /v1/chat/completions HTTP/1.1" 200 -
2026-09-17 12:08:27,587 INFO "POST /v1/chat/completions HTTP/1.1" 200 -
2026-09-17 12:08:28,401 INFO "POST /v1/chat/completions HTTP/1.1" 200 -
2026-09-17 12:08:29,242 INFO "POST /v1/chat/completions HTTP/1.1" 200 -
2026-09-17 12:08:30,010 INFO "POST /v1/chat/completions HTTP/1.1" 200 -
2026-09-17 12:08:30,827 INFO "POST /v1/chat/completions HTTP/1.1" 200 -
2026-09-17 12:08:31,712 INFO "POST /v1/chat/completions HTTP/1.1" 200 -
2026-09-17 12:08:33,897 INFO "POST /v1/chat/completions HTTP/1.1" 429 -
2026-09-17 12:08:33,897 INFO "POST /v1/chat/completions HTTP/1.1" 429 -
2026-09-17 12:08:33,897 INFO "POST /v1/chat/completions HTTP/1.1" 429 -
2026-09-17 12:08:33,897 INFO "POST /v1/chat/completions HTTP/1.1" 429 -
2026-09-17 12:08:33,897 INFO "POST /v1/chat/completions HTTP/1.1" 429 -
2026-09-17 12:08:33,897 INFO "POST /v1/chat/completions HTTP/1.1" 429 -
2026-09-17 12:08:33,897 INFO "POST /v1/chat/completions HTTP/1.1" 429 -
2026-09-17 12:08:33,897 INFO "POST /v1/chat/completions HTTP/1.1" 429 -
2026-09-17 12:08:33,897 INFO "POST /v1/chat/completions HTTP/1.1" 429 -
2026-09-17 12:08:33,897 INFO "POST /v1/chat/completions HTTP/1.1" 429 -
2026-09-17 12:08:33,898 INFO "POST /v1/chat/completions HTTP/1.1" 429 -
2026-09-17 12:08:33,898 INFO "POST /v1/chat/completions HTTP/1.1" 429 -
2026-09-17 12:08:33,898 INFO "POST /v1/chat/completions HTTP/1.1" 429 -
2026-09-17 12:08:33,898 INFO "POST /v1/chat/completions HTTP/1.1" 429 -
2026-09-17 12:08:33,898 INFO "POST /v1/chat/completions HTTP/1.1" 429 -
2026-09-17 12:08:33,898 INFO "POST /v1/chat/completions HTTP/1.1" 429 -
2026-09-17 12:08:33,898 INFO "POST /v1/chat/completions HTTP/1.1" 429 -
2026-09-17 12:08:33,898 INFO "POST /v1/chat/completions HTTP/1.1" 429 -
2026-09-17 12:08:33,898 INFO "POST /v1/chat/completions HTTP/1.1" 429 -
2026-09-17 12:08:33,898 INFO "POST /v1/chat/completions HTTP/1.1" 429 -
