[transformers] PyTorch was not found. Models won't be available and only tokenizers, configuration and file/data utilities can be used.
2026-09-17 09:39:33,460 INFO "GET /v1/status HTTP/1.1" 200 -
2026-09-17 09:39:34,466 INFO "GET /v1/status HTTP/1.1" 200 -
2026-09-17 09:39:35,002 INFO ubc_evict: evicted 5070.2 MB from UBC for ~/mlx-models/Qwen3.6-35B-A3B-Abliterated-Heretic-MLX-4bit/model-00001-of-00005.safetensors
2026-09-17 09:39:35,043 INFO ubc_evict: evicted 5098.4 MB from UBC for ~/mlx-models/Qwen3.6-35B-A3B-Abliterated-Heretic-MLX-4bit/model-00002-of-00005.safetensors
2026-09-17 09:39:35,084 INFO ubc_evict: evicted 5097.1 MB from UBC for ~/mlx-models/Qwen3.6-35B-A3B-Abliterated-Heretic-MLX-4bit/model-00003-of-00005.safetensors
2026-09-17 09:39:35,124 INFO ubc_evict: evicted 5036.3 MB from UBC for ~/mlx-models/Qwen3.6-35B-A3B-Abliterated-Heretic-MLX-4bit/model-00004-of-00005.safetensors
2026-09-17 09:39:35,145 INFO ubc_evict: evicted 2311.0 MB from UBC for ~/mlx-models/Qwen3.6-35B-A3B-Abliterated-Heretic-MLX-4bit/model-00005-of-00005.safetensors
2026-09-17 09:39:35,145 INFO ubc_evict: evicted 851.8 MB from UBC for ~/mlx-models/Qwen3.6-35B-A3B-Abliterated-Heretic-MLX-4bit/model-vision-00001-of-00001.safetensors
2026-09-17 09:39:35,145 INFO ubc_evict: pass complete total_mb=23464.8 elapsed_s=0.18
2026-09-17 09:39:35,673 INFO "GET /v1/status HTTP/1.1" 200 -
2026-09-17 09:39:36,677 INFO "GET /v1/status HTTP/1.1" 200 -
2026-09-17 09:39:36,715 INFO "GET /v1/status HTTP/1.1" 200 -
2026-09-17 09:39:37,465 INFO "POST /v1/chat/completions HTTP/1.1" 200 -
2026-09-17 09:39:38,070 INFO "POST /v1/chat/completions HTTP/1.1" 200 -
2026-09-17 09:39:38,661 INFO "POST /v1/chat/completions HTTP/1.1" 200 -
2026-09-17 09:39:39,255 INFO "POST /v1/chat/completions HTTP/1.1" 200 -
2026-09-17 09:39:39,847 INFO "POST /v1/chat/completions HTTP/1.1" 200 -
2026-09-17 09:39:40,445 INFO "POST /v1/chat/completions HTTP/1.1" 200 -
2026-09-17 09:39:41,037 INFO "POST /v1/chat/completions HTTP/1.1" 200 -
2026-09-17 09:39:41,638 INFO "POST /v1/chat/completions HTTP/1.1" 200 -
2026-09-17 09:39:42,239 INFO "POST /v1/chat/completions HTTP/1.1" 200 -
2026-09-17 09:39:42,836 INFO "POST /v1/chat/completions HTTP/1.1" 200 -
2026-09-17 09:39:43,437 INFO "POST /v1/chat/completions HTTP/1.1" 200 -
2026-09-17 09:39:44,033 INFO "POST /v1/chat/completions HTTP/1.1" 200 -
2026-09-17 09:39:44,630 INFO "POST /v1/chat/completions HTTP/1.1" 200 -
2026-09-17 09:39:45,226 INFO "POST /v1/chat/completions HTTP/1.1" 200 -
2026-09-17 09:39:45,823 INFO "POST /v1/chat/completions HTTP/1.1" 200 -
2026-09-17 09:39:46,421 INFO "POST /v1/chat/completions HTTP/1.1" 200 -
2026-09-17 09:39:47,016 INFO "POST /v1/chat/completions HTTP/1.1" 200 -
2026-09-17 09:39:47,612 INFO "POST /v1/chat/completions HTTP/1.1" 200 -
2026-09-17 09:39:48,212 INFO "POST /v1/chat/completions HTTP/1.1" 200 -
2026-09-17 09:39:48,807 INFO "POST /v1/chat/completions HTTP/1.1" 200 -
2026-09-17 09:39:51,519 INFO "POST /v1/chat/completions HTTP/1.1" 200 -
2026-09-17 09:39:51,575 INFO "POST /v1/chat/completions HTTP/1.1" 200 -
2026-09-17 09:39:51,575 INFO "POST /v1/chat/completions HTTP/1.1" 200 -
2026-09-17 09:39:51,622 INFO "POST /v1/chat/completions HTTP/1.1" 200 -
2026-09-17 09:39:51,669 INFO "POST /v1/chat/completions HTTP/1.1" 200 -
2026-09-17 09:39:51,670 INFO "POST /v1/chat/completions HTTP/1.1" 200 -
2026-09-17 09:39:51,714 INFO "POST /v1/chat/completions HTTP/1.1" 200 -
2026-09-17 09:39:51,714 INFO "POST /v1/chat/completions HTTP/1.1" 200 -
2026-09-17 09:39:51,757 INFO "POST /v1/chat/completions HTTP/1.1" 200 -
2026-09-17 09:39:51,757 INFO "POST /v1/chat/completions HTTP/1.1" 200 -
2026-09-17 09:39:51,792 INFO "POST /v1/chat/completions HTTP/1.1" 200 -
2026-09-17 09:39:51,825 INFO "POST /v1/chat/completions HTTP/1.1" 200 -
2026-09-17 09:39:51,828 INFO "POST /v1/chat/completions HTTP/1.1" 200 -
2026-09-17 09:39:51,857 INFO "POST /v1/chat/completions HTTP/1.1" 200 -
2026-09-17 09:39:51,888 INFO "POST /v1/chat/completions HTTP/1.1" 200 -
2026-09-17 09:39:51,888 INFO "POST /v1/chat/completions HTTP/1.1" 200 -
2026-09-17 09:39:51,914 INFO "POST /v1/chat/completions HTTP/1.1" 200 -
2026-09-17 09:39:51,914 INFO "POST /v1/chat/completions HTTP/1.1" 200 -
2026-09-17 09:39:51,933 INFO "POST /v1/chat/completions HTTP/1.1" 200 -
2026-09-17 09:39:51,933 INFO "POST /v1/chat/completions HTTP/1.1" 200 -
2026-09-17 09:39:51,934 INFO "GET /v1/status HTTP/1.1" 200 -
2026-09-17 09:39:51,989 INFO "GET /v1/status HTTP/1.1" 200 -
2026-09-17 09:39:52,046 INFO "GET /v1/status HTTP/1.1" 200 -
2026-09-17 09:39:52,103 INFO "GET /v1/status HTTP/1.1" 200 -
2026-09-17 09:39:52,160 INFO "GET /v1/status HTTP/1.1" 200 -
2026-09-17 09:39:52,205 INFO "GET /v1/status HTTP/1.1" 200 -
2026-09-17 09:39:52,238 INFO "GET /v1/status HTTP/1.1" 200 -
2026-09-17 09:39:52,818 INFO "POST /v1/chat/completions HTTP/1.1" 200 -
2026-09-17 09:39:53,389 INFO "POST /v1/chat/completions HTTP/1.1" 200 -
2026-09-17 09:39:54,042 INFO "POST /v1/chat/completions HTTP/1.1" 200 -
2026-09-17 09:39:54,639 INFO "POST /v1/chat/completions HTTP/1.1" 200 -
2026-09-17 09:39:55,237 INFO "POST /v1/chat/completions HTTP/1.1" 200 -
2026-09-17 09:39:55,799 INFO "POST /v1/chat/completions HTTP/1.1" 200 -
2026-09-17 09:39:56,358 INFO "POST /v1/chat/completions HTTP/1.1" 200 -
2026-09-17 09:39:56,916 INFO "POST /v1/chat/completions HTTP/1.1" 200 -
2026-09-17 09:39:57,513 INFO "POST /v1/chat/completions HTTP/1.1" 200 -
2026-09-17 09:39:58,077 INFO "POST /v1/chat/completions HTTP/1.1" 200 -
2026-09-17 09:39:58,637 INFO "POST /v1/chat/completions HTTP/1.1" 200 -
2026-09-17 09:39:59,199 INFO "POST /v1/chat/completions HTTP/1.1" 200 -
2026-09-17 09:39:59,795 INFO "POST /v1/chat/completions HTTP/1.1" 200 -
2026-09-17 09:40:00,359 INFO "POST /v1/chat/completions HTTP/1.1" 200 -
2026-09-17 09:40:00,920 INFO "POST /v1/chat/completions HTTP/1.1" 200 -
2026-09-17 09:40:01,484 INFO "POST /v1/chat/completions HTTP/1.1" 200 -
2026-09-17 09:40:02,084 INFO "POST /v1/chat/completions HTTP/1.1" 200 -
2026-09-17 09:40:02,687 INFO "POST /v1/chat/completions HTTP/1.1" 200 -
2026-09-17 09:40:03,292 INFO "POST /v1/chat/completions HTTP/1.1" 200 -
2026-09-17 09:40:03,892 INFO "POST /v1/chat/completions HTTP/1.1" 200 -
2026-09-17 09:40:06,633 INFO "POST /v1/chat/completions HTTP/1.1" 200 -
2026-09-17 09:40:06,633 INFO "POST /v1/chat/completions HTTP/1.1" 200 -
2026-09-17 09:40:06,688 INFO "POST /v1/chat/completions HTTP/1.1" 200 -
2026-09-17 09:40:06,688 INFO "POST /v1/chat/completions HTTP/1.1" 200 -
2026-09-17 09:40:06,735 INFO "POST /v1/chat/completions HTTP/1.1" 200 -
2026-09-17 09:40:06,784 INFO "POST /v1/chat/completions HTTP/1.1" 200 -
2026-09-17 09:40:06,784 INFO "POST /v1/chat/completions HTTP/1.1" 200 -
2026-09-17 09:40:06,829 INFO "POST /v1/chat/completions HTTP/1.1" 200 -
2026-09-17 09:40:06,829 INFO "POST /v1/chat/completions HTTP/1.1" 200 -
2026-09-17 09:40:06,865 INFO "POST /v1/chat/completions HTTP/1.1" 200 -
2026-09-17 09:40:06,902 INFO "POST /v1/chat/completions HTTP/1.1" 200 -
2026-09-17 09:40:06,902 INFO "POST /v1/chat/completions HTTP/1.1" 200 -
2026-09-17 09:40:06,932 INFO "POST /v1/chat/completions HTTP/1.1" 200 -
2026-09-17 09:40:06,961 INFO "POST /v1/chat/completions HTTP/1.1" 200 -
2026-09-17 09:40:06,965 INFO "POST /v1/chat/completions HTTP/1.1" 200 -
2026-09-17 09:40:06,989 INFO "POST /v1/chat/completions HTTP/1.1" 200 -
2026-09-17 09:40:06,993 INFO "POST /v1/chat/completions HTTP/1.1" 200 -
2026-09-17 09:40:07,018 INFO "POST /v1/chat/completions HTTP/1.1" 200 -
2026-09-17 09:40:07,018 INFO "POST /v1/chat/completions HTTP/1.1" 200 -
2026-09-17 09:40:07,040 INFO "POST /v1/chat/completions HTTP/1.1" 200 -
2026-09-17 09:40:07,042 INFO "GET /v1/status HTTP/1.1" 200 -
2026-09-17 09:40:07,097 INFO "GET /v1/status HTTP/1.1" 200 -
2026-09-17 09:40:07,157 INFO "GET /v1/status HTTP/1.1" 200 -
2026-09-17 09:40:07,219 INFO "GET /v1/status HTTP/1.1" 200 -
2026-09-17 09:40:07,282 INFO "GET /v1/status HTTP/1.1" 200 -
2026-09-17 09:40:07,338 INFO "GET /v1/status HTTP/1.1" 200 -
2026-09-17 09:40:07,394 INFO "GET /v1/status HTTP/1.1" 200 -
2026-09-17 09:40:07,427 INFO "GET /v1/status HTTP/1.1" 200 -
2026-09-17 09:40:08,044 INFO "POST /v1/chat/completions HTTP/1.1" 200 -
2026-09-17 09:40:08,612 INFO "POST /v1/chat/completions HTTP/1.1" 200 -
2026-09-17 09:40:09,204 INFO "POST /v1/chat/completions HTTP/1.1" 200 -
2026-09-17 09:40:09,770 INFO "POST /v1/chat/completions HTTP/1.1" 200 -
2026-09-17 09:40:10,337 INFO "POST /v1/chat/completions HTTP/1.1" 200 -
2026-09-17 09:40:10,931 INFO "POST /v1/chat/completions HTTP/1.1" 200 -
2026-09-17 09:40:11,496 INFO "POST /v1/chat/completions HTTP/1.1" 200 -
2026-09-17 09:40:12,053 INFO "POST /v1/chat/completions HTTP/1.1" 200 -
2026-09-17 09:40:12,656 INFO "POST /v1/chat/completions HTTP/1.1" 200 -
2026-09-17 09:40:13,215 INFO "POST /v1/chat/completions HTTP/1.1" 200 -
2026-09-17 09:40:13,778 INFO "POST /v1/chat/completions HTTP/1.1" 200 -
2026-09-17 09:40:14,339 INFO "POST /v1/chat/completions HTTP/1.1" 200 -
2026-09-17 09:40:14,902 INFO "POST /v1/chat/completions HTTP/1.1" 200 -
2026-09-17 09:40:15,505 INFO "POST /v1/chat/completions HTTP/1.1" 200 -
2026-09-17 09:40:16,105 INFO "POST /v1/chat/completions HTTP/1.1" 200 -
2026-09-17 09:40:16,709 INFO "POST /v1/chat/completions HTTP/1.1" 200 -
2026-09-17 09:40:17,312 INFO "POST /v1/chat/completions HTTP/1.1" 200 -
2026-09-17 09:40:17,917 INFO "POST /v1/chat/completions HTTP/1.1" 200 -
2026-09-17 09:40:18,518 INFO "POST /v1/chat/completions HTTP/1.1" 200 -
2026-09-17 09:40:19,121 INFO "POST /v1/chat/completions HTTP/1.1" 200 -
2026-09-17 09:40:21,808 INFO "POST /v1/chat/completions HTTP/1.1" 200 -
2026-09-17 09:40:21,813 INFO "POST /v1/chat/completions HTTP/1.1" 200 -
2026-09-17 09:40:21,863 INFO "POST /v1/chat/completions HTTP/1.1" 200 -
2026-09-17 09:40:21,916 INFO "POST /v1/chat/completions HTTP/1.1" 200 -
2026-09-17 09:40:21,916 INFO "POST /v1/chat/completions HTTP/1.1" 200 -
2026-09-17 09:40:21,964 INFO "POST /v1/chat/completions HTTP/1.1" 200 -
2026-09-17 09:40:21,965 INFO "POST /v1/chat/completions HTTP/1.1" 200 -
2026-09-17 09:40:22,007 INFO "POST /v1/chat/completions HTTP/1.1" 200 -
2026-09-17 09:40:22,011 INFO "POST /v1/chat/completions HTTP/1.1" 200 -
2026-09-17 09:40:22,053 INFO "POST /v1/chat/completions HTTP/1.1" 200 -
2026-09-17 09:40:22,053 INFO "POST /v1/chat/completions HTTP/1.1" 200 -
2026-09-17 09:40:22,092 INFO "POST /v1/chat/completions HTTP/1.1" 200 -
2026-09-17 09:40:22,092 INFO "POST /v1/chat/completions HTTP/1.1" 200 -
2026-09-17 09:40:22,121 INFO "POST /v1/chat/completions HTTP/1.1" 200 -
2026-09-17 09:40:22,153 INFO "POST /v1/chat/completions HTTP/1.1" 200 -
2026-09-17 09:40:22,153 INFO "POST /v1/chat/completions HTTP/1.1" 200 -
2026-09-17 09:40:22,177 INFO "POST /v1/chat/completions HTTP/1.1" 200 -
2026-09-17 09:40:22,180 INFO "POST /v1/chat/completions HTTP/1.1" 200 -
2026-09-17 09:40:22,210 INFO "POST /v1/chat/completions HTTP/1.1" 200 -
2026-09-17 09:40:22,213 INFO "POST /v1/chat/completions HTTP/1.1" 200 -
2026-09-17 09:40:22,214 INFO "GET /v1/status HTTP/1.1" 200 -
2026-09-17 09:40:22,274 INFO "GET /v1/status HTTP/1.1" 200 -
2026-09-17 09:40:22,334 INFO "GET /v1/status HTTP/1.1" 200 -
2026-09-17 09:40:22,391 INFO "GET /v1/status HTTP/1.1" 200 -
2026-09-17 09:40:22,448 INFO "GET /v1/status HTTP/1.1" 200 -
2026-09-17 09:40:22,510 INFO "GET /v1/status HTTP/1.1" 200 -
2026-09-17 09:40:22,563 INFO "GET /v1/status HTTP/1.1" 200 -
2026-09-17 09:40:22,598 INFO "GET /v1/status HTTP/1.1" 200 -
2026-09-17 09:40:23,229 INFO "POST /v1/chat/completions HTTP/1.1" 200 -
2026-09-17 09:40:23,798 INFO "POST /v1/chat/completions HTTP/1.1" 200 -
2026-09-17 09:40:24,382 INFO "POST /v1/chat/completions HTTP/1.1" 200 -
2026-09-17 09:40:24,945 INFO "POST /v1/chat/completions HTTP/1.1" 200 -
2026-09-17 09:40:25,512 INFO "POST /v1/chat/completions HTTP/1.1" 200 -
2026-09-17 09:40:26,077 INFO "POST /v1/chat/completions HTTP/1.1" 200 -
2026-09-17 09:40:26,683 INFO "POST /v1/chat/completions HTTP/1.1" 200 -
2026-09-17 09:40:27,281 INFO "POST /v1/chat/completions HTTP/1.1" 200 -
2026-09-17 09:40:27,848 INFO "POST /v1/chat/completions HTTP/1.1" 200 -
2026-09-17 09:40:28,408 INFO "POST /v1/chat/completions HTTP/1.1" 200 -
2026-09-17 09:40:28,971 INFO "POST /v1/chat/completions HTTP/1.1" 200 -
2026-09-17 09:40:29,537 INFO "POST /v1/chat/completions HTTP/1.1" 200 -
2026-09-17 09:40:30,145 INFO "POST /v1/chat/completions HTTP/1.1" 200 -
2026-09-17 09:40:30,754 INFO "POST /v1/chat/completions HTTP/1.1" 200 -
2026-09-17 09:40:31,358 INFO "POST /v1/chat/completions HTTP/1.1" 200 -
2026-09-17 09:40:31,920 INFO "POST /v1/chat/completions HTTP/1.1" 200 -
2026-09-17 09:40:32,529 INFO "POST /v1/chat/completions HTTP/1.1" 200 -
2026-09-17 09:40:33,130 INFO "POST /v1/chat/completions HTTP/1.1" 200 -
2026-09-17 09:40:33,738 INFO "POST /v1/chat/completions HTTP/1.1" 200 -
2026-09-17 09:40:34,342 INFO "POST /v1/chat/completions HTTP/1.1" 200 -
2026-09-17 09:40:37,512 INFO "POST /v1/chat/completions HTTP/1.1" 200 -
2026-09-17 09:40:37,576 INFO "POST /v1/chat/completions HTTP/1.1" 200 -
2026-09-17 09:40:37,576 INFO "POST /v1/chat/completions HTTP/1.1" 200 -
2026-09-17 09:40:37,634 INFO "POST /v1/chat/completions HTTP/1.1" 200 -
2026-09-17 09:40:37,634 INFO "POST /v1/chat/completions HTTP/1.1" 200 -
2026-09-17 09:40:37,684 INFO "POST /v1/chat/completions HTTP/1.1" 200 -
2026-09-17 09:40:37,684 INFO "POST /v1/chat/completions HTTP/1.1" 200 -
2026-09-17 09:40:37,736 INFO "POST /v1/chat/completions HTTP/1.1" 200 -
2026-09-17 09:40:37,736 INFO "POST /v1/chat/completions HTTP/1.1" 200 -
2026-09-17 09:40:37,781 INFO "POST /v1/chat/completions HTTP/1.1" 200 -
2026-09-17 09:40:37,781 INFO "POST /v1/chat/completions HTTP/1.1" 200 -
2026-09-17 09:40:37,817 INFO "POST /v1/chat/completions HTTP/1.1" 200 -
2026-09-17 09:40:37,850 INFO "POST /v1/chat/completions HTTP/1.1" 200 -
2026-09-17 09:40:37,885 INFO "POST /v1/chat/completions HTTP/1.1" 200 -
2026-09-17 09:40:37,885 INFO "POST /v1/chat/completions HTTP/1.1" 200 -
2026-09-17 09:40:37,912 INFO "POST /v1/chat/completions HTTP/1.1" 200 -
2026-09-17 09:40:37,941 INFO "POST /v1/chat/completions HTTP/1.1" 200 -
2026-09-17 09:40:37,941 INFO "POST /v1/chat/completions HTTP/1.1" 200 -
2026-09-17 09:40:37,960 INFO "POST /v1/chat/completions HTTP/1.1" 200 -
2026-09-17 09:40:37,960 INFO "POST /v1/chat/completions HTTP/1.1" 200 -
2026-09-17 09:40:37,962 INFO "GET /v1/status HTTP/1.1" 200 -
2026-09-17 09:40:38,018 INFO "GET /v1/status HTTP/1.1" 200 -
2026-09-17 09:40:38,076 INFO "GET /v1/status HTTP/1.1" 200 -
2026-09-17 09:40:38,133 INFO "GET /v1/status HTTP/1.1" 200 -
2026-09-17 09:40:38,190 INFO "GET /v1/status HTTP/1.1" 200 -
2026-09-17 09:40:38,245 INFO "GET /v1/status HTTP/1.1" 200 -
2026-09-17 09:40:38,305 INFO "GET /v1/status HTTP/1.1" 200 -
2026-09-17 09:40:38,364 INFO "GET /v1/status HTTP/1.1" 200 -
2026-09-17 09:40:38,419 INFO "GET /v1/status HTTP/1.1" 200 -
2026-09-17 09:40:38,478 INFO "GET /v1/status HTTP/1.1" 200 -
2026-09-17 09:40:38,536 INFO "GET /v1/status HTTP/1.1" 200 -
2026-09-17 09:40:38,592 INFO "GET /v1/status HTTP/1.1" 200 -
2026-09-17 09:40:38,647 INFO "GET /v1/status HTTP/1.1" 200 -
2026-09-17 09:40:38,702 INFO "GET /v1/status HTTP/1.1" 200 -
2026-09-17 09:40:38,761 INFO "GET /v1/status HTTP/1.1" 200 -
2026-09-17 09:40:38,816 INFO "GET /v1/status HTTP/1.1" 200 -
2026-09-17 09:40:38,851 INFO "GET /v1/status HTTP/1.1" 200 -
2026-09-17 09:40:39,470 INFO "POST /v1/chat/completions HTTP/1.1" 200 -
2026-09-17 09:40:40,113 INFO "POST /v1/chat/completions HTTP/1.1" 200 -
2026-09-17 09:40:40,716 INFO "POST /v1/chat/completions HTTP/1.1" 200 -
2026-09-17 09:40:41,303 INFO "POST /v1/chat/completions HTTP/1.1" 200 -
2026-09-17 09:40:41,862 INFO "POST /v1/chat/completions HTTP/1.1" 200 -
2026-09-17 09:40:42,461 INFO "POST /v1/chat/completions HTTP/1.1" 200 -
2026-09-17 09:40:43,029 INFO "POST /v1/chat/completions HTTP/1.1" 200 -
2026-09-17 09:40:43,638 INFO "POST /v1/chat/completions HTTP/1.1" 200 -
2026-09-17 09:40:44,201 INFO "POST /v1/chat/completions HTTP/1.1" 200 -
2026-09-17 09:40:44,833 INFO "POST /v1/chat/completions HTTP/1.1" 200 -
2026-09-17 09:40:45,404 INFO "POST /v1/chat/completions HTTP/1.1" 200 -
2026-09-17 09:40:46,002 INFO "POST /v1/chat/completions HTTP/1.1" 200 -
2026-09-17 09:40:46,598 INFO "POST /v1/chat/completions HTTP/1.1" 200 -
2026-09-17 09:40:47,196 INFO "POST /v1/chat/completions HTTP/1.1" 200 -
2026-09-17 09:40:47,839 INFO "POST /v1/chat/completions HTTP/1.1" 200 -
2026-09-17 09:40:48,442 INFO "POST /v1/chat/completions HTTP/1.1" 200 -
2026-09-17 09:40:49,055 INFO "POST /v1/chat/completions HTTP/1.1" 200 -
2026-09-17 09:40:49,663 INFO "POST /v1/chat/completions HTTP/1.1" 200 -
2026-09-17 09:40:50,279 INFO "POST /v1/chat/completions HTTP/1.1" 200 -
2026-09-17 09:40:50,944 INFO "POST /v1/chat/completions HTTP/1.1" 200 -
2026-09-17 09:40:54,214 INFO "POST /v1/chat/completions HTTP/1.1" 200 -
2026-09-17 09:40:54,277 INFO "POST /v1/chat/completions HTTP/1.1" 200 -
2026-09-17 09:40:54,277 INFO "POST /v1/chat/completions HTTP/1.1" 200 -
2026-09-17 09:40:54,334 INFO "POST /v1/chat/completions HTTP/1.1" 200 -
2026-09-17 09:40:54,335 INFO "POST /v1/chat/completions HTTP/1.1" 200 -
2026-09-17 09:40:54,387 INFO "POST /v1/chat/completions HTTP/1.1" 200 -
2026-09-17 09:40:54,387 INFO "POST /v1/chat/completions HTTP/1.1" 200 -
2026-09-17 09:40:54,436 INFO "POST /v1/chat/completions HTTP/1.1" 200 -
2026-09-17 09:40:54,436 INFO "POST /v1/chat/completions HTTP/1.1" 200 -
2026-09-17 09:40:54,479 INFO "POST /v1/chat/completions HTTP/1.1" 200 -
2026-09-17 09:40:54,479 INFO "POST /v1/chat/completions HTTP/1.1" 200 -
2026-09-17 09:40:54,514 INFO "POST /v1/chat/completions HTTP/1.1" 200 -
2026-09-17 09:40:54,550 INFO "POST /v1/chat/completions HTTP/1.1" 200 -
2026-09-17 09:40:54,550 INFO "POST /v1/chat/completions HTTP/1.1" 200 -
2026-09-17 09:40:54,603 INFO "POST /v1/chat/completions HTTP/1.1" 200 -
2026-09-17 09:40:54,603 INFO "POST /v1/chat/completions HTTP/1.1" 200 -
2026-09-17 09:40:54,628 INFO "POST /v1/chat/completions HTTP/1.1" 200 -
2026-09-17 09:40:54,632 INFO "POST /v1/chat/completions HTTP/1.1" 200 -
2026-09-17 09:40:54,649 INFO "POST /v1/chat/completions HTTP/1.1" 200 -
2026-09-17 09:40:54,651 INFO "POST /v1/chat/completions HTTP/1.1" 200 -
2026-09-17 09:40:54,652 INFO "GET /v1/status HTTP/1.1" 200 -
2026-09-17 09:40:54,709 INFO "GET /v1/status HTTP/1.1" 200 -
2026-09-17 09:40:54,764 INFO "GET /v1/status HTTP/1.1" 200 -
2026-09-17 09:40:54,821 INFO "GET /v1/status HTTP/1.1" 200 -
2026-09-17 09:40:54,874 INFO "GET /v1/status HTTP/1.1" 200 -
2026-09-17 09:40:54,927 INFO "GET /v1/status HTTP/1.1" 200 -
2026-09-17 09:40:54,961 INFO "GET /v1/status HTTP/1.1" 200 -
2026-09-17 09:40:55,528 INFO "POST /v1/chat/completions HTTP/1.1" 200 -
2026-09-17 09:40:56,087 INFO "POST /v1/chat/completions HTTP/1.1" 200 -
2026-09-17 09:40:56,687 INFO "POST /v1/chat/completions HTTP/1.1" 200 -
2026-09-17 09:40:57,312 INFO "POST /v1/chat/completions HTTP/1.1" 200 -
2026-09-17 09:40:57,888 INFO "POST /v1/chat/completions HTTP/1.1" 200 -
2026-09-17 09:40:58,452 INFO "POST /v1/chat/completions HTTP/1.1" 200 -
2026-09-17 09:40:59,017 INFO "POST /v1/chat/completions HTTP/1.1" 200 -
2026-09-17 09:40:59,577 INFO "POST /v1/chat/completions HTTP/1.1" 200 -
2026-09-17 09:41:00,167 INFO "POST /v1/chat/completions HTTP/1.1" 200 -
2026-09-17 09:41:00,754 INFO "POST /v1/chat/completions HTTP/1.1" 200 -
2026-09-17 09:41:01,372 INFO "POST /v1/chat/completions HTTP/1.1" 200 -
2026-09-17 09:41:01,982 INFO "POST /v1/chat/completions HTTP/1.1" 200 -
2026-09-17 09:41:02,551 INFO "POST /v1/chat/completions HTTP/1.1" 200 -
2026-09-17 09:41:03,118 INFO "POST /v1/chat/completions HTTP/1.1" 200 -
2026-09-17 09:41:03,734 INFO "POST /v1/chat/completions HTTP/1.1" 200 -
2026-09-17 09:41:04,302 INFO "POST /v1/chat/completions HTTP/1.1" 200 -
2026-09-17 09:41:04,913 INFO "POST /v1/chat/completions HTTP/1.1" 200 -
2026-09-17 09:41:05,526 INFO "POST /v1/chat/completions HTTP/1.1" 200 -
2026-09-17 09:41:06,138 INFO "POST /v1/chat/completions HTTP/1.1" 200 -
2026-09-17 09:41:06,748 INFO "POST /v1/chat/completions HTTP/1.1" 200 -
2026-09-17 09:41:09,996 INFO "POST /v1/chat/completions HTTP/1.1" 200 -
2026-09-17 09:41:09,996 INFO "POST /v1/chat/completions HTTP/1.1" 200 -
2026-09-17 09:41:10,049 INFO "POST /v1/chat/completions HTTP/1.1" 200 -
2026-09-17 09:41:10,109 INFO "POST /v1/chat/completions HTTP/1.1" 200 -
2026-09-17 09:41:10,109 INFO "POST /v1/chat/completions HTTP/1.1" 200 -
2026-09-17 09:41:10,164 INFO "POST /v1/chat/completions HTTP/1.1" 200 -
2026-09-17 09:41:10,164 INFO "POST /v1/chat/completions HTTP/1.1" 200 -
2026-09-17 09:41:10,212 INFO "POST /v1/chat/completions HTTP/1.1" 200 -
2026-09-17 09:41:10,260 INFO "POST /v1/chat/completions HTTP/1.1" 200 -
2026-09-17 09:41:10,260 INFO "POST /v1/chat/completions HTTP/1.1" 200 -
2026-09-17 09:41:10,300 INFO "POST /v1/chat/completions HTTP/1.1" 200 -
2026-09-17 09:41:10,300 INFO "POST /v1/chat/completions HTTP/1.1" 200 -
2026-09-17 09:41:10,333 INFO "POST /v1/chat/completions HTTP/1.1" 200 -
2026-09-17 09:41:10,364 INFO "POST /v1/chat/completions HTTP/1.1" 200 -
2026-09-17 09:41:10,396 INFO "POST /v1/chat/completions HTTP/1.1" 200 -
2026-09-17 09:41:10,396 INFO "POST /v1/chat/completions HTTP/1.1" 200 -
2026-09-17 09:41:10,424 INFO "POST /v1/chat/completions HTTP/1.1" 200 -
2026-09-17 09:41:10,424 INFO "POST /v1/chat/completions HTTP/1.1" 200 -
2026-09-17 09:41:10,444 INFO "POST /v1/chat/completions HTTP/1.1" 200 -
2026-09-17 09:41:10,444 INFO "POST /v1/chat/completions HTTP/1.1" 200 -
2026-09-17 09:41:10,446 INFO "GET /v1/status HTTP/1.1" 200 -
2026-09-17 09:41:10,502 INFO "GET /v1/status HTTP/1.1" 200 -
2026-09-17 09:41:10,557 INFO "GET /v1/status HTTP/1.1" 200 -
2026-09-17 09:41:10,614 INFO "GET /v1/status HTTP/1.1" 200 -
2026-09-17 09:41:10,669 INFO "GET /v1/status HTTP/1.1" 200 -
2026-09-17 09:41:10,724 INFO "GET /v1/status HTTP/1.1" 200 -
2026-09-17 09:41:10,783 INFO "GET /v1/status HTTP/1.1" 200 -
2026-09-17 09:41:10,841 INFO "GET /v1/status HTTP/1.1" 200 -
2026-09-17 09:41:10,897 INFO "GET /v1/status HTTP/1.1" 200 -
2026-09-17 09:41:10,953 INFO "GET /v1/status HTTP/1.1" 200 -
2026-09-17 09:41:11,012 INFO "GET /v1/status HTTP/1.1" 200 -
2026-09-17 09:41:11,067 INFO "GET /v1/status HTTP/1.1" 200 -
2026-09-17 09:41:11,124 INFO "GET /v1/status HTTP/1.1" 200 -
2026-09-17 09:41:11,170 INFO "GET /v1/status HTTP/1.1" 200 -
2026-09-17 09:41:11,205 INFO "GET /v1/status HTTP/1.1" 200 -
2026-09-17 09:41:11,825 INFO "POST /v1/chat/completions HTTP/1.1" 200 -
2026-09-17 09:41:12,387 INFO "POST /v1/chat/completions HTTP/1.1" 200 -
2026-09-17 09:41:13,028 INFO "POST /v1/chat/completions HTTP/1.1" 200 -
2026-09-17 09:41:13,612 INFO "POST /v1/chat/completions HTTP/1.1" 200 -
2026-09-17 09:41:14,173 INFO "POST /v1/chat/completions HTTP/1.1" 200 -
2026-09-17 09:41:14,752 INFO "POST /v1/chat/completions HTTP/1.1" 200 -
2026-09-17 09:41:15,310 INFO "POST /v1/chat/completions HTTP/1.1" 200 -
2026-09-17 09:41:15,879 INFO "POST /v1/chat/completions HTTP/1.1" 200 -
2026-09-17 09:41:16,470 INFO "POST /v1/chat/completions HTTP/1.1" 200 -
2026-09-17 09:41:17,044 INFO "POST /v1/chat/completions HTTP/1.1" 200 -
2026-09-17 09:41:17,614 INFO "POST /v1/chat/completions HTTP/1.1" 200 -
2026-09-17 09:41:18,188 INFO "POST /v1/chat/completions HTTP/1.1" 200 -
2026-09-17 09:41:18,760 INFO "POST /v1/chat/completions HTTP/1.1" 200 -
2026-09-17 09:41:19,337 INFO "POST /v1/chat/completions HTTP/1.1" 200 -
2026-09-17 09:41:19,959 INFO "POST /v1/chat/completions HTTP/1.1" 200 -
2026-09-17 09:41:20,583 INFO "POST /v1/chat/completions HTTP/1.1" 200 -
2026-09-17 09:41:21,209 INFO "POST /v1/chat/completions HTTP/1.1" 200 -
2026-09-17 09:41:21,830 INFO "POST /v1/chat/completions HTTP/1.1" 200 -
2026-09-17 09:41:22,455 INFO "POST /v1/chat/completions HTTP/1.1" 200 -
2026-09-17 09:41:23,073 INFO "POST /v1/chat/completions HTTP/1.1" 200 -
2026-09-17 09:41:26,396 INFO "POST /v1/chat/completions HTTP/1.1" 200 -
2026-09-17 09:41:26,460 INFO "POST /v1/chat/completions HTTP/1.1" 200 -
2026-09-17 09:41:26,460 INFO "POST /v1/chat/completions HTTP/1.1" 200 -
2026-09-17 09:41:26,518 INFO "POST /v1/chat/completions HTTP/1.1" 200 -
2026-09-17 09:41:26,518 INFO "POST /v1/chat/completions HTTP/1.1" 200 -
2026-09-17 09:41:26,572 INFO "POST /v1/chat/completions HTTP/1.1" 200 -
2026-09-17 09:41:26,572 INFO "POST /v1/chat/completions HTTP/1.1" 200 -
2026-09-17 09:41:26,619 INFO "POST /v1/chat/completions HTTP/1.1" 200 -
2026-09-17 09:41:26,667 INFO "POST /v1/chat/completions HTTP/1.1" 200 -
2026-09-17 09:41:26,667 INFO "POST /v1/chat/completions HTTP/1.1" 200 -
2026-09-17 09:41:26,703 INFO "POST /v1/chat/completions HTTP/1.1" 200 -
2026-09-17 09:41:26,742 INFO "POST /v1/chat/completions HTTP/1.1" 200 -
2026-09-17 09:41:26,742 INFO "POST /v1/chat/completions HTTP/1.1" 200 -
2026-09-17 09:41:26,774 INFO "POST /v1/chat/completions HTTP/1.1" 200 -
2026-09-17 09:41:26,778 INFO "POST /v1/chat/completions HTTP/1.1" 200 -
2026-09-17 09:41:26,826 INFO "POST /v1/chat/completions HTTP/1.1" 200 -
2026-09-17 09:41:26,826 INFO "POST /v1/chat/completions HTTP/1.1" 200 -
2026-09-17 09:41:26,853 INFO "POST /v1/chat/completions HTTP/1.1" 200 -
2026-09-17 09:41:26,853 INFO "POST /v1/chat/completions HTTP/1.1" 200 -
2026-09-17 09:41:26,866 INFO "POST /v1/chat/completions HTTP/1.1" 200 -
2026-09-17 09:41:26,867 INFO "GET /v1/status HTTP/1.1" 200 -
2026-09-17 09:41:26,922 INFO "GET /v1/status HTTP/1.1" 200 -
2026-09-17 09:41:26,979 INFO "GET /v1/status HTTP/1.1" 200 -
2026-09-17 09:41:27,036 INFO "GET /v1/status HTTP/1.1" 200 -
2026-09-17 09:41:27,095 INFO "GET /v1/status HTTP/1.1" 200 -
2026-09-17 09:41:27,151 INFO "GET /v1/status HTTP/1.1" 200 -
2026-09-17 09:41:27,207 INFO "GET /v1/status HTTP/1.1" 200 -
2026-09-17 09:41:27,266 INFO "GET /v1/status HTTP/1.1" 200 -
2026-09-17 09:41:27,323 INFO "GET /v1/status HTTP/1.1" 200 -
2026-09-17 09:41:27,357 INFO "GET /v1/status HTTP/1.1" 200 -
2026-09-17 09:41:27,953 INFO "POST /v1/chat/completions HTTP/1.1" 200 -
2026-09-17 09:41:28,584 INFO "POST /v1/chat/completions HTTP/1.1" 200 -
2026-09-17 09:41:29,169 INFO "POST /v1/chat/completions HTTP/1.1" 200 -
2026-09-17 09:41:29,737 INFO "POST /v1/chat/completions HTTP/1.1" 200 -
2026-09-17 09:41:30,300 INFO "POST /v1/chat/completions HTTP/1.1" 200 -
2026-09-17 09:41:30,897 INFO "POST /v1/chat/completions HTTP/1.1" 200 -
2026-09-17 09:41:31,468 INFO "POST /v1/chat/completions HTTP/1.1" 200 -
2026-09-17 09:41:32,080 INFO "POST /v1/chat/completions HTTP/1.1" 200 -
2026-09-17 09:41:32,654 INFO "POST /v1/chat/completions HTTP/1.1" 200 -
2026-09-17 09:41:33,273 INFO "POST /v1/chat/completions HTTP/1.1" 200 -
2026-09-17 09:41:33,892 INFO "POST /v1/chat/completions HTTP/1.1" 200 -
2026-09-17 09:41:34,517 INFO "POST /v1/chat/completions HTTP/1.1" 200 -
2026-09-17 09:41:35,093 INFO "POST /v1/chat/completions HTTP/1.1" 200 -
2026-09-17 09:41:35,671 INFO "POST /v1/chat/completions HTTP/1.1" 200 -
2026-09-17 09:41:36,247 INFO "POST /v1/chat/completions HTTP/1.1" 200 -
2026-09-17 09:41:36,828 INFO "POST /v1/chat/completions HTTP/1.1" 200 -
2026-09-17 09:41:37,449 INFO "POST /v1/chat/completions HTTP/1.1" 200 -
2026-09-17 09:41:38,073 INFO "POST /v1/chat/completions HTTP/1.1" 200 -
2026-09-17 09:41:38,696 INFO "POST /v1/chat/completions HTTP/1.1" 200 -
2026-09-17 09:41:39,321 INFO "POST /v1/chat/completions HTTP/1.1" 200 -
2026-09-17 09:41:42,689 INFO "POST /v1/chat/completions HTTP/1.1" 200 -
2026-09-17 09:41:42,753 INFO "POST /v1/chat/completions HTTP/1.1" 200 -
2026-09-17 09:41:42,753 INFO "POST /v1/chat/completions HTTP/1.1" 200 -
2026-09-17 09:41:42,807 INFO "POST /v1/chat/completions HTTP/1.1" 200 -
2026-09-17 09:41:42,812 INFO "POST /v1/chat/completions HTTP/1.1" 200 -
2026-09-17 09:41:42,863 INFO "POST /v1/chat/completions HTTP/1.1" 200 -
2026-09-17 09:41:42,915 INFO "POST /v1/chat/completions HTTP/1.1" 200 -
2026-09-17 09:41:42,915 INFO "POST /v1/chat/completions HTTP/1.1" 200 -
2026-09-17 09:41:42,959 INFO "POST /v1/chat/completions HTTP/1.1" 200 -
2026-09-17 09:41:43,003 INFO "POST /v1/chat/completions HTTP/1.1" 200 -
2026-09-17 09:41:43,003 INFO "POST /v1/chat/completions HTTP/1.1" 200 -
2026-09-17 09:41:43,037 INFO "POST /v1/chat/completions HTTP/1.1" 200 -
2026-09-17 09:41:43,074 INFO "POST /v1/chat/completions HTTP/1.1" 200 -
2026-09-17 09:41:43,074 INFO "POST /v1/chat/completions HTTP/1.1" 200 -
2026-09-17 09:41:43,106 INFO "POST /v1/chat/completions HTTP/1.1" 200 -
2026-09-17 09:41:43,107 INFO "POST /v1/chat/completions HTTP/1.1" 200 -
2026-09-17 09:41:43,130 INFO "POST /v1/chat/completions HTTP/1.1" 200 -
2026-09-17 09:41:43,155 INFO "POST /v1/chat/completions HTTP/1.1" 200 -
2026-09-17 09:41:43,156 INFO "POST /v1/chat/completions HTTP/1.1" 200 -
2026-09-17 09:41:43,168 INFO "POST /v1/chat/completions HTTP/1.1" 200 -
2026-09-17 09:41:43,170 INFO "GET /v1/status HTTP/1.1" 200 -
2026-09-17 09:41:43,226 INFO "GET /v1/status HTTP/1.1" 200 -
2026-09-17 09:41:43,278 INFO "GET /v1/status HTTP/1.1" 200 -
2026-09-17 09:41:43,335 INFO "GET /v1/status HTTP/1.1" 200 -
2026-09-17 09:41:43,390 INFO "GET /v1/status HTTP/1.1" 200 -
2026-09-17 09:41:43,440 INFO "GET /v1/status HTTP/1.1" 200 -
2026-09-17 09:41:43,475 INFO "GET /v1/status HTTP/1.1" 200 -
2026-09-17 09:41:44,105 INFO "POST /v1/chat/completions HTTP/1.1" 200 -
2026-09-17 09:41:44,677 INFO "POST /v1/chat/completions HTTP/1.1" 200 -
2026-09-17 09:41:45,260 INFO "POST /v1/chat/completions HTTP/1.1" 200 -
2026-09-17 09:41:45,827 INFO "POST /v1/chat/completions HTTP/1.1" 200 -
2026-09-17 09:41:46,393 INFO "POST /v1/chat/completions HTTP/1.1" 200 -
2026-09-17 09:41:46,962 INFO "POST /v1/chat/completions HTTP/1.1" 200 -
2026-09-17 09:41:47,546 INFO "POST /v1/chat/completions HTTP/1.1" 200 -
2026-09-17 09:41:48,127 INFO "POST /v1/chat/completions HTTP/1.1" 200 -
2026-09-17 09:41:48,717 INFO "POST /v1/chat/completions HTTP/1.1" 200 -
2026-09-17 09:41:49,297 INFO "POST /v1/chat/completions HTTP/1.1" 200 -
2026-09-17 09:41:49,939 INFO "POST /v1/chat/completions HTTP/1.1" 200 -
2026-09-17 09:41:50,568 INFO "POST /v1/chat/completions HTTP/1.1" 200 -
2026-09-17 09:41:51,194 INFO "POST /v1/chat/completions HTTP/1.1" 200 -
2026-09-17 09:41:51,821 INFO "POST /v1/chat/completions HTTP/1.1" 200 -
2026-09-17 09:41:52,447 INFO "POST /v1/chat/completions HTTP/1.1" 200 -
2026-09-17 09:41:53,064 INFO "POST /v1/chat/completions HTTP/1.1" 200 -
2026-09-17 09:41:53,688 INFO "POST /v1/chat/completions HTTP/1.1" 200 -
2026-09-17 09:41:54,306 INFO "POST /v1/chat/completions HTTP/1.1" 200 -
2026-09-17 09:41:54,938 INFO "POST /v1/chat/completions HTTP/1.1" 200 -
2026-09-17 09:41:55,578 INFO "POST /v1/chat/completions HTTP/1.1" 200 -
2026-09-17 09:41:58,874 INFO "POST /v1/chat/completions HTTP/1.1" 200 -
2026-09-17 09:41:58,878 INFO "POST /v1/chat/completions HTTP/1.1" 200 -
2026-09-17 09:41:58,939 INFO "POST /v1/chat/completions HTTP/1.1" 200 -
2026-09-17 09:41:58,939 INFO "POST /v1/chat/completions HTTP/1.1" 200 -
2026-09-17 09:41:58,992 INFO "POST /v1/chat/completions HTTP/1.1" 200 -
2026-09-17 09:41:59,046 INFO "POST /v1/chat/completions HTTP/1.1" 200 -
2026-09-17 09:41:59,046 INFO "POST /v1/chat/completions HTTP/1.1" 200 -
2026-09-17 09:41:59,096 INFO "POST /v1/chat/completions HTTP/1.1" 200 -
2026-09-17 09:41:59,097 INFO "POST /v1/chat/completions HTTP/1.1" 200 -
2026-09-17 09:41:59,141 INFO "POST /v1/chat/completions HTTP/1.1" 200 -
2026-09-17 09:41:59,141 INFO "POST /v1/chat/completions HTTP/1.1" 200 -
2026-09-17 09:41:59,181 INFO "POST /v1/chat/completions HTTP/1.1" 200 -
2026-09-17 09:41:59,181 INFO "POST /v1/chat/completions HTTP/1.1" 200 -
2026-09-17 09:41:59,213 INFO "POST /v1/chat/completions HTTP/1.1" 200 -
2026-09-17 09:41:59,243 INFO "POST /v1/chat/completions HTTP/1.1" 200 -
2026-09-17 09:41:59,270 INFO "POST /v1/chat/completions HTTP/1.1" 200 -
2026-09-17 09:41:59,275 INFO "POST /v1/chat/completions HTTP/1.1" 200 -
2026-09-17 09:41:59,297 INFO "POST /v1/chat/completions HTTP/1.1" 200 -
2026-09-17 09:41:59,316 INFO "POST /v1/chat/completions HTTP/1.1" 200 -
2026-09-17 09:41:59,317 INFO "POST /v1/chat/completions HTTP/1.1" 200 -
2026-09-17 09:41:59,318 INFO "GET /v1/status HTTP/1.1" 200 -
2026-09-17 09:41:59,375 INFO "GET /v1/status HTTP/1.1" 200 -
2026-09-17 09:41:59,430 INFO "GET /v1/status HTTP/1.1" 200 -
2026-09-17 09:41:59,488 INFO "GET /v1/status HTTP/1.1" 200 -
2026-09-17 09:41:59,545 INFO "GET /v1/status HTTP/1.1" 200 -
2026-09-17 09:41:59,597 INFO "GET /v1/status HTTP/1.1" 200 -
2026-09-17 09:41:59,631 INFO "GET /v1/status HTTP/1.1" 200 -
2026-09-17 09:42:00,210 INFO "POST /v1/chat/completions HTTP/1.1" 200 -
2026-09-17 09:42:00,874 INFO "POST /v1/chat/completions HTTP/1.1" 200 -
2026-09-17 09:42:01,520 INFO "POST /v1/chat/completions HTTP/1.1" 200 -
2026-09-17 09:42:02,099 INFO "POST /v1/chat/completions HTTP/1.1" 200 -
2026-09-17 09:42:02,660 INFO "POST /v1/chat/completions HTTP/1.1" 200 -
2026-09-17 09:42:03,279 INFO "POST /v1/chat/completions HTTP/1.1" 200 -
2026-09-17 09:42:03,873 INFO "POST /v1/chat/completions HTTP/1.1" 200 -
2026-09-17 09:42:04,474 INFO "POST /v1/chat/completions HTTP/1.1" 200 -
2026-09-17 09:42:05,031 INFO "POST /v1/chat/completions HTTP/1.1" 200 -
2026-09-17 09:42:05,595 INFO "POST /v1/chat/completions HTTP/1.1" 200 -
2026-09-17 09:42:06,156 INFO "POST /v1/chat/completions HTTP/1.1" 200 -
2026-09-17 09:42:06,765 INFO "POST /v1/chat/completions HTTP/1.1" 200 -
2026-09-17 09:42:07,372 INFO "POST /v1/chat/completions HTTP/1.1" 200 -
2026-09-17 09:42:07,988 INFO "POST /v1/chat/completions HTTP/1.1" 200 -
2026-09-17 09:42:08,552 INFO "POST /v1/chat/completions HTTP/1.1" 200 -
2026-09-17 09:42:09,161 INFO "POST /v1/chat/completions HTTP/1.1" 200 -
2026-09-17 09:42:09,769 INFO "POST /v1/chat/completions HTTP/1.1" 200 -
2026-09-17 09:42:10,382 INFO "POST /v1/chat/completions HTTP/1.1" 200 -
2026-09-17 09:42:10,986 INFO "POST /v1/chat/completions HTTP/1.1" 200 -
2026-09-17 09:42:11,595 INFO "POST /v1/chat/completions HTTP/1.1" 200 -
2026-09-17 09:42:14,861 INFO "POST /v1/chat/completions HTTP/1.1" 200 -
2026-09-17 09:42:14,861 INFO "POST /v1/chat/completions HTTP/1.1" 200 -
2026-09-17 09:42:14,923 INFO "POST /v1/chat/completions HTTP/1.1" 200 -
2026-09-17 09:42:14,923 INFO "POST /v1/chat/completions HTTP/1.1" 200 -
2026-09-17 09:42:14,974 INFO "POST /v1/chat/completions HTTP/1.1" 200 -
2026-09-17 09:42:15,024 INFO "POST /v1/chat/completions HTTP/1.1" 200 -
2026-09-17 09:42:15,028 INFO "POST /v1/chat/completions HTTP/1.1" 200 -
2026-09-17 09:42:15,073 INFO "POST /v1/chat/completions HTTP/1.1" 200 -
2026-09-17 09:42:15,120 INFO "POST /v1/chat/completions HTTP/1.1" 200 -
2026-09-17 09:42:15,120 INFO "POST /v1/chat/completions HTTP/1.1" 200 -
2026-09-17 09:42:15,161 INFO "POST /v1/chat/completions HTTP/1.1" 200 -
2026-09-17 09:42:15,161 INFO "POST /v1/chat/completions HTTP/1.1" 200 -
2026-09-17 09:42:15,194 INFO "POST /v1/chat/completions HTTP/1.1" 200 -
2026-09-17 09:42:15,197 INFO "POST /v1/chat/completions HTTP/1.1" 200 -
2026-09-17 09:42:15,230 INFO "POST /v1/chat/completions HTTP/1.1" 200 -
2026-09-17 09:42:15,230 INFO "POST /v1/chat/completions HTTP/1.1" 200 -
2026-09-17 09:42:15,254 INFO "POST /v1/chat/completions HTTP/1.1" 200 -
2026-09-17 09:42:15,280 INFO "POST /v1/chat/completions HTTP/1.1" 200 -
2026-09-17 09:42:15,280 INFO "POST /v1/chat/completions HTTP/1.1" 200 -
2026-09-17 09:42:15,303 INFO "POST /v1/chat/completions HTTP/1.1" 200 -
2026-09-17 09:42:15,304 INFO "GET /v1/status HTTP/1.1" 200 -
2026-09-17 09:42:15,361 INFO "GET /v1/status HTTP/1.1" 200 -
2026-09-17 09:42:15,418 INFO "GET /v1/status HTTP/1.1" 200 -
2026-09-17 09:42:15,473 INFO "GET /v1/status HTTP/1.1" 200 -
2026-09-17 09:42:15,531 INFO "GET /v1/status HTTP/1.1" 200 -
2026-09-17 09:42:15,586 INFO "GET /v1/status HTTP/1.1" 200 -
2026-09-17 09:42:15,640 INFO "GET /v1/status HTTP/1.1" 200 -
2026-09-17 09:42:15,696 INFO "GET /v1/status HTTP/1.1" 200 -
2026-09-17 09:42:15,747 INFO "GET /v1/status HTTP/1.1" 200 -
2026-09-17 09:42:15,781 INFO "GET /v1/status HTTP/1.1" 200 -
2026-09-17 09:42:16,381 INFO "POST /v1/chat/completions HTTP/1.1" 200 -
2026-09-17 09:42:16,999 INFO "POST /v1/chat/completions HTTP/1.1" 200 -
2026-09-17 09:42:17,637 INFO "POST /v1/chat/completions HTTP/1.1" 200 -
2026-09-17 09:42:18,212 INFO "POST /v1/chat/completions HTTP/1.1" 200 -
2026-09-17 09:42:18,801 INFO "POST /v1/chat/completions HTTP/1.1" 200 -
2026-09-17 09:42:19,357 INFO "POST /v1/chat/completions HTTP/1.1" 200 -
2026-09-17 09:42:19,913 INFO "POST /v1/chat/completions HTTP/1.1" 200 -
2026-09-17 09:42:20,473 INFO "POST /v1/chat/completions HTTP/1.1" 200 -
2026-09-17 09:42:21,025 INFO "POST /v1/chat/completions HTTP/1.1" 200 -
2026-09-17 09:42:21,580 INFO "POST /v1/chat/completions HTTP/1.1" 200 -
2026-09-17 09:42:22,144 INFO "POST /v1/chat/completions HTTP/1.1" 200 -
2026-09-17 09:42:22,703 INFO "POST /v1/chat/completions HTTP/1.1" 200 -
2026-09-17 09:42:23,266 INFO "POST /v1/chat/completions HTTP/1.1" 200 -
2026-09-17 09:42:23,874 INFO "POST /v1/chat/completions HTTP/1.1" 200 -
2026-09-17 09:42:24,481 INFO "POST /v1/chat/completions HTTP/1.1" 200 -
2026-09-17 09:42:25,085 INFO "POST /v1/chat/completions HTTP/1.1" 200 -
2026-09-17 09:42:25,694 INFO "POST /v1/chat/completions HTTP/1.1" 200 -
2026-09-17 09:42:26,300 INFO "POST /v1/chat/completions HTTP/1.1" 200 -
2026-09-17 09:42:26,909 INFO "POST /v1/chat/completions HTTP/1.1" 200 -
2026-09-17 09:42:27,513 INFO "POST /v1/chat/completions HTTP/1.1" 200 -
2026-09-17 09:42:30,721 INFO "POST /v1/chat/completions HTTP/1.1" 200 -
2026-09-17 09:42:30,721 INFO "POST /v1/chat/completions HTTP/1.1" 200 -
2026-09-17 09:42:30,784 INFO "POST /v1/chat/completions HTTP/1.1" 200 -
2026-09-17 09:42:30,784 INFO "POST /v1/chat/completions HTTP/1.1" 200 -
2026-09-17 09:42:30,835 INFO "POST /v1/chat/completions HTTP/1.1" 200 -
2026-09-17 09:42:30,888 INFO "POST /v1/chat/completions HTTP/1.1" 200 -
2026-09-17 09:42:30,889 INFO "POST /v1/chat/completions HTTP/1.1" 200 -
2026-09-17 09:42:30,933 INFO "POST /v1/chat/completions HTTP/1.1" 200 -
2026-09-17 09:42:30,977 INFO "POST /v1/chat/completions HTTP/1.1" 200 -
2026-09-17 09:42:30,981 INFO "POST /v1/chat/completions HTTP/1.1" 200 -
2026-09-17 09:42:31,018 INFO "POST /v1/chat/completions HTTP/1.1" 200 -
2026-09-17 09:42:31,053 INFO "POST /v1/chat/completions HTTP/1.1" 200 -
2026-09-17 09:42:31,057 INFO "POST /v1/chat/completions HTTP/1.1" 200 -
2026-09-17 09:42:31,087 INFO "POST /v1/chat/completions HTTP/1.1" 200 -
2026-09-17 09:42:31,119 INFO "POST /v1/chat/completions HTTP/1.1" 200 -
2026-09-17 09:42:31,119 INFO "POST /v1/chat/completions HTTP/1.1" 200 -
2026-09-17 09:42:31,147 INFO "POST /v1/chat/completions HTTP/1.1" 200 -
2026-09-17 09:42:31,147 INFO "POST /v1/chat/completions HTTP/1.1" 200 -
2026-09-17 09:42:31,166 INFO "POST /v1/chat/completions HTTP/1.1" 200 -
2026-09-17 09:42:31,166 INFO "POST /v1/chat/completions HTTP/1.1" 200 -
2026-09-17 09:42:31,168 INFO "GET /v1/status HTTP/1.1" 200 -
2026-09-17 09:42:31,224 INFO "GET /v1/status HTTP/1.1" 200 -
2026-09-17 09:42:31,281 INFO "GET /v1/status HTTP/1.1" 200 -
2026-09-17 09:42:31,339 INFO "GET /v1/status HTTP/1.1" 200 -
2026-09-17 09:42:31,393 INFO "GET /v1/status HTTP/1.1" 200 -
2026-09-17 09:42:31,450 INFO "GET /v1/status HTTP/1.1" 200 -
2026-09-17 09:42:31,508 INFO "GET /v1/status HTTP/1.1" 200 -
2026-09-17 09:42:31,566 INFO "GET /v1/status HTTP/1.1" 200 -
2026-09-17 09:42:31,624 INFO "GET /v1/status HTTP/1.1" 200 -
2026-09-17 09:42:31,681 INFO "GET /v1/status HTTP/1.1" 200 -
2026-09-17 09:42:31,740 INFO "GET /v1/status HTTP/1.1" 200 -
2026-09-17 09:42:31,799 INFO "GET /v1/status HTTP/1.1" 200 -
2026-09-17 09:42:31,857 INFO "GET /v1/status HTTP/1.1" 200 -
2026-09-17 09:42:31,912 INFO "GET /v1/status HTTP/1.1" 200 -
2026-09-17 09:42:31,971 INFO "GET /v1/status HTTP/1.1" 200 -
2026-09-17 09:42:32,029 INFO "GET /v1/status HTTP/1.1" 200 -
2026-09-17 09:42:32,086 INFO "GET /v1/status HTTP/1.1" 200 -
2026-09-17 09:42:32,119 INFO "GET /v1/status HTTP/1.1" 200 -
2026-09-17 09:42:32,709 INFO "POST /v1/chat/completions HTTP/1.1" 200 -
2026-09-17 09:42:33,283 INFO "POST /v1/chat/completions HTTP/1.1" 200 -
2026-09-17 09:42:33,842 INFO "POST /v1/chat/completions HTTP/1.1" 200 -
2026-09-17 09:42:34,396 INFO "POST /v1/chat/completions HTTP/1.1" 200 -
2026-09-17 09:42:34,953 INFO "POST /v1/chat/completions HTTP/1.1" 200 -
2026-09-17 09:42:35,509 INFO "POST /v1/chat/completions HTTP/1.1" 200 -
2026-09-17 09:42:36,130 INFO "POST /v1/chat/completions HTTP/1.1" 200 -
2026-09-17 09:42:36,681 INFO "POST /v1/chat/completions HTTP/1.1" 200 -
2026-09-17 09:42:37,271 INFO "POST /v1/chat/completions HTTP/1.1" 200 -
2026-09-17 09:42:37,863 INFO "POST /v1/chat/completions HTTP/1.1" 200 -
2026-09-17 09:42:38,454 INFO "POST /v1/chat/completions HTTP/1.1" 200 -
2026-09-17 09:42:39,047 INFO "POST /v1/chat/completions HTTP/1.1" 200 -
2026-09-17 09:42:39,637 INFO "POST /v1/chat/completions HTTP/1.1" 200 -
2026-09-17 09:42:40,238 INFO "POST /v1/chat/completions HTTP/1.1" 200 -
2026-09-17 09:42:40,790 INFO "POST /v1/chat/completions HTTP/1.1" 200 -
2026-09-17 09:42:41,394 INFO "POST /v1/chat/completions HTTP/1.1" 200 -
2026-09-17 09:42:41,995 INFO "POST /v1/chat/completions HTTP/1.1" 200 -
2026-09-17 09:42:42,599 INFO "POST /v1/chat/completions HTTP/1.1" 200 -
2026-09-17 09:42:43,200 INFO "POST /v1/chat/completions HTTP/1.1" 200 -
2026-09-17 09:42:43,809 INFO "POST /v1/chat/completions HTTP/1.1" 200 -
2026-09-17 09:42:47,001 INFO "POST /v1/chat/completions HTTP/1.1" 200 -
2026-09-17 09:42:47,001 INFO "POST /v1/chat/completions HTTP/1.1" 200 -
2026-09-17 09:42:47,057 INFO "POST /v1/chat/completions HTTP/1.1" 200 -
2026-09-17 09:42:47,062 INFO "POST /v1/chat/completions HTTP/1.1" 200 -
2026-09-17 09:42:47,112 INFO "POST /v1/chat/completions HTTP/1.1" 200 -
2026-09-17 09:42:47,161 INFO "POST /v1/chat/completions HTTP/1.1" 200 -
2026-09-17 09:42:47,210 INFO "POST /v1/chat/completions HTTP/1.1" 200 -
2026-09-17 09:42:47,257 INFO "POST /v1/chat/completions HTTP/1.1" 200 -
2026-09-17 09:42:47,261 INFO "POST /v1/chat/completions HTTP/1.1" 200 -
2026-09-17 09:42:47,304 INFO "POST /v1/chat/completions HTTP/1.1" 200 -
2026-09-17 09:42:47,304 INFO "POST /v1/chat/completions HTTP/1.1" 200 -
2026-09-17 09:42:47,339 INFO "POST /v1/chat/completions HTTP/1.1" 200 -
2026-09-17 09:42:47,376 INFO "POST /v1/chat/completions HTTP/1.1" 200 -
2026-09-17 09:42:47,376 INFO "POST /v1/chat/completions HTTP/1.1" 200 -
2026-09-17 09:42:47,408 INFO "POST /v1/chat/completions HTTP/1.1" 200 -
2026-09-17 09:42:47,408 INFO "POST /v1/chat/completions HTTP/1.1" 200 -
2026-09-17 09:42:47,436 INFO "POST /v1/chat/completions HTTP/1.1" 200 -
2026-09-17 09:42:47,436 INFO "POST /v1/chat/completions HTTP/1.1" 200 -
2026-09-17 09:42:47,455 INFO "POST /v1/chat/completions HTTP/1.1" 200 -
2026-09-17 09:42:47,455 INFO "POST /v1/chat/completions HTTP/1.1" 200 -
2026-09-17 09:42:47,457 INFO "GET /v1/status HTTP/1.1" 200 -
2026-09-17 09:42:47,514 INFO "GET /v1/status HTTP/1.1" 200 -
2026-09-17 09:42:47,571 INFO "GET /v1/status HTTP/1.1" 200 -
2026-09-17 09:42:47,629 INFO "GET /v1/status HTTP/1.1" 200 -
2026-09-17 09:42:47,684 INFO "GET /v1/status HTTP/1.1" 200 -
2026-09-17 09:42:47,741 INFO "GET /v1/status HTTP/1.1" 200 -
2026-09-17 09:42:47,800 INFO "GET /v1/status HTTP/1.1" 200 -
2026-09-17 09:42:47,859 INFO "GET /v1/status HTTP/1.1" 200 -
2026-09-17 09:42:47,918 INFO "GET /v1/status HTTP/1.1" 200 -
2026-09-17 09:42:47,975 INFO "GET /v1/status HTTP/1.1" 200 -
2026-09-17 09:42:48,034 INFO "GET /v1/status HTTP/1.1" 200 -
2026-09-17 09:42:48,092 INFO "GET /v1/status HTTP/1.1" 200 -
2026-09-17 09:42:48,151 INFO "GET /v1/status HTTP/1.1" 200 -
2026-09-17 09:42:48,207 INFO "GET /v1/status HTTP/1.1" 200 -
2026-09-17 09:42:48,262 INFO "GET /v1/status HTTP/1.1" 200 -
2026-09-17 09:42:48,295 INFO "GET /v1/status HTTP/1.1" 200 -
2026-09-17 09:42:48,902 INFO "POST /v1/chat/completions HTTP/1.1" 200 -
2026-09-17 09:42:49,494 INFO "POST /v1/chat/completions HTTP/1.1" 200 -
2026-09-17 09:42:50,069 INFO "POST /v1/chat/completions HTTP/1.1" 200 -
2026-09-17 09:42:50,621 INFO "POST /v1/chat/completions HTTP/1.1" 200 -
2026-09-17 09:42:51,171 INFO "POST /v1/chat/completions HTTP/1.1" 200 -
2026-09-17 09:42:51,726 INFO "POST /v1/chat/completions HTTP/1.1" 200 -
2026-09-17 09:42:52,337 INFO "POST /v1/chat/completions HTTP/1.1" 200 -
2026-09-17 09:42:52,891 INFO "POST /v1/chat/completions HTTP/1.1" 200 -
2026-09-17 09:42:53,444 INFO "POST /v1/chat/completions HTTP/1.1" 200 -
2026-09-17 09:42:54,036 INFO "POST /v1/chat/completions HTTP/1.1" 200 -
2026-09-17 09:42:54,595 INFO "POST /v1/chat/completions HTTP/1.1" 200 -
2026-09-17 09:42:55,151 INFO "POST /v1/chat/completions HTTP/1.1" 200 -
2026-09-17 09:42:55,711 INFO "POST /v1/chat/completions HTTP/1.1" 200 -
2026-09-17 09:42:56,306 INFO "POST /v1/chat/completions HTTP/1.1" 200 -
2026-09-17 09:42:56,898 INFO "POST /v1/chat/completions HTTP/1.1" 200 -
2026-09-17 09:42:57,488 INFO "POST /v1/chat/completions HTTP/1.1" 200 -
2026-09-17 09:42:58,082 INFO "POST /v1/chat/completions HTTP/1.1" 200 -
2026-09-17 09:42:58,680 INFO "POST /v1/chat/completions HTTP/1.1" 200 -
2026-09-17 09:42:59,280 INFO "POST /v1/chat/completions HTTP/1.1" 200 -
2026-09-17 09:42:59,882 INFO "POST /v1/chat/completions HTTP/1.1" 200 -
2026-09-17 09:43:03,074 INFO "POST /v1/chat/completions HTTP/1.1" 200 -
2026-09-17 09:43:03,074 INFO "POST /v1/chat/completions HTTP/1.1" 200 -
2026-09-17 09:43:03,134 INFO "POST /v1/chat/completions HTTP/1.1" 200 -
2026-09-17 09:43:03,134 INFO "POST /v1/chat/completions HTTP/1.1" 200 -
2026-09-17 09:43:03,191 INFO "POST /v1/chat/completions HTTP/1.1" 200 -
2026-09-17 09:43:03,191 INFO "POST /v1/chat/completions HTTP/1.1" 200 -
2026-09-17 09:43:03,238 INFO "POST /v1/chat/completions HTTP/1.1" 200 -
2026-09-17 09:43:03,286 INFO "POST /v1/chat/completions HTTP/1.1" 200 -
2026-09-17 09:43:03,286 INFO "POST /v1/chat/completions HTTP/1.1" 200 -
2026-09-17 09:43:03,323 INFO "POST /v1/chat/completions HTTP/1.1" 200 -
2026-09-17 09:43:03,365 INFO "POST /v1/chat/completions HTTP/1.1" 200 -
2026-09-17 09:43:03,365 INFO "POST /v1/chat/completions HTTP/1.1" 200 -
2026-09-17 09:43:03,397 INFO "POST /v1/chat/completions HTTP/1.1" 200 -
2026-09-17 09:43:03,428 INFO "POST /v1/chat/completions HTTP/1.1" 200 -
2026-09-17 09:43:03,432 INFO "POST /v1/chat/completions HTTP/1.1" 200 -
2026-09-17 09:43:03,461 INFO "POST /v1/chat/completions HTTP/1.1" 200 -
2026-09-17 09:43:03,462 INFO "POST /v1/chat/completions HTTP/1.1" 200 -
2026-09-17 09:43:03,484 INFO "POST /v1/chat/completions HTTP/1.1" 200 -
2026-09-17 09:43:03,503 INFO "POST /v1/chat/completions HTTP/1.1" 200 -
2026-09-17 09:43:03,503 INFO "POST /v1/chat/completions HTTP/1.1" 200 -
2026-09-17 09:43:03,505 INFO "GET /v1/status HTTP/1.1" 200 -
2026-09-17 09:43:03,561 INFO "GET /v1/status HTTP/1.1" 200 -
2026-09-17 09:43:03,619 INFO "GET /v1/status HTTP/1.1" 200 -
2026-09-17 09:43:03,674 INFO "GET /v1/status HTTP/1.1" 200 -
2026-09-17 09:43:03,732 INFO "GET /v1/status HTTP/1.1" 200 -
2026-09-17 09:43:03,791 INFO "GET /v1/status HTTP/1.1" 200 -
2026-09-17 09:43:03,849 INFO "GET /v1/status HTTP/1.1" 200 -
2026-09-17 09:43:03,908 INFO "GET /v1/status HTTP/1.1" 200 -
2026-09-17 09:43:03,966 INFO "GET /v1/status HTTP/1.1" 200 -
2026-09-17 09:43:04,024 INFO "GET /v1/status HTTP/1.1" 200 -
2026-09-17 09:43:04,081 INFO "GET /v1/status HTTP/1.1" 200 -
2026-09-17 09:43:04,141 INFO "GET /v1/status HTTP/1.1" 200 -
2026-09-17 09:43:04,199 INFO "GET /v1/status HTTP/1.1" 200 -
2026-09-17 09:43:04,258 INFO "GET /v1/status HTTP/1.1" 200 -
2026-09-17 09:43:04,316 INFO "GET /v1/status HTTP/1.1" 200 -
2026-09-17 09:43:04,375 INFO "GET /v1/status HTTP/1.1" 200 -
2026-09-17 09:43:04,430 INFO "GET /v1/status HTTP/1.1" 200 -
2026-09-17 09:43:04,463 INFO "GET /v1/status HTTP/1.1" 200 -
2026-09-17 09:43:05,045 INFO "POST /v1/chat/completions HTTP/1.1" 200 -
2026-09-17 09:43:05,601 INFO "POST /v1/chat/completions HTTP/1.1" 200 -
2026-09-17 09:43:06,166 INFO "POST /v1/chat/completions HTTP/1.1" 200 -
2026-09-17 09:43:06,735 INFO "POST /v1/chat/completions HTTP/1.1" 200 -
2026-09-17 09:43:07,326 INFO "POST /v1/chat/completions HTTP/1.1" 200 -
2026-09-17 09:43:07,882 INFO "POST /v1/chat/completions HTTP/1.1" 200 -
2026-09-17 09:43:08,435 INFO "POST /v1/chat/completions HTTP/1.1" 200 -
2026-09-17 09:43:08,986 INFO "POST /v1/chat/completions HTTP/1.1" 200 -
2026-09-17 09:43:09,578 INFO "POST /v1/chat/completions HTTP/1.1" 200 -
2026-09-17 09:43:10,131 INFO "POST /v1/chat/completions HTTP/1.1" 200 -
2026-09-17 09:43:10,720 INFO "POST /v1/chat/completions HTTP/1.1" 200 -
2026-09-17 09:43:11,274 INFO "POST /v1/chat/completions HTTP/1.1" 200 -
2026-09-17 09:43:11,832 INFO "POST /v1/chat/completions HTTP/1.1" 200 -
2026-09-17 09:43:12,388 INFO "POST /v1/chat/completions HTTP/1.1" 200 -
2026-09-17 09:43:12,938 INFO "POST /v1/chat/completions HTTP/1.1" 200 -
2026-09-17 09:43:13,531 INFO "POST /v1/chat/completions HTTP/1.1" 200 -
2026-09-17 09:43:14,120 INFO "POST /v1/chat/completions HTTP/1.1" 200 -
2026-09-17 09:43:14,714 INFO "POST /v1/chat/completions HTTP/1.1" 200 -
2026-09-17 09:43:15,304 INFO "POST /v1/chat/completions HTTP/1.1" 200 -
2026-09-17 09:43:15,904 INFO "POST /v1/chat/completions HTTP/1.1" 200 -
2026-09-17 09:43:19,100 INFO "POST /v1/chat/completions HTTP/1.1" 200 -
2026-09-17 09:43:19,159 INFO "POST /v1/chat/completions HTTP/1.1" 200 -
2026-09-17 09:43:19,164 INFO "POST /v1/chat/completions HTTP/1.1" 200 -
2026-09-17 09:43:19,216 INFO "POST /v1/chat/completions HTTP/1.1" 200 -
2026-09-17 09:43:19,271 INFO "POST /v1/chat/completions HTTP/1.1" 200 -
2026-09-17 09:43:19,271 INFO "POST /v1/chat/completions HTTP/1.1" 200 -
2026-09-17 09:43:19,322 INFO "POST /v1/chat/completions HTTP/1.1" 200 -
2026-09-17 09:43:19,322 INFO "POST /v1/chat/completions HTTP/1.1" 200 -
2026-09-17 09:43:19,366 INFO "POST /v1/chat/completions HTTP/1.1" 200 -
2026-09-17 09:43:19,405 INFO "POST /v1/chat/completions HTTP/1.1" 200 -
2026-09-17 09:43:19,409 INFO "POST /v1/chat/completions HTTP/1.1" 200 -
2026-09-17 09:43:19,447 INFO "POST /v1/chat/completions HTTP/1.1" 200 -
2026-09-17 09:43:19,447 INFO "POST /v1/chat/completions HTTP/1.1" 200 -
2026-09-17 09:43:19,480 INFO "POST /v1/chat/completions HTTP/1.1" 200 -
2026-09-17 09:43:19,512 INFO "POST /v1/chat/completions HTTP/1.1" 200 -
2026-09-17 09:43:19,512 INFO "POST /v1/chat/completions HTTP/1.1" 200 -
2026-09-17 09:43:19,540 INFO "POST /v1/chat/completions HTTP/1.1" 200 -
2026-09-17 09:43:19,541 INFO "POST /v1/chat/completions HTTP/1.1" 200 -
2026-09-17 09:43:19,560 INFO "POST /v1/chat/completions HTTP/1.1" 200 -
2026-09-17 09:43:19,573 INFO "POST /v1/chat/completions HTTP/1.1" 200 -
2026-09-17 09:43:19,574 INFO "GET /v1/status HTTP/1.1" 200 -
2026-09-17 09:43:19,629 INFO "GET /v1/status HTTP/1.1" 200 -
2026-09-17 09:43:19,681 INFO "GET /v1/status HTTP/1.1" 200 -
2026-09-17 09:43:19,738 INFO "GET /v1/status HTTP/1.1" 200 -
2026-09-17 09:43:19,793 INFO "GET /v1/status HTTP/1.1" 200 -
2026-09-17 09:43:19,849 INFO "GET /v1/status HTTP/1.1" 200 -
2026-09-17 09:43:19,908 INFO "GET /v1/status HTTP/1.1" 200 -
2026-09-17 09:43:19,967 INFO "GET /v1/status HTTP/1.1" 200 -
2026-09-17 09:43:20,025 INFO "GET /v1/status HTTP/1.1" 200 -
2026-09-17 09:43:20,084 INFO "GET /v1/status HTTP/1.1" 200 -
2026-09-17 09:43:20,142 INFO "GET /v1/status HTTP/1.1" 200 -
2026-09-17 09:43:20,201 INFO "GET /v1/status HTTP/1.1" 200 -
2026-09-17 09:43:20,260 INFO "GET /v1/status HTTP/1.1" 200 -
2026-09-17 09:43:20,315 INFO "GET /v1/status HTTP/1.1" 200 -
2026-09-17 09:43:20,375 INFO "GET /v1/status HTTP/1.1" 200 -
2026-09-17 09:43:20,433 INFO "GET /v1/status HTTP/1.1" 200 -
2026-09-17 09:43:20,491 INFO "GET /v1/status HTTP/1.1" 200 -
2026-09-17 09:43:20,550 INFO "GET /v1/status HTTP/1.1" 200 -
2026-09-17 09:43:20,604 INFO "GET /v1/status HTTP/1.1" 200 -
2026-09-17 09:43:20,638 INFO "GET /v1/status HTTP/1.1" 200 -
2026-09-17 09:43:21,220 INFO "POST /v1/chat/completions HTTP/1.1" 200 -
2026-09-17 09:43:21,842 INFO "POST /v1/chat/completions HTTP/1.1" 200 -
2026-09-17 09:43:22,421 INFO "POST /v1/chat/completions HTTP/1.1" 200 -
2026-09-17 09:43:22,973 INFO "POST /v1/chat/completions HTTP/1.1" 200 -
2026-09-17 09:43:23,573 INFO "POST /v1/chat/completions HTTP/1.1" 200 -
2026-09-17 09:43:24,127 INFO "POST /v1/chat/completions HTTP/1.1" 200 -
2026-09-17 09:43:24,684 INFO "POST /v1/chat/completions HTTP/1.1" 200 -
2026-09-17 09:43:25,277 INFO "POST /v1/chat/completions HTTP/1.1" 200 -
2026-09-17 09:43:25,831 INFO "POST /v1/chat/completions HTTP/1.1" 200 -
2026-09-17 09:43:26,380 INFO "POST /v1/chat/completions HTTP/1.1" 200 -
2026-09-17 09:43:26,971 INFO "POST /v1/chat/completions HTTP/1.1" 200 -
2026-09-17 09:43:27,528 INFO "POST /v1/chat/completions HTTP/1.1" 200 -
2026-09-17 09:43:28,123 INFO "POST /v1/chat/completions HTTP/1.1" 200 -
2026-09-17 09:43:28,719 INFO "POST /v1/chat/completions HTTP/1.1" 200 -
2026-09-17 09:43:29,274 INFO "POST /v1/chat/completions HTTP/1.1" 200 -
2026-09-17 09:43:29,874 INFO "POST /v1/chat/completions HTTP/1.1" 200 -
2026-09-17 09:43:30,475 INFO "POST /v1/chat/completions HTTP/1.1" 200 -
2026-09-17 09:43:31,092 INFO "POST /v1/chat/completions HTTP/1.1" 200 -
2026-09-17 09:43:31,699 INFO "POST /v1/chat/completions HTTP/1.1" 200 -
2026-09-17 09:43:32,296 INFO "POST /v1/chat/completions HTTP/1.1" 200 -
2026-09-17 09:43:35,491 INFO "POST /v1/chat/completions HTTP/1.1" 200 -
2026-09-17 09:43:35,495 INFO "POST /v1/chat/completions HTTP/1.1" 200 -
2026-09-17 09:43:35,553 INFO "POST /v1/chat/completions HTTP/1.1" 200 -
2026-09-17 09:43:35,610 INFO "POST /v1/chat/completions HTTP/1.1" 200 -
2026-09-17 09:43:35,610 INFO "POST /v1/chat/completions HTTP/1.1" 200 -
2026-09-17 09:43:35,660 INFO "POST /v1/chat/completions HTTP/1.1" 200 -
2026-09-17 09:43:35,662 INFO "POST /v1/chat/completions HTTP/1.1" 200 -
2026-09-17 09:43:35,713 INFO "POST /v1/chat/completions HTTP/1.1" 200 -
2026-09-17 09:43:35,714 INFO "POST /v1/chat/completions HTTP/1.1" 200 -
2026-09-17 09:43:35,753 INFO "POST /v1/chat/completions HTTP/1.1" 200 -
2026-09-17 09:43:35,794 INFO "POST /v1/chat/completions HTTP/1.1" 200 -
2026-09-17 09:43:35,794 INFO "POST /v1/chat/completions HTTP/1.1" 200 -
2026-09-17 09:43:35,830 INFO "POST /v1/chat/completions HTTP/1.1" 200 -
2026-09-17 09:43:35,830 INFO "POST /v1/chat/completions HTTP/1.1" 200 -
2026-09-17 09:43:35,863 INFO "POST /v1/chat/completions HTTP/1.1" 200 -
2026-09-17 09:43:35,863 INFO "POST /v1/chat/completions HTTP/1.1" 200 -
2026-09-17 09:43:35,888 INFO "POST /v1/chat/completions HTTP/1.1" 200 -
2026-09-17 09:43:35,911 INFO "POST /v1/chat/completions HTTP/1.1" 200 -
2026-09-17 09:43:35,914 INFO "POST /v1/chat/completions HTTP/1.1" 200 -
2026-09-17 09:43:35,938 INFO "POST /v1/chat/completions HTTP/1.1" 200 -
2026-09-17 09:43:35,939 INFO "GET /v1/status HTTP/1.1" 200 -
2026-09-17 09:43:35,996 INFO "GET /v1/status HTTP/1.1" 200 -
2026-09-17 09:43:36,053 INFO "GET /v1/status HTTP/1.1" 200 -
2026-09-17 09:43:36,107 INFO "GET /v1/status HTTP/1.1" 200 -
2026-09-17 09:43:36,164 INFO "GET /v1/status HTTP/1.1" 200 -
2026-09-17 09:43:36,220 INFO "GET /v1/status HTTP/1.1" 200 -
2026-09-17 09:43:36,275 INFO "GET /v1/status HTTP/1.1" 200 -
2026-09-17 09:43:36,332 INFO "GET /v1/status HTTP/1.1" 200 -
2026-09-17 09:43:36,387 INFO "GET /v1/status HTTP/1.1" 200 -
2026-09-17 09:43:36,441 INFO "GET /v1/status HTTP/1.1" 200 -
2026-09-17 09:43:36,499 INFO "GET /v1/status HTTP/1.1" 200 -
2026-09-17 09:43:36,555 INFO "GET /v1/status HTTP/1.1" 200 -
2026-09-17 09:43:36,614 INFO "GET /v1/status HTTP/1.1" 200 -
2026-09-17 09:43:36,668 INFO "GET /v1/status HTTP/1.1" 200 -
2026-09-17 09:43:36,725 INFO "GET /v1/status HTTP/1.1" 200 -
2026-09-17 09:43:36,784 INFO "GET /v1/status HTTP/1.1" 200 -
2026-09-17 09:43:36,818 INFO "GET /v1/status HTTP/1.1" 200 -
2026-09-17 09:43:37,403 INFO "POST /v1/chat/completions HTTP/1.1" 200 -
2026-09-17 09:43:38,021 INFO "POST /v1/chat/completions HTTP/1.1" 200 -
2026-09-17 09:43:38,620 INFO "POST /v1/chat/completions HTTP/1.1" 200 -
2026-09-17 09:43:39,213 INFO "POST /v1/chat/completions HTTP/1.1" 200 -
2026-09-17 09:43:39,769 INFO "POST /v1/chat/completions HTTP/1.1" 200 -
2026-09-17 09:43:40,343 INFO "POST /v1/chat/completions HTTP/1.1" 200 -
2026-09-17 09:43:40,896 INFO "POST /v1/chat/completions HTTP/1.1" 200 -
2026-09-17 09:43:41,496 INFO "POST /v1/chat/completions HTTP/1.1" 200 -
2026-09-17 09:43:42,086 INFO "POST /v1/chat/completions HTTP/1.1" 200 -
2026-09-17 09:43:42,640 INFO "POST /v1/chat/completions HTTP/1.1" 200 -
2026-09-17 09:43:43,192 INFO "POST /v1/chat/completions HTTP/1.1" 200 -
2026-09-17 09:43:43,788 INFO "POST /v1/chat/completions HTTP/1.1" 200 -
2026-09-17 09:43:44,343 INFO "POST /v1/chat/completions HTTP/1.1" 200 -
2026-09-17 09:43:44,895 INFO "POST /v1/chat/completions HTTP/1.1" 200 -
2026-09-17 09:43:45,447 INFO "POST /v1/chat/completions HTTP/1.1" 200 -
2026-09-17 09:43:46,037 INFO "POST /v1/chat/completions HTTP/1.1" 200 -
2026-09-17 09:43:46,628 INFO "POST /v1/chat/completions HTTP/1.1" 200 -
2026-09-17 09:43:47,220 INFO "POST /v1/chat/completions HTTP/1.1" 200 -
2026-09-17 09:43:47,813 INFO "POST /v1/chat/completions HTTP/1.1" 200 -
2026-09-17 09:43:48,412 INFO "POST /v1/chat/completions HTTP/1.1" 200 -
2026-09-17 09:43:51,550 INFO "POST /v1/chat/completions HTTP/1.1" 200 -
2026-09-17 09:43:51,550 INFO "POST /v1/chat/completions HTTP/1.1" 200 -
2026-09-17 09:43:51,610 INFO "POST /v1/chat/completions HTTP/1.1" 200 -
2026-09-17 09:43:51,610 INFO "POST /v1/chat/completions HTTP/1.1" 200 -
2026-09-17 09:43:51,661 INFO "POST /v1/chat/completions HTTP/1.1" 200 -
2026-09-17 09:43:51,714 INFO "POST /v1/chat/completions HTTP/1.1" 200 -
2026-09-17 09:43:51,714 INFO "POST /v1/chat/completions HTTP/1.1" 200 -
2026-09-17 09:43:51,760 INFO "POST /v1/chat/completions HTTP/1.1" 200 -
2026-09-17 09:43:51,801 INFO "POST /v1/chat/completions HTTP/1.1" 200 -
2026-09-17 09:43:51,844 INFO "POST /v1/chat/completions HTTP/1.1" 200 -
2026-09-17 09:43:51,844 INFO "POST /v1/chat/completions HTTP/1.1" 200 -
2026-09-17 09:43:51,877 INFO "POST /v1/chat/completions HTTP/1.1" 200 -
2026-09-17 09:43:51,916 INFO "POST /v1/chat/completions HTTP/1.1" 200 -
2026-09-17 09:43:51,916 INFO "POST /v1/chat/completions HTTP/1.1" 200 -
2026-09-17 09:43:51,948 INFO "POST /v1/chat/completions HTTP/1.1" 200 -
2026-09-17 09:43:51,948 INFO "POST /v1/chat/completions HTTP/1.1" 200 -
2026-09-17 09:43:51,973 INFO "POST /v1/chat/completions HTTP/1.1" 200 -
2026-09-17 09:43:51,977 INFO "POST /v1/chat/completions HTTP/1.1" 200 -
2026-09-17 09:43:51,995 INFO "POST /v1/chat/completions HTTP/1.1" 200 -
2026-09-17 09:43:51,996 INFO "POST /v1/chat/completions HTTP/1.1" 200 -
2026-09-17 09:43:51,998 INFO "GET /v1/status HTTP/1.1" 200 -
2026-09-17 09:43:52,054 INFO "GET /v1/status HTTP/1.1" 200 -
2026-09-17 09:43:52,107 INFO "GET /v1/status HTTP/1.1" 200 -
2026-09-17 09:43:52,163 INFO "GET /v1/status HTTP/1.1" 200 -
2026-09-17 09:43:52,220 INFO "GET /v1/status HTTP/1.1" 200 -
2026-09-17 09:43:52,275 INFO "GET /v1/status HTTP/1.1" 200 -
2026-09-17 09:43:52,330 INFO "GET /v1/status HTTP/1.1" 200 -
2026-09-17 09:43:52,388 INFO "GET /v1/status HTTP/1.1" 200 -
2026-09-17 09:43:52,446 INFO "GET /v1/status HTTP/1.1" 200 -
2026-09-17 09:43:52,505 INFO "GET /v1/status HTTP/1.1" 200 -
2026-09-17 09:43:52,564 INFO "GET /v1/status HTTP/1.1" 200 -
2026-09-17 09:43:52,624 INFO "GET /v1/status HTTP/1.1" 200 -
2026-09-17 09:43:52,682 INFO "GET /v1/status HTTP/1.1" 200 -
2026-09-17 09:43:52,739 INFO "GET /v1/status HTTP/1.1" 200 -
2026-09-17 09:43:52,797 INFO "GET /v1/status HTTP/1.1" 200 -
2026-09-17 09:43:52,856 INFO "GET /v1/status HTTP/1.1" 200 -
2026-09-17 09:43:52,914 INFO "GET /v1/status HTTP/1.1" 200 -
2026-09-17 09:43:52,970 INFO "GET /v1/status HTTP/1.1" 200 -
2026-09-17 09:43:53,004 INFO "GET /v1/status HTTP/1.1" 200 -
2026-09-17 09:43:53,582 INFO "POST /v1/chat/completions HTTP/1.1" 200 -
2026-09-17 09:43:54,140 INFO "POST /v1/chat/completions HTTP/1.1" 200 -
2026-09-17 09:43:54,710 INFO "POST /v1/chat/completions HTTP/1.1" 200 -
2026-09-17 09:43:55,264 INFO "POST /v1/chat/completions HTTP/1.1" 200 -
2026-09-17 09:43:55,827 INFO "POST /v1/chat/completions HTTP/1.1" 200 -
2026-09-17 09:43:56,472 INFO "POST /v1/chat/completions HTTP/1.1" 200 -
2026-09-17 09:43:57,062 INFO "POST /v1/chat/completions HTTP/1.1" 200 -
2026-09-17 09:43:57,613 INFO "POST /v1/chat/completions HTTP/1.1" 200 -
2026-09-17 09:43:58,169 INFO "POST /v1/chat/completions HTTP/1.1" 200 -
2026-09-17 09:43:58,720 INFO "POST /v1/chat/completions HTTP/1.1" 200 -
2026-09-17 09:43:59,273 INFO "POST /v1/chat/completions HTTP/1.1" 200 -
2026-09-17 09:43:59,870 INFO "POST /v1/chat/completions HTTP/1.1" 200 -
2026-09-17 09:44:00,429 INFO "POST /v1/chat/completions HTTP/1.1" 200 -
2026-09-17 09:44:01,029 INFO "POST /v1/chat/completions HTTP/1.1" 200 -
2026-09-17 09:44:01,621 INFO "POST /v1/chat/completions HTTP/1.1" 200 -
2026-09-17 09:44:02,214 INFO "POST /v1/chat/completions HTTP/1.1" 200 -
2026-09-17 09:44:02,810 INFO "POST /v1/chat/completions HTTP/1.1" 200 -
2026-09-17 09:44:03,404 INFO "POST /v1/chat/completions HTTP/1.1" 200 -
2026-09-17 09:44:03,998 INFO "POST /v1/chat/completions HTTP/1.1" 200 -
2026-09-17 09:44:04,589 INFO "POST /v1/chat/completions HTTP/1.1" 200 -
2026-09-17 09:44:07,662 INFO "POST /v1/chat/completions HTTP/1.1" 200 -
2026-09-17 09:44:07,666 INFO "POST /v1/chat/completions HTTP/1.1" 200 -
2026-09-17 09:44:07,721 INFO "POST /v1/chat/completions HTTP/1.1" 200 -
2026-09-17 09:44:07,773 INFO "POST /v1/chat/completions HTTP/1.1" 200 -
2026-09-17 09:44:07,829 INFO "POST /v1/chat/completions HTTP/1.1" 200 -
2026-09-17 09:44:07,829 INFO "POST /v1/chat/completions HTTP/1.1" 200 -
2026-09-17 09:44:07,880 INFO "POST /v1/chat/completions HTTP/1.1" 200 -
2026-09-17 09:44:07,880 INFO "POST /v1/chat/completions HTTP/1.1" 200 -
2026-09-17 09:44:07,926 INFO "POST /v1/chat/completions HTTP/1.1" 200 -
2026-09-17 09:44:07,926 INFO "POST /v1/chat/completions HTTP/1.1" 200 -
2026-09-17 09:44:07,962 INFO "POST /v1/chat/completions HTTP/1.1" 200 -
2026-09-17 09:44:08,000 INFO "POST /v1/chat/completions HTTP/1.1" 200 -
2026-09-17 09:44:08,000 INFO "POST /v1/chat/completions HTTP/1.1" 200 -
2026-09-17 09:44:08,035 INFO "POST /v1/chat/completions HTTP/1.1" 200 -
2026-09-17 09:44:08,035 INFO "POST /v1/chat/completions HTTP/1.1" 200 -
2026-09-17 09:44:08,064 INFO "POST /v1/chat/completions HTTP/1.1" 200 -
2026-09-17 09:44:08,064 INFO "POST /v1/chat/completions HTTP/1.1" 200 -
2026-09-17 09:44:08,113 INFO "POST /v1/chat/completions HTTP/1.1" 200 -
2026-09-17 09:44:08,133 INFO "POST /v1/chat/completions HTTP/1.1" 200 -
2026-09-17 09:44:08,133 INFO "POST /v1/chat/completions HTTP/1.1" 200 -
2026-09-17 09:44:08,134 INFO "GET /v1/status HTTP/1.1" 200 -
2026-09-17 09:44:08,190 INFO "GET /v1/status HTTP/1.1" 200 -
2026-09-17 09:44:08,247 INFO "GET /v1/status HTTP/1.1" 200 -
2026-09-17 09:44:08,305 INFO "GET /v1/status HTTP/1.1" 200 -
2026-09-17 09:44:08,362 INFO "GET /v1/status HTTP/1.1" 200 -
2026-09-17 09:44:08,420 INFO "GET /v1/status HTTP/1.1" 200 -
2026-09-17 09:44:08,480 INFO "GET /v1/status HTTP/1.1" 200 -
2026-09-17 09:44:08,539 INFO "GET /v1/status HTTP/1.1" 200 -
2026-09-17 09:44:08,598 INFO "GET /v1/status HTTP/1.1" 200 -
2026-09-17 09:44:08,657 INFO "GET /v1/status HTTP/1.1" 200 -
2026-09-17 09:44:08,715 INFO "GET /v1/status HTTP/1.1" 200 -
2026-09-17 09:44:08,774 INFO "GET /v1/status HTTP/1.1" 200 -
2026-09-17 09:44:08,833 INFO "GET /v1/status HTTP/1.1" 200 -
2026-09-17 09:44:08,888 INFO "GET /v1/status HTTP/1.1" 200 -
2026-09-17 09:44:08,944 INFO "GET /v1/status HTTP/1.1" 200 -
2026-09-17 09:44:09,000 INFO "GET /v1/status HTTP/1.1" 200 -
2026-09-17 09:44:09,058 INFO "GET /v1/status HTTP/1.1" 200 -
2026-09-17 09:44:09,112 INFO "GET /v1/status HTTP/1.1" 200 -
2026-09-17 09:44:09,160 INFO "GET /v1/status HTTP/1.1" 200 -
2026-09-17 09:44:09,194 INFO "GET /v1/status HTTP/1.1" 200 -
2026-09-17 09:44:09,776 INFO "POST /v1/chat/completions HTTP/1.1" 200 -
2026-09-17 09:44:10,374 INFO "POST /v1/chat/completions HTTP/1.1" 200 -
2026-09-17 09:44:10,932 INFO "POST /v1/chat/completions HTTP/1.1" 200 -
2026-09-17 09:44:11,488 INFO "POST /v1/chat/completions HTTP/1.1" 200 -
2026-09-17 09:44:12,080 INFO "POST /v1/chat/completions HTTP/1.1" 200 -
2026-09-17 09:44:12,678 INFO "POST /v1/chat/completions HTTP/1.1" 200 -
2026-09-17 09:44:13,246 INFO "POST /v1/chat/completions HTTP/1.1" 200 -
2026-09-17 09:44:13,810 INFO "POST /v1/chat/completions HTTP/1.1" 200 -
2026-09-17 09:44:14,403 INFO "POST /v1/chat/completions HTTP/1.1" 200 -
2026-09-17 09:44:14,956 INFO "POST /v1/chat/completions HTTP/1.1" 200 -
2026-09-17 09:44:15,545 INFO "POST /v1/chat/completions HTTP/1.1" 200 -
2026-09-17 09:44:16,110 INFO "POST /v1/chat/completions HTTP/1.1" 200 -
2026-09-17 09:44:16,714 INFO "POST /v1/chat/completions HTTP/1.1" 200 -
2026-09-17 09:44:17,297 INFO "POST /v1/chat/completions HTTP/1.1" 200 -
2026-09-17 09:44:17,862 INFO "POST /v1/chat/completions HTTP/1.1" 200 -
2026-09-17 09:44:18,463 INFO "POST /v1/chat/completions HTTP/1.1" 200 -
2026-09-17 09:44:19,060 INFO "POST /v1/chat/completions HTTP/1.1" 200 -
2026-09-17 09:44:19,659 INFO "POST /v1/chat/completions HTTP/1.1" 200 -
2026-09-17 09:44:20,259 INFO "POST /v1/chat/completions HTTP/1.1" 200 -
2026-09-17 09:44:20,854 INFO "POST /v1/chat/completions HTTP/1.1" 200 -
2026-09-17 09:44:23,895 INFO "POST /v1/chat/completions HTTP/1.1" 200 -
2026-09-17 09:44:23,895 INFO "POST /v1/chat/completions HTTP/1.1" 200 -
2026-09-17 09:44:23,956 INFO "POST /v1/chat/completions HTTP/1.1" 200 -
2026-09-17 09:44:23,956 INFO "POST /v1/chat/completions HTTP/1.1" 200 -
2026-09-17 09:44:24,006 INFO "POST /v1/chat/completions HTTP/1.1" 200 -
2026-09-17 09:44:24,060 INFO "POST /v1/chat/completions HTTP/1.1" 200 -
2026-09-17 09:44:24,060 INFO "POST /v1/chat/completions HTTP/1.1" 200 -
2026-09-17 09:44:24,106 INFO "POST /v1/chat/completions HTTP/1.1" 200 -
2026-09-17 09:44:24,153 INFO "POST /v1/chat/completions HTTP/1.1" 200 -
2026-09-17 09:44:24,153 INFO "POST /v1/chat/completions HTTP/1.1" 200 -
2026-09-17 09:44:24,190 INFO "POST /v1/chat/completions HTTP/1.1" 200 -
2026-09-17 09:44:24,194 INFO "POST /v1/chat/completions HTTP/1.1" 200 -
2026-09-17 09:44:24,229 INFO "POST /v1/chat/completions HTTP/1.1" 200 -
2026-09-17 09:44:24,229 INFO "POST /v1/chat/completions HTTP/1.1" 200 -
2026-09-17 09:44:24,280 INFO "POST /v1/chat/completions HTTP/1.1" 200 -
2026-09-17 09:44:24,280 INFO "POST /v1/chat/completions HTTP/1.1" 200 -
2026-09-17 09:44:24,309 INFO "POST /v1/chat/completions HTTP/1.1" 200 -
2026-09-17 09:44:24,309 INFO "POST /v1/chat/completions HTTP/1.1" 200 -
2026-09-17 09:44:24,329 INFO "POST /v1/chat/completions HTTP/1.1" 200 -
2026-09-17 09:44:24,329 INFO "POST /v1/chat/completions HTTP/1.1" 200 -
2026-09-17 09:44:24,330 INFO "GET /v1/status HTTP/1.1" 200 -
2026-09-17 09:44:24,387 INFO "GET /v1/status HTTP/1.1" 200 -
2026-09-17 09:44:24,442 INFO "GET /v1/status HTTP/1.1" 200 -
2026-09-17 09:44:24,498 INFO "GET /v1/status HTTP/1.1" 200 -
2026-09-17 09:44:24,556 INFO "GET /v1/status HTTP/1.1" 200 -
2026-09-17 09:44:24,611 INFO "GET /v1/status HTTP/1.1" 200 -
2026-09-17 09:44:24,670 INFO "GET /v1/status HTTP/1.1" 200 -
2026-09-17 09:44:24,725 INFO "GET /v1/status HTTP/1.1" 200 -
2026-09-17 09:44:24,779 INFO "GET /v1/status HTTP/1.1" 200 -
2026-09-17 09:44:24,837 INFO "GET /v1/status HTTP/1.1" 200 -
2026-09-17 09:44:24,892 INFO "GET /v1/status HTTP/1.1" 200 -
2026-09-17 09:44:24,946 INFO "GET /v1/status HTTP/1.1" 200 -
2026-09-17 09:44:25,004 INFO "GET /v1/status HTTP/1.1" 200 -
2026-09-17 09:44:25,063 INFO "GET /v1/status HTTP/1.1" 200 -
2026-09-17 09:44:25,123 INFO "GET /v1/status HTTP/1.1" 200 -
2026-09-17 09:44:25,182 INFO "GET /v1/status HTTP/1.1" 200 -
2026-09-17 09:44:25,238 INFO "GET /v1/status HTTP/1.1" 200 -
2026-09-17 09:44:25,294 INFO "GET /v1/status HTTP/1.1" 200 -
2026-09-17 09:44:25,353 INFO "GET /v1/status HTTP/1.1" 200 -
2026-09-17 09:44:25,400 INFO "GET /v1/status HTTP/1.1" 200 -
2026-09-17 09:44:25,433 INFO "GET /v1/status HTTP/1.1" 200 -
2026-09-17 09:44:26,031 INFO "POST /v1/chat/completions HTTP/1.1" 200 -
2026-09-17 09:44:26,594 INFO "POST /v1/chat/completions HTTP/1.1" 200 -
2026-09-17 09:44:27,191 INFO "POST /v1/chat/completions HTTP/1.1" 200 -
2026-09-17 09:44:27,753 INFO "POST /v1/chat/completions HTTP/1.1" 200 -
2026-09-17 09:44:28,314 INFO "POST /v1/chat/completions HTTP/1.1" 200 -
2026-09-17 09:44:28,871 INFO "POST /v1/chat/completions HTTP/1.1" 200 -
2026-09-17 09:44:29,432 INFO "POST /v1/chat/completions HTTP/1.1" 200 -
2026-09-17 09:44:30,010 INFO "POST /v1/chat/completions HTTP/1.1" 200 -
2026-09-17 09:44:30,571 INFO "POST /v1/chat/completions HTTP/1.1" 200 -
2026-09-17 09:44:31,179 INFO "POST /v1/chat/completions HTTP/1.1" 200 -
2026-09-17 09:44:31,745 INFO "POST /v1/chat/completions HTTP/1.1" 200 -
2026-09-17 09:44:32,343 INFO "POST /v1/chat/completions HTTP/1.1" 200 -
2026-09-17 09:44:32,939 INFO "POST /v1/chat/completions HTTP/1.1" 200 -
2026-09-17 09:44:33,503 INFO "POST /v1/chat/completions HTTP/1.1" 200 -
2026-09-17 09:44:34,061 INFO "POST /v1/chat/completions HTTP/1.1" 200 -
2026-09-17 09:44:34,662 INFO "POST /v1/chat/completions HTTP/1.1" 200 -
2026-09-17 09:44:35,258 INFO "POST /v1/chat/completions HTTP/1.1" 200 -
2026-09-17 09:44:35,857 INFO "POST /v1/chat/completions HTTP/1.1" 200 -
2026-09-17 09:44:36,458 INFO "POST /v1/chat/completions HTTP/1.1" 200 -
2026-09-17 09:44:37,070 INFO "POST /v1/chat/completions HTTP/1.1" 200 -
2026-09-17 09:44:40,229 INFO "POST /v1/chat/completions HTTP/1.1" 200 -
2026-09-17 09:44:40,291 INFO "POST /v1/chat/completions HTTP/1.1" 200 -
2026-09-17 09:44:40,291 INFO "POST /v1/chat/completions HTTP/1.1" 200 -
2026-09-17 09:44:40,350 INFO "POST /v1/chat/completions HTTP/1.1" 200 -
2026-09-17 09:44:40,350 INFO "POST /v1/chat/completions HTTP/1.1" 200 -
2026-09-17 09:44:40,404 INFO "POST /v1/chat/completions HTTP/1.1" 200 -
2026-09-17 09:44:40,404 INFO "POST /v1/chat/completions HTTP/1.1" 200 -
2026-09-17 09:44:40,448 INFO "POST /v1/chat/completions HTTP/1.1" 200 -
2026-09-17 09:44:40,496 INFO "POST /v1/chat/completions HTTP/1.1" 200 -
2026-09-17 09:44:40,497 INFO "POST /v1/chat/completions HTTP/1.1" 200 -
2026-09-17 09:44:40,536 INFO "POST /v1/chat/completions HTTP/1.1" 200 -
2026-09-17 09:44:40,536 INFO "POST /v1/chat/completions HTTP/1.1" 200 -
2026-09-17 09:44:40,569 INFO "POST /v1/chat/completions HTTP/1.1" 200 -
2026-09-17 09:44:40,604 INFO "POST /v1/chat/completions HTTP/1.1" 200 -
2026-09-17 09:44:40,604 INFO "POST /v1/chat/completions HTTP/1.1" 200 -
2026-09-17 09:44:40,630 INFO "POST /v1/chat/completions HTTP/1.1" 200 -
2026-09-17 09:44:40,655 INFO "POST /v1/chat/completions HTTP/1.1" 200 -
2026-09-17 09:44:40,658 INFO "POST /v1/chat/completions HTTP/1.1" 200 -
2026-09-17 09:44:40,678 INFO "POST /v1/chat/completions HTTP/1.1" 200 -
2026-09-17 09:44:40,691 INFO "POST /v1/chat/completions HTTP/1.1" 200 -
2026-09-17 09:44:40,692 INFO "GET /v1/status HTTP/1.1" 200 -
2026-09-17 09:44:40,749 INFO "GET /v1/status HTTP/1.1" 200 -
2026-09-17 09:44:40,806 INFO "GET /v1/status HTTP/1.1" 200 -
2026-09-17 09:44:40,859 INFO "GET /v1/status HTTP/1.1" 200 -
2026-09-17 09:44:40,917 INFO "GET /v1/status HTTP/1.1" 200 -
2026-09-17 09:44:40,975 INFO "GET /v1/status HTTP/1.1" 200 -
2026-09-17 09:44:41,034 INFO "GET /v1/status HTTP/1.1" 200 -
2026-09-17 09:44:41,091 INFO "GET /v1/status HTTP/1.1" 200 -
2026-09-17 09:44:41,150 INFO "GET /v1/status HTTP/1.1" 200 -
2026-09-17 09:44:41,205 INFO "GET /v1/status HTTP/1.1" 200 -
2026-09-17 09:44:41,264 INFO "GET /v1/status HTTP/1.1" 200 -
2026-09-17 09:44:41,319 INFO "GET /v1/status HTTP/1.1" 200 -
2026-09-17 09:44:41,375 INFO "GET /v1/status HTTP/1.1" 200 -
2026-09-17 09:44:41,431 INFO "GET /v1/status HTTP/1.1" 200 -
2026-09-17 09:44:41,486 INFO "GET /v1/status HTTP/1.1" 200 -
2026-09-17 09:44:41,542 INFO "GET /v1/status HTTP/1.1" 200 -
2026-09-17 09:44:41,596 INFO "GET /v1/status HTTP/1.1" 200 -
2026-09-17 09:44:41,630 INFO "GET /v1/status HTTP/1.1" 200 -
2026-09-17 09:44:42,233 INFO "POST /v1/chat/completions HTTP/1.1" 200 -
2026-09-17 09:44:42,795 INFO "POST /v1/chat/completions HTTP/1.1" 200 -
2026-09-17 09:44:43,363 INFO "POST /v1/chat/completions HTTP/1.1" 200 -
2026-09-17 09:44:43,988 INFO "POST /v1/chat/completions HTTP/1.1" 200 -
2026-09-17 09:44:44,550 INFO "POST /v1/chat/completions HTTP/1.1" 200 -
2026-09-17 09:44:45,109 INFO "POST /v1/chat/completions HTTP/1.1" 200 -
2026-09-17 09:44:45,692 INFO "POST /v1/chat/completions HTTP/1.1" 200 -
2026-09-17 09:44:46,316 INFO "POST /v1/chat/completions HTTP/1.1" 200 -
2026-09-17 09:44:46,921 INFO "POST /v1/chat/completions HTTP/1.1" 200 -
2026-09-17 09:44:47,489 INFO "POST /v1/chat/completions HTTP/1.1" 200 -
2026-09-17 09:44:48,096 INFO "POST /v1/chat/completions HTTP/1.1" 200 -
2026-09-17 09:44:48,653 INFO "POST /v1/chat/completions HTTP/1.1" 200 -
2026-09-17 09:44:49,223 INFO "POST /v1/chat/completions HTTP/1.1" 200 -
2026-09-17 09:44:49,822 INFO "POST /v1/chat/completions HTTP/1.1" 200 -
2026-09-17 09:44:50,415 INFO "POST /v1/chat/completions HTTP/1.1" 200 -
2026-09-17 09:44:51,008 INFO "POST /v1/chat/completions HTTP/1.1" 200 -
2026-09-17 09:44:51,612 INFO "POST /v1/chat/completions HTTP/1.1" 200 -
2026-09-17 09:44:52,213 INFO "POST /v1/chat/completions HTTP/1.1" 200 -
2026-09-17 09:44:52,815 INFO "POST /v1/chat/completions HTTP/1.1" 200 -
2026-09-17 09:44:53,417 INFO "POST /v1/chat/completions HTTP/1.1" 200 -
2026-09-17 09:44:56,481 INFO "POST /v1/chat/completions HTTP/1.1" 200 -
2026-09-17 09:44:56,544 INFO "POST /v1/chat/completions HTTP/1.1" 200 -
2026-09-17 09:44:56,544 INFO "POST /v1/chat/completions HTTP/1.1" 200 -
2026-09-17 09:44:56,602 INFO "POST /v1/chat/completions HTTP/1.1" 200 -
2026-09-17 09:44:56,602 INFO "POST /v1/chat/completions HTTP/1.1" 200 -
2026-09-17 09:44:56,650 INFO "POST /v1/chat/completions HTTP/1.1" 200 -
2026-09-17 09:44:56,701 INFO "POST /v1/chat/completions HTTP/1.1" 200 -
2026-09-17 09:44:56,702 INFO "POST /v1/chat/completions HTTP/1.1" 200 -
2026-09-17 09:44:56,747 INFO "POST /v1/chat/completions HTTP/1.1" 200 -
2026-09-17 09:44:56,747 INFO "POST /v1/chat/completions HTTP/1.1" 200 -
2026-09-17 09:44:56,783 INFO "POST /v1/chat/completions HTTP/1.1" 200 -
2026-09-17 09:44:56,821 INFO "POST /v1/chat/completions HTTP/1.1" 200 -
2026-09-17 09:44:56,821 INFO "POST /v1/chat/completions HTTP/1.1" 200 -
2026-09-17 09:44:56,851 INFO "POST /v1/chat/completions HTTP/1.1" 200 -
2026-09-17 09:44:56,884 INFO "POST /v1/chat/completions HTTP/1.1" 200 -
2026-09-17 09:44:56,884 INFO "POST /v1/chat/completions HTTP/1.1" 200 -
2026-09-17 09:44:56,908 INFO "POST /v1/chat/completions HTTP/1.1" 200 -
2026-09-17 09:44:56,912 INFO "POST /v1/chat/completions HTTP/1.1" 200 -
2026-09-17 09:44:56,931 INFO "POST /v1/chat/completions HTTP/1.1" 200 -
2026-09-17 09:44:56,931 INFO "POST /v1/chat/completions HTTP/1.1" 200 -
2026-09-17 09:44:56,932 INFO "GET /v1/status HTTP/1.1" 200 -
2026-09-17 09:44:56,989 INFO "GET /v1/status HTTP/1.1" 200 -
2026-09-17 09:44:57,042 INFO "GET /v1/status HTTP/1.1" 200 -
2026-09-17 09:44:57,099 INFO "GET /v1/status HTTP/1.1" 200 -
2026-09-17 09:44:57,158 INFO "GET /v1/status HTTP/1.1" 200 -
2026-09-17 09:44:57,216 INFO "GET /v1/status HTTP/1.1" 200 -
2026-09-17 09:44:57,272 INFO "GET /v1/status HTTP/1.1" 200 -
2026-09-17 09:44:57,332 INFO "GET /v1/status HTTP/1.1" 200 -
2026-09-17 09:44:57,391 INFO "GET /v1/status HTTP/1.1" 200 -
2026-09-17 09:44:57,449 INFO "GET /v1/status HTTP/1.1" 200 -
2026-09-17 09:44:57,508 INFO "GET /v1/status HTTP/1.1" 200 -
2026-09-17 09:44:57,562 INFO "GET /v1/status HTTP/1.1" 200 -
2026-09-17 09:44:57,621 INFO "GET /v1/status HTTP/1.1" 200 -
2026-09-17 09:44:57,679 INFO "GET /v1/status HTTP/1.1" 200 -
2026-09-17 09:44:57,735 INFO "GET /v1/status HTTP/1.1" 200 -
[transformers] PyTorch was not found. Models won't be available and only tokenizers, configuration and file/data utilities can be used.
2026-09-17 10:07:46,621 INFO "GET /v1/status HTTP/1.1" 200 -
2026-09-17 10:07:47,624 INFO "GET /v1/status HTTP/1.1" 200 -
2026-09-17 10:07:48,154 INFO ubc_evict: evicted 5070.2 MB from UBC for ~/mlx-models/Qwen3.6-35B-A3B-Abliterated-Heretic-MLX-4bit/model-00001-of-00005.safetensors
2026-09-17 10:07:48,193 INFO ubc_evict: evicted 5098.4 MB from UBC for ~/mlx-models/Qwen3.6-35B-A3B-Abliterated-Heretic-MLX-4bit/model-00002-of-00005.safetensors
2026-09-17 10:07:48,234 INFO ubc_evict: evicted 5097.1 MB from UBC for ~/mlx-models/Qwen3.6-35B-A3B-Abliterated-Heretic-MLX-4bit/model-00003-of-00005.safetensors
2026-09-17 10:07:48,273 INFO ubc_evict: evicted 5036.3 MB from UBC for ~/mlx-models/Qwen3.6-35B-A3B-Abliterated-Heretic-MLX-4bit/model-00004-of-00005.safetensors
2026-09-17 10:07:48,293 INFO ubc_evict: evicted 2311.0 MB from UBC for ~/mlx-models/Qwen3.6-35B-A3B-Abliterated-Heretic-MLX-4bit/model-00005-of-00005.safetensors
2026-09-17 10:07:48,293 INFO ubc_evict: evicted 851.8 MB from UBC for ~/mlx-models/Qwen3.6-35B-A3B-Abliterated-Heretic-MLX-4bit/model-vision-00001-of-00001.safetensors
2026-09-17 10:07:48,293 INFO ubc_evict: pass complete total_mb=23464.8 elapsed_s=0.18
2026-09-17 10:07:48,810 INFO "GET /v1/status HTTP/1.1" 200 -
2026-09-17 10:07:49,815 INFO "GET /v1/status HTTP/1.1" 200 -
2026-09-17 10:07:49,870 INFO "GET /v1/status HTTP/1.1" 200 -
2026-09-17 10:07:50,609 INFO "POST /v1/chat/completions HTTP/1.1" 200 -
2026-09-17 10:07:51,208 INFO "POST /v1/chat/completions HTTP/1.1" 200 -
2026-09-17 10:07:51,806 INFO "POST /v1/chat/completions HTTP/1.1" 200 -
2026-09-17 10:07:52,398 INFO "POST /v1/chat/completions HTTP/1.1" 200 -
2026-09-17 10:07:52,988 INFO "POST /v1/chat/completions HTTP/1.1" 200 -
2026-09-17 10:07:53,579 INFO "POST /v1/chat/completions HTTP/1.1" 200 -
2026-09-17 10:07:54,171 INFO "POST /v1/chat/completions HTTP/1.1" 200 -
2026-09-17 10:07:54,763 INFO "POST /v1/chat/completions HTTP/1.1" 200 -
2026-09-17 10:07:55,354 INFO "POST /v1/chat/completions HTTP/1.1" 200 -
2026-09-17 10:07:55,946 INFO "POST /v1/chat/completions HTTP/1.1" 200 -
2026-09-17 10:07:56,542 INFO "POST /v1/chat/completions HTTP/1.1" 200 -
2026-09-17 10:07:57,139 INFO "POST /v1/chat/completions HTTP/1.1" 200 -
2026-09-17 10:07:57,736 INFO "POST /v1/chat/completions HTTP/1.1" 200 -
2026-09-17 10:07:58,333 INFO "POST /v1/chat/completions HTTP/1.1" 200 -
2026-09-17 10:07:58,974 INFO "POST /v1/chat/completions HTTP/1.1" 200 -
2026-09-17 10:07:59,581 INFO "POST /v1/chat/completions HTTP/1.1" 200 -
2026-09-17 10:08:00,171 INFO "POST /v1/chat/completions HTTP/1.1" 200 -
2026-09-17 10:08:00,778 INFO "POST /v1/chat/completions HTTP/1.1" 200 -
2026-09-17 10:08:01,379 INFO "POST /v1/chat/completions HTTP/1.1" 200 -
2026-09-17 10:08:01,978 INFO "POST /v1/chat/completions HTTP/1.1" 200 -
2026-09-17 10:08:04,479 INFO "POST /v1/chat/completions HTTP/1.1" 200 -
2026-09-17 10:08:04,479 INFO "POST /v1/chat/completions HTTP/1.1" 200 -
2026-09-17 10:08:04,531 INFO "POST /v1/chat/completions HTTP/1.1" 200 -
2026-09-17 10:08:04,531 INFO "POST /v1/chat/completions HTTP/1.1" 200 -
2026-09-17 10:08:04,578 INFO "POST /v1/chat/completions HTTP/1.1" 200 -
2026-09-17 10:08:04,578 INFO "POST /v1/chat/completions HTTP/1.1" 200 -
2026-09-17 10:08:04,624 INFO "POST /v1/chat/completions HTTP/1.1" 200 -
2026-09-17 10:08:04,624 INFO "POST /v1/chat/completions HTTP/1.1" 200 -
2026-09-17 10:08:04,661 INFO "POST /v1/chat/completions HTTP/1.1" 200 -
2026-09-17 10:08:04,665 INFO "POST /v1/chat/completions HTTP/1.1" 200 -
2026-09-17 10:08:04,701 INFO "POST /v1/chat/completions HTTP/1.1" 200 -
2026-09-17 10:08:04,701 INFO "POST /v1/chat/completions HTTP/1.1" 200 -
2026-09-17 10:08:04,734 INFO "POST /v1/chat/completions HTTP/1.1" 200 -
2026-09-17 10:08:04,734 INFO "POST /v1/chat/completions HTTP/1.1" 200 -
2026-09-17 10:08:04,759 INFO "POST /v1/chat/completions HTTP/1.1" 200 -
2026-09-17 10:08:04,763 INFO "POST /v1/chat/completions HTTP/1.1" 200 -
2026-09-17 10:08:04,789 INFO "POST /v1/chat/completions HTTP/1.1" 200 -
2026-09-17 10:08:04,789 INFO "POST /v1/chat/completions HTTP/1.1" 200 -
2026-09-17 10:08:04,807 INFO "POST /v1/chat/completions HTTP/1.1" 200 -
2026-09-17 10:08:04,807 INFO "POST /v1/chat/completions HTTP/1.1" 200 -
2026-09-17 10:08:04,808 INFO "GET /v1/status HTTP/1.1" 200 -
2026-09-17 10:08:04,865 INFO "GET /v1/status HTTP/1.1" 200 -
2026-09-17 10:08:04,921 INFO "GET /v1/status HTTP/1.1" 200 -
2026-09-17 10:08:04,974 INFO "GET /v1/status HTTP/1.1" 200 -
2026-09-17 10:08:05,026 INFO "GET /v1/status HTTP/1.1" 200 -
2026-09-17 10:08:05,083 INFO "GET /v1/status HTTP/1.1" 200 -
2026-09-17 10:08:05,140 INFO "GET /v1/status HTTP/1.1" 200 -
2026-09-17 10:08:05,198 INFO "GET /v1/status HTTP/1.1" 200 -
2026-09-17 10:08:05,255 INFO "GET /v1/status HTTP/1.1" 200 -
2026-09-17 10:08:05,310 INFO "GET /v1/status HTTP/1.1" 200 -
2026-09-17 10:08:05,368 INFO "GET /v1/status HTTP/1.1" 200 -
2026-09-17 10:08:05,401 INFO "GET /v1/status HTTP/1.1" 200 -
2026-09-17 10:08:06,005 INFO "POST /v1/chat/completions HTTP/1.1" 200 -
2026-09-17 10:08:06,579 INFO "POST /v1/chat/completions HTTP/1.1" 200 -
2026-09-17 10:08:07,170 INFO "POST /v1/chat/completions HTTP/1.1" 200 -
2026-09-17 10:08:07,724 INFO "POST /v1/chat/completions HTTP/1.1" 200 -
2026-09-17 10:08:08,286 INFO "POST /v1/chat/completions HTTP/1.1" 200 -
2026-09-17 10:08:08,841 INFO "POST /v1/chat/completions HTTP/1.1" 200 -
2026-09-17 10:08:09,404 INFO "POST /v1/chat/completions HTTP/1.1" 200 -
2026-09-17 10:08:09,960 INFO "POST /v1/chat/completions HTTP/1.1" 200 -
2026-09-17 10:08:10,522 INFO "POST /v1/chat/completions HTTP/1.1" 200 -
2026-09-17 10:08:11,080 INFO "POST /v1/chat/completions HTTP/1.1" 200 -
2026-09-17 10:08:11,641 INFO "POST /v1/chat/completions HTTP/1.1" 200 -
2026-09-17 10:08:12,193 INFO "POST /v1/chat/completions HTTP/1.1" 200 -
2026-09-17 10:08:12,747 INFO "POST /v1/chat/completions HTTP/1.1" 200 -
2026-09-17 10:08:13,299 INFO "POST /v1/chat/completions HTTP/1.1" 200 -
2026-09-17 10:08:13,860 INFO "POST /v1/chat/completions HTTP/1.1" 200 -
2026-09-17 10:08:14,422 INFO "POST /v1/chat/completions HTTP/1.1" 200 -
2026-09-17 10:08:14,983 INFO "POST /v1/chat/completions HTTP/1.1" 200 -
2026-09-17 10:08:15,548 INFO "POST /v1/chat/completions HTTP/1.1" 200 -
2026-09-17 10:08:16,129 INFO "POST /v1/chat/completions HTTP/1.1" 200 -
2026-09-17 10:08:16,690 INFO "POST /v1/chat/completions HTTP/1.1" 200 -
2026-09-17 10:08:19,214 INFO "POST /v1/chat/completions HTTP/1.1" 200 -
2026-09-17 10:08:19,214 INFO "POST /v1/chat/completions HTTP/1.1" 200 -
2026-09-17 10:08:19,266 INFO "POST /v1/chat/completions HTTP/1.1" 200 -
2026-09-17 10:08:19,266 INFO "POST /v1/chat/completions HTTP/1.1" 200 -
2026-09-17 10:08:19,314 INFO "POST /v1/chat/completions HTTP/1.1" 200 -
2026-09-17 10:08:19,314 INFO "POST /v1/chat/completions HTTP/1.1" 200 -
2026-09-17 10:08:19,359 INFO "POST /v1/chat/completions HTTP/1.1" 200 -
2026-09-17 10:08:19,359 INFO "POST /v1/chat/completions HTTP/1.1" 200 -
2026-09-17 10:08:19,399 INFO "POST /v1/chat/completions HTTP/1.1" 200 -
2026-09-17 10:08:19,400 INFO "POST /v1/chat/completions HTTP/1.1" 200 -
2026-09-17 10:08:19,437 INFO "POST /v1/chat/completions HTTP/1.1" 200 -
2026-09-17 10:08:19,437 INFO "POST /v1/chat/completions HTTP/1.1" 200 -
2026-09-17 10:08:19,470 INFO "POST /v1/chat/completions HTTP/1.1" 200 -
2026-09-17 10:08:19,470 INFO "POST /v1/chat/completions HTTP/1.1" 200 -
2026-09-17 10:08:19,496 INFO "POST /v1/chat/completions HTTP/1.1" 200 -
2026-09-17 10:08:19,500 INFO "POST /v1/chat/completions HTTP/1.1" 200 -
2026-09-17 10:08:19,525 INFO "POST /v1/chat/completions HTTP/1.1" 200 -
2026-09-17 10:08:19,525 INFO "POST /v1/chat/completions HTTP/1.1" 200 -
2026-09-17 10:08:19,544 INFO "POST /v1/chat/completions HTTP/1.1" 200 -
2026-09-17 10:08:19,544 INFO "POST /v1/chat/completions HTTP/1.1" 200 -
2026-09-17 10:08:19,545 INFO "GET /v1/status HTTP/1.1" 200 -
2026-09-17 10:08:19,601 INFO "GET /v1/status HTTP/1.1" 200 -
2026-09-17 10:08:19,657 INFO "GET /v1/status HTTP/1.1" 200 -
2026-09-17 10:08:19,714 INFO "GET /v1/status HTTP/1.1" 200 -
2026-09-17 10:08:19,772 INFO "GET /v1/status HTTP/1.1" 200 -
2026-09-17 10:08:19,829 INFO "GET /v1/status HTTP/1.1" 200 -
2026-09-17 10:08:19,882 INFO "GET /v1/status HTTP/1.1" 200 -
2026-09-17 10:08:19,941 INFO "GET /v1/status HTTP/1.1" 200 -
2026-09-17 10:08:20,000 INFO "GET /v1/status HTTP/1.1" 200 -
2026-09-17 10:08:20,058 INFO "GET /v1/status HTTP/1.1" 200 -
2026-09-17 10:08:20,117 INFO "GET /v1/status HTTP/1.1" 200 -
2026-09-17 10:08:20,176 INFO "GET /v1/status HTTP/1.1" 200 -
2026-09-17 10:08:20,234 INFO "GET /v1/status HTTP/1.1" 200 -
2026-09-17 10:08:20,293 INFO "GET /v1/status HTTP/1.1" 200 -
2026-09-17 10:08:20,350 INFO "GET /v1/status HTTP/1.1" 200 -
2026-09-17 10:08:20,406 INFO "GET /v1/status HTTP/1.1" 200 -
2026-09-17 10:08:20,463 INFO "GET /v1/status HTTP/1.1" 200 -
2026-09-17 10:08:20,496 INFO "GET /v1/status HTTP/1.1" 200 -
2026-09-17 10:08:21,081 INFO "POST /v1/chat/completions HTTP/1.1" 200 -
2026-09-17 10:08:21,646 INFO "POST /v1/chat/completions HTTP/1.1" 200 -
2026-09-17 10:08:22,220 INFO "POST /v1/chat/completions HTTP/1.1" 200 -
2026-09-17 10:08:22,788 INFO "POST /v1/chat/completions HTTP/1.1" 200 -
2026-09-17 10:08:23,349 INFO "POST /v1/chat/completions HTTP/1.1" 200 -
2026-09-17 10:08:23,929 INFO "POST /v1/chat/completions HTTP/1.1" 200 -
2026-09-17 10:08:24,484 INFO "POST /v1/chat/completions HTTP/1.1" 200 -
2026-09-17 10:08:25,045 INFO "POST /v1/chat/completions HTTP/1.1" 200 -
2026-09-17 10:08:25,601 INFO "POST /v1/chat/completions HTTP/1.1" 200 -
2026-09-17 10:08:26,161 INFO "POST /v1/chat/completions HTTP/1.1" 200 -
2026-09-17 10:08:26,719 INFO "POST /v1/chat/completions HTTP/1.1" 200 -
2026-09-17 10:08:27,280 INFO "POST /v1/chat/completions HTTP/1.1" 200 -
2026-09-17 10:08:27,837 INFO "POST /v1/chat/completions HTTP/1.1" 200 -
2026-09-17 10:08:28,399 INFO "POST /v1/chat/completions HTTP/1.1" 200 -
2026-09-17 10:08:28,955 INFO "POST /v1/chat/completions HTTP/1.1" 200 -
2026-09-17 10:08:29,516 INFO "POST /v1/chat/completions HTTP/1.1" 200 -
2026-09-17 10:08:30,088 INFO "POST /v1/chat/completions HTTP/1.1" 200 -
2026-09-17 10:08:30,653 INFO "POST /v1/chat/completions HTTP/1.1" 200 -
2026-09-17 10:08:31,220 INFO "POST /v1/chat/completions HTTP/1.1" 200 -
2026-09-17 10:08:31,784 INFO "POST /v1/chat/completions HTTP/1.1" 200 -
2026-09-17 10:08:34,316 INFO "POST /v1/chat/completions HTTP/1.1" 200 -
2026-09-17 10:08:34,316 INFO "POST /v1/chat/completions HTTP/1.1" 200 -
2026-09-17 10:08:34,367 INFO "POST /v1/chat/completions HTTP/1.1" 200 -
2026-09-17 10:08:34,367 INFO "POST /v1/chat/completions HTTP/1.1" 200 -
2026-09-17 10:08:34,415 INFO "POST /v1/chat/completions HTTP/1.1" 200 -
2026-09-17 10:08:34,415 INFO "POST /v1/chat/completions HTTP/1.1" 200 -
2026-09-17 10:08:34,459 INFO "POST /v1/chat/completions HTTP/1.1" 200 -
2026-09-17 10:08:34,459 INFO "POST /v1/chat/completions HTTP/1.1" 200 -
2026-09-17 10:08:34,503 INFO "POST /v1/chat/completions HTTP/1.1" 200 -
2026-09-17 10:08:34,503 INFO "POST /v1/chat/completions HTTP/1.1" 200 -
2026-09-17 10:08:34,540 INFO "POST /v1/chat/completions HTTP/1.1" 200 -
2026-09-17 10:08:34,540 INFO "POST /v1/chat/completions HTTP/1.1" 200 -
2026-09-17 10:08:34,574 INFO "POST /v1/chat/completions HTTP/1.1" 200 -
2026-09-17 10:08:34,574 INFO "POST /v1/chat/completions HTTP/1.1" 200 -
2026-09-17 10:08:34,604 INFO "POST /v1/chat/completions HTTP/1.1" 200 -
2026-09-17 10:08:34,604 INFO "POST /v1/chat/completions HTTP/1.1" 200 -
2026-09-17 10:08:34,626 INFO "POST /v1/chat/completions HTTP/1.1" 200 -
2026-09-17 10:08:34,630 INFO "POST /v1/chat/completions HTTP/1.1" 200 -
2026-09-17 10:08:34,649 INFO "POST /v1/chat/completions HTTP/1.1" 200 -
2026-09-17 10:08:34,649 INFO "POST /v1/chat/completions HTTP/1.1" 200 -
2026-09-17 10:08:34,650 INFO "GET /v1/status HTTP/1.1" 200 -
2026-09-17 10:08:34,707 INFO "GET /v1/status HTTP/1.1" 200 -
2026-09-17 10:08:34,764 INFO "GET /v1/status HTTP/1.1" 200 -
2026-09-17 10:08:34,822 INFO "GET /v1/status HTTP/1.1" 200 -
2026-09-17 10:08:34,875 INFO "GET /v1/status HTTP/1.1" 200 -
2026-09-17 10:08:34,931 INFO "GET /v1/status HTTP/1.1" 200 -
2026-09-17 10:08:34,987 INFO "GET /v1/status HTTP/1.1" 200 -
2026-09-17 10:08:35,044 INFO "GET /v1/status HTTP/1.1" 200 -
2026-09-17 10:08:35,103 INFO "GET /v1/status HTTP/1.1" 200 -
2026-09-17 10:08:35,160 INFO "GET /v1/status HTTP/1.1" 200 -
2026-09-17 10:08:35,216 INFO "GET /v1/status HTTP/1.1" 200 -
2026-09-17 10:08:35,274 INFO "GET /v1/status HTTP/1.1" 200 -
2026-09-17 10:08:35,333 INFO "GET /v1/status HTTP/1.1" 200 -
2026-09-17 10:08:35,391 INFO "GET /v1/status HTTP/1.1" 200 -
2026-09-17 10:08:35,450 INFO "GET /v1/status HTTP/1.1" 200 -
2026-09-17 10:08:35,509 INFO "GET /v1/status HTTP/1.1" 200 -
2026-09-17 10:08:35,576 INFO "GET /v1/status HTTP/1.1" 200 -
2026-09-17 10:08:35,608 INFO "GET /v1/status HTTP/1.1" 200 -
2026-09-17 10:08:36,228 INFO "POST /v1/chat/completions HTTP/1.1" 200 -
2026-09-17 10:08:36,788 INFO "POST /v1/chat/completions HTTP/1.1" 200 -
2026-09-17 10:08:37,353 INFO "POST /v1/chat/completions HTTP/1.1" 200 -
2026-09-17 10:08:37,909 INFO "POST /v1/chat/completions HTTP/1.1" 200 -
2026-09-17 10:08:38,470 INFO "POST /v1/chat/completions HTTP/1.1" 200 -
2026-09-17 10:08:39,033 INFO "POST /v1/chat/completions HTTP/1.1" 200 -
2026-09-17 10:08:39,594 INFO "POST /v1/chat/completions HTTP/1.1" 200 -
2026-09-17 10:08:40,162 INFO "POST /v1/chat/completions HTTP/1.1" 200 -
2026-09-17 10:08:40,767 INFO "POST /v1/chat/completions HTTP/1.1" 200 -
2026-09-17 10:08:41,336 INFO "POST /v1/chat/completions HTTP/1.1" 200 -
2026-09-17 10:08:41,911 INFO "POST /v1/chat/completions HTTP/1.1" 200 -
2026-09-17 10:08:42,479 INFO "POST /v1/chat/completions HTTP/1.1" 200 -
2026-09-17 10:08:43,044 INFO "POST /v1/chat/completions HTTP/1.1" 200 -
2026-09-17 10:08:43,609 INFO "POST /v1/chat/completions HTTP/1.1" 200 -
2026-09-17 10:08:44,168 INFO "POST /v1/chat/completions HTTP/1.1" 200 -
2026-09-17 10:08:44,732 INFO "POST /v1/chat/completions HTTP/1.1" 200 -
2026-09-17 10:08:45,297 INFO "POST /v1/chat/completions HTTP/1.1" 200 -
2026-09-17 10:08:45,862 INFO "POST /v1/chat/completions HTTP/1.1" 200 -
2026-09-17 10:08:46,425 INFO "POST /v1/chat/completions HTTP/1.1" 200 -
2026-09-17 10:08:46,991 INFO "POST /v1/chat/completions HTTP/1.1" 200 -
2026-09-17 10:08:49,560 INFO "POST /v1/chat/completions HTTP/1.1" 200 -
2026-09-17 10:08:49,560 INFO "POST /v1/chat/completions HTTP/1.1" 200 -
2026-09-17 10:08:49,611 INFO "POST /v1/chat/completions HTTP/1.1" 200 -
2026-09-17 10:08:49,612 INFO "POST /v1/chat/completions HTTP/1.1" 200 -
2026-09-17 10:08:49,659 INFO "POST /v1/chat/completions HTTP/1.1" 200 -
2026-09-17 10:08:49,663 INFO "POST /v1/chat/completions HTTP/1.1" 200 -
2026-09-17 10:08:49,709 INFO "POST /v1/chat/completions HTTP/1.1" 200 -
2026-09-17 10:08:49,709 INFO "POST /v1/chat/completions HTTP/1.1" 200 -
2026-09-17 10:08:49,750 INFO "POST /v1/chat/completions HTTP/1.1" 200 -
2026-09-17 10:08:49,750 INFO "POST /v1/chat/completions HTTP/1.1" 200 -
2026-09-17 10:08:49,786 INFO "POST /v1/chat/completions HTTP/1.1" 200 -
2026-09-17 10:08:49,786 INFO "POST /v1/chat/completions HTTP/1.1" 200 -
2026-09-17 10:08:49,819 INFO "POST /v1/chat/completions HTTP/1.1" 200 -
2026-09-17 10:08:49,819 INFO "POST /v1/chat/completions HTTP/1.1" 200 -
2026-09-17 10:08:49,848 INFO "POST /v1/chat/completions HTTP/1.1" 200 -
2026-09-17 10:08:49,848 INFO "POST /v1/chat/completions HTTP/1.1" 200 -
2026-09-17 10:08:49,875 INFO "POST /v1/chat/completions HTTP/1.1" 200 -
2026-09-17 10:08:49,875 INFO "POST /v1/chat/completions HTTP/1.1" 200 -
2026-09-17 10:08:49,893 INFO "POST /v1/chat/completions HTTP/1.1" 200 -
2026-09-17 10:08:49,893 INFO "POST /v1/chat/completions HTTP/1.1" 200 -
2026-09-17 10:08:49,895 INFO "GET /v1/status HTTP/1.1" 200 -
2026-09-17 10:08:49,951 INFO "GET /v1/status HTTP/1.1" 200 -
2026-09-17 10:08:50,007 INFO "GET /v1/status HTTP/1.1" 200 -
2026-09-17 10:08:50,064 INFO "GET /v1/status HTTP/1.1" 200 -
2026-09-17 10:08:50,118 INFO "GET /v1/status HTTP/1.1" 200 -
2026-09-17 10:08:50,175 INFO "GET /v1/status HTTP/1.1" 200 -
2026-09-17 10:08:50,233 INFO "GET /v1/status HTTP/1.1" 200 -
2026-09-17 10:08:50,291 INFO "GET /v1/status HTTP/1.1" 200 -
2026-09-17 10:08:50,349 INFO "GET /v1/status HTTP/1.1" 200 -
2026-09-17 10:08:50,409 INFO "GET /v1/status HTTP/1.1" 200 -
2026-09-17 10:08:50,465 INFO "GET /v1/status HTTP/1.1" 200 -
2026-09-17 10:08:50,523 INFO "GET /v1/status HTTP/1.1" 200 -
2026-09-17 10:08:50,581 INFO "GET /v1/status HTTP/1.1" 200 -
2026-09-17 10:08:50,639 INFO "GET /v1/status HTTP/1.1" 200 -
2026-09-17 10:08:50,696 INFO "GET /v1/status HTTP/1.1" 200 -
2026-09-17 10:08:50,769 INFO "GET /v1/status HTTP/1.1" 200 -
2026-09-17 10:08:50,814 INFO "GET /v1/status HTTP/1.1" 200 -
2026-09-17 10:08:51,404 INFO "POST /v1/chat/completions HTTP/1.1" 200 -
2026-09-17 10:08:52,021 INFO "POST /v1/chat/completions HTTP/1.1" 200 -
2026-09-17 10:08:52,650 INFO "POST /v1/chat/completions HTTP/1.1" 200 -
2026-09-17 10:08:53,246 INFO "POST /v1/chat/completions HTTP/1.1" 200 -
2026-09-17 10:08:53,822 INFO "POST /v1/chat/completions HTTP/1.1" 200 -
2026-09-17 10:08:54,398 INFO "POST /v1/chat/completions HTTP/1.1" 200 -
2026-09-17 10:08:54,997 INFO "POST /v1/chat/completions HTTP/1.1" 200 -
2026-09-17 10:08:55,555 INFO "POST /v1/chat/completions HTTP/1.1" 200 -
2026-09-17 10:08:56,114 INFO "POST /v1/chat/completions HTTP/1.1" 200 -
2026-09-17 10:08:56,669 INFO "POST /v1/chat/completions HTTP/1.1" 200 -
2026-09-17 10:08:57,243 INFO "POST /v1/chat/completions HTTP/1.1" 200 -
2026-09-17 10:08:57,803 INFO "POST /v1/chat/completions HTTP/1.1" 200 -
2026-09-17 10:08:58,365 INFO "POST /v1/chat/completions HTTP/1.1" 200 -
2026-09-17 10:08:58,930 INFO "POST /v1/chat/completions HTTP/1.1" 200 -
2026-09-17 10:08:59,524 INFO "POST /v1/chat/completions HTTP/1.1" 200 -
2026-09-17 10:09:00,122 INFO "POST /v1/chat/completions HTTP/1.1" 200 -
2026-09-17 10:09:00,714 INFO "POST /v1/chat/completions HTTP/1.1" 200 -
2026-09-17 10:09:01,316 INFO "POST /v1/chat/completions HTTP/1.1" 200 -
2026-09-17 10:09:01,890 INFO "POST /v1/chat/completions HTTP/1.1" 200 -
2026-09-17 10:09:02,492 INFO "POST /v1/chat/completions HTTP/1.1" 200 -
2026-09-17 10:09:05,400 INFO "POST /v1/chat/completions HTTP/1.1" 200 -
2026-09-17 10:09:05,400 INFO "POST /v1/chat/completions HTTP/1.1" 200 -
2026-09-17 10:09:05,460 INFO "POST /v1/chat/completions HTTP/1.1" 200 -
2026-09-17 10:09:05,460 INFO "POST /v1/chat/completions HTTP/1.1" 200 -
2026-09-17 10:09:05,514 INFO "POST /v1/chat/completions HTTP/1.1" 200 -
2026-09-17 10:09:05,514 INFO "POST /v1/chat/completions HTTP/1.1" 200 -
2026-09-17 10:09:05,565 INFO "POST /v1/chat/completions HTTP/1.1" 200 -
2026-09-17 10:09:05,566 INFO "POST /v1/chat/completions HTTP/1.1" 200 -
2026-09-17 10:09:05,609 INFO "POST /v1/chat/completions HTTP/1.1" 200 -
2026-09-17 10:09:05,613 INFO "POST /v1/chat/completions HTTP/1.1" 200 -
2026-09-17 10:09:05,653 INFO "POST /v1/chat/completions HTTP/1.1" 200 -
2026-09-17 10:09:05,653 INFO "POST /v1/chat/completions HTTP/1.1" 200 -
2026-09-17 10:09:05,688 INFO "POST /v1/chat/completions HTTP/1.1" 200 -
2026-09-17 10:09:05,688 INFO "POST /v1/chat/completions HTTP/1.1" 200 -
2026-09-17 10:09:05,720 INFO "POST /v1/chat/completions HTTP/1.1" 200 -
2026-09-17 10:09:05,720 INFO "POST /v1/chat/completions HTTP/1.1" 200 -
2026-09-17 10:09:05,748 INFO "POST /v1/chat/completions HTTP/1.1" 200 -
2026-09-17 10:09:05,748 INFO "POST /v1/chat/completions HTTP/1.1" 200 -
2026-09-17 10:09:05,768 INFO "POST /v1/chat/completions HTTP/1.1" 200 -
2026-09-17 10:09:05,768 INFO "POST /v1/chat/completions HTTP/1.1" 200 -
2026-09-17 10:09:05,770 INFO "GET /v1/status HTTP/1.1" 200 -
2026-09-17 10:09:05,825 INFO "GET /v1/status HTTP/1.1" 200 -
2026-09-17 10:09:05,882 INFO "GET /v1/status HTTP/1.1" 200 -
2026-09-17 10:09:05,944 INFO "GET /v1/status HTTP/1.1" 200 -
2026-09-17 10:09:05,975 INFO "GET /v1/status HTTP/1.1" 200 -
2026-09-17 10:09:06,543 INFO "POST /v1/chat/completions HTTP/1.1" 200 -
2026-09-17 10:09:07,112 INFO "POST /v1/chat/completions HTTP/1.1" 200 -
2026-09-17 10:09:07,683 INFO "POST /v1/chat/completions HTTP/1.1" 200 -
2026-09-17 10:09:08,244 INFO "POST /v1/chat/completions HTTP/1.1" 200 -
2026-09-17 10:09:08,802 INFO "POST /v1/chat/completions HTTP/1.1" 200 -
2026-09-17 10:09:09,364 INFO "POST /v1/chat/completions HTTP/1.1" 200 -
2026-09-17 10:09:09,945 INFO "POST /v1/chat/completions HTTP/1.1" 200 -
2026-09-17 10:09:10,504 INFO "POST /v1/chat/completions HTTP/1.1" 200 -
2026-09-17 10:09:11,111 INFO "POST /v1/chat/completions HTTP/1.1" 200 -
2026-09-17 10:09:11,675 INFO "POST /v1/chat/completions HTTP/1.1" 200 -
2026-09-17 10:09:12,242 INFO "POST /v1/chat/completions HTTP/1.1" 200 -
2026-09-17 10:09:12,824 INFO "POST /v1/chat/completions HTTP/1.1" 200 -
2026-09-17 10:09:13,392 INFO "POST /v1/chat/completions HTTP/1.1" 200 -
2026-09-17 10:09:13,957 INFO "POST /v1/chat/completions HTTP/1.1" 200 -
2026-09-17 10:09:14,536 INFO "POST /v1/chat/completions HTTP/1.1" 200 -
2026-09-17 10:09:15,103 INFO "POST /v1/chat/completions HTTP/1.1" 200 -
2026-09-17 10:09:15,671 INFO "POST /v1/chat/completions HTTP/1.1" 200 -
2026-09-17 10:09:16,235 INFO "POST /v1/chat/completions HTTP/1.1" 200 -
2026-09-17 10:09:16,803 INFO "POST /v1/chat/completions HTTP/1.1" 200 -
2026-09-17 10:09:17,370 INFO "POST /v1/chat/completions HTTP/1.1" 200 -
2026-09-17 10:09:20,331 INFO "POST /v1/chat/completions HTTP/1.1" 200 -
2026-09-17 10:09:20,332 INFO "POST /v1/chat/completions HTTP/1.1" 200 -
2026-09-17 10:09:20,394 INFO "POST /v1/chat/completions HTTP/1.1" 200 -
2026-09-17 10:09:20,394 INFO "POST /v1/chat/completions HTTP/1.1" 200 -
2026-09-17 10:09:20,449 INFO "POST /v1/chat/completions HTTP/1.1" 200 -
2026-09-17 10:09:20,449 INFO "POST /v1/chat/completions HTTP/1.1" 200 -
2026-09-17 10:09:20,499 INFO "POST /v1/chat/completions HTTP/1.1" 200 -
2026-09-17 10:09:20,499 INFO "POST /v1/chat/completions HTTP/1.1" 200 -
2026-09-17 10:09:20,544 INFO "POST /v1/chat/completions HTTP/1.1" 200 -
2026-09-17 10:09:20,544 INFO "POST /v1/chat/completions HTTP/1.1" 200 -
2026-09-17 10:09:20,583 INFO "POST /v1/chat/completions HTTP/1.1" 200 -
2026-09-17 10:09:20,583 INFO "POST /v1/chat/completions HTTP/1.1" 200 -
2026-09-17 10:09:20,619 INFO "POST /v1/chat/completions HTTP/1.1" 200 -
2026-09-17 10:09:20,619 INFO "POST /v1/chat/completions HTTP/1.1" 200 -
2026-09-17 10:09:20,651 INFO "POST /v1/chat/completions HTTP/1.1" 200 -
2026-09-17 10:09:20,651 INFO "POST /v1/chat/completions HTTP/1.1" 200 -
2026-09-17 10:09:20,678 INFO "POST /v1/chat/completions HTTP/1.1" 200 -
2026-09-17 10:09:20,678 INFO "POST /v1/chat/completions HTTP/1.1" 200 -
2026-09-17 10:09:20,697 INFO "POST /v1/chat/completions HTTP/1.1" 200 -
2026-09-17 10:09:20,697 INFO "POST /v1/chat/completions HTTP/1.1" 200 -
2026-09-17 10:09:20,699 INFO "GET /v1/status HTTP/1.1" 200 -
2026-09-17 10:09:20,756 INFO "GET /v1/status HTTP/1.1" 200 -
2026-09-17 10:09:20,813 INFO "GET /v1/status HTTP/1.1" 200 -
2026-09-17 10:09:20,870 INFO "GET /v1/status HTTP/1.1" 200 -
2026-09-17 10:09:20,926 INFO "GET /v1/status HTTP/1.1" 200 -
2026-09-17 10:09:20,985 INFO "GET /v1/status HTTP/1.1" 200 -
2026-09-17 10:09:21,042 INFO "GET /v1/status HTTP/1.1" 200 -
2026-09-17 10:09:21,118 INFO "GET /v1/status HTTP/1.1" 200 -
2026-09-17 10:09:21,151 INFO "GET /v1/status HTTP/1.1" 200 -
2026-09-17 10:09:21,731 INFO "POST /v1/chat/completions HTTP/1.1" 200 -
2026-09-17 10:09:22,333 INFO "POST /v1/chat/completions HTTP/1.1" 200 -
2026-09-17 10:09:22,901 INFO "POST /v1/chat/completions HTTP/1.1" 200 -
2026-09-17 10:09:23,466 INFO "POST /v1/chat/completions HTTP/1.1" 200 -
2026-09-17 10:09:24,021 INFO "POST /v1/chat/completions HTTP/1.1" 200 -
2026-09-17 10:09:24,597 INFO "POST /v1/chat/completions HTTP/1.1" 200 -
2026-09-17 10:09:25,161 INFO "POST /v1/chat/completions HTTP/1.1" 200 -
2026-09-17 10:09:25,722 INFO "POST /v1/chat/completions HTTP/1.1" 200 -
2026-09-17 10:09:26,278 INFO "POST /v1/chat/completions HTTP/1.1" 200 -
2026-09-17 10:09:26,845 INFO "POST /v1/chat/completions HTTP/1.1" 200 -
2026-09-17 10:09:27,405 INFO "POST /v1/chat/completions HTTP/1.1" 200 -
2026-09-17 10:09:27,962 INFO "POST /v1/chat/completions HTTP/1.1" 200 -
2026-09-17 10:09:28,518 INFO "POST /v1/chat/completions HTTP/1.1" 200 -
2026-09-17 10:09:29,078 INFO "POST /v1/chat/completions HTTP/1.1" 200 -
2026-09-17 10:09:29,638 INFO "POST /v1/chat/completions HTTP/1.1" 200 -
2026-09-17 10:09:30,203 INFO "POST /v1/chat/completions HTTP/1.1" 200 -
2026-09-17 10:09:30,771 INFO "POST /v1/chat/completions HTTP/1.1" 200 -
2026-09-17 10:09:31,346 INFO "POST /v1/chat/completions HTTP/1.1" 200 -
2026-09-17 10:09:31,913 INFO "POST /v1/chat/completions HTTP/1.1" 200 -
2026-09-17 10:09:32,481 INFO "POST /v1/chat/completions HTTP/1.1" 200 -
2026-09-17 10:09:35,489 INFO "POST /v1/chat/completions HTTP/1.1" 200 -
2026-09-17 10:09:35,489 INFO "POST /v1/chat/completions HTTP/1.1" 200 -
2026-09-17 10:09:35,549 INFO "POST /v1/chat/completions HTTP/1.1" 200 -
2026-09-17 10:09:35,549 INFO "POST /v1/chat/completions HTTP/1.1" 200 -
2026-09-17 10:09:35,605 INFO "POST /v1/chat/completions HTTP/1.1" 200 -
2026-09-17 10:09:35,605 INFO "POST /v1/chat/completions HTTP/1.1" 200 -
2026-09-17 10:09:35,657 INFO "POST /v1/chat/completions HTTP/1.1" 200 -
2026-09-17 10:09:35,657 INFO "POST /v1/chat/completions HTTP/1.1" 200 -
2026-09-17 10:09:35,705 INFO "POST /v1/chat/completions HTTP/1.1" 200 -
2026-09-17 10:09:35,705 INFO "POST /v1/chat/completions HTTP/1.1" 200 -
2026-09-17 10:09:35,745 INFO "POST /v1/chat/completions HTTP/1.1" 200 -
2026-09-17 10:09:35,745 INFO "POST /v1/chat/completions HTTP/1.1" 200 -
2026-09-17 10:09:35,798 INFO "POST /v1/chat/completions HTTP/1.1" 200 -
2026-09-17 10:09:35,798 INFO "POST /v1/chat/completions HTTP/1.1" 200 -
2026-09-17 10:09:35,827 INFO "POST /v1/chat/completions HTTP/1.1" 200 -
2026-09-17 10:09:35,830 INFO "POST /v1/chat/completions HTTP/1.1" 200 -
2026-09-17 10:09:35,858 INFO "POST /v1/chat/completions HTTP/1.1" 200 -
2026-09-17 10:09:35,858 INFO "POST /v1/chat/completions HTTP/1.1" 200 -
2026-09-17 10:09:35,876 INFO "POST /v1/chat/completions HTTP/1.1" 200 -
2026-09-17 10:09:35,878 INFO "POST /v1/chat/completions HTTP/1.1" 200 -
2026-09-17 10:09:35,879 INFO "GET /v1/status HTTP/1.1" 200 -
2026-09-17 10:09:35,936 INFO "GET /v1/status HTTP/1.1" 200 -
2026-09-17 10:09:35,993 INFO "GET /v1/status HTTP/1.1" 200 -
2026-09-17 10:09:36,051 INFO "GET /v1/status HTTP/1.1" 200 -
2026-09-17 10:09:36,108 INFO "GET /v1/status HTTP/1.1" 200 -
2026-09-17 10:09:36,166 INFO "GET /v1/status HTTP/1.1" 200 -
2026-09-17 10:09:36,224 INFO "GET /v1/status HTTP/1.1" 200 -
2026-09-17 10:09:36,279 INFO "GET /v1/status HTTP/1.1" 200 -
2026-09-17 10:09:36,372 INFO "GET /v1/status HTTP/1.1" 200 -
2026-09-17 10:09:36,407 INFO "GET /v1/status HTTP/1.1" 200 -
2026-09-17 10:09:37,005 INFO "POST /v1/chat/completions HTTP/1.1" 200 -
2026-09-17 10:09:37,573 INFO "POST /v1/chat/completions HTTP/1.1" 200 -
2026-09-17 10:09:38,138 INFO "POST /v1/chat/completions HTTP/1.1" 200 -
2026-09-17 10:09:38,704 INFO "POST /v1/chat/completions HTTP/1.1" 200 -
2026-09-17 10:09:39,293 INFO "POST /v1/chat/completions HTTP/1.1" 200 -
2026-09-17 10:09:39,854 INFO "POST /v1/chat/completions HTTP/1.1" 200 -
2026-09-17 10:09:40,411 INFO "POST /v1/chat/completions HTTP/1.1" 200 -
2026-09-17 10:09:40,970 INFO "POST /v1/chat/completions HTTP/1.1" 200 -
2026-09-17 10:09:41,526 INFO "POST /v1/chat/completions HTTP/1.1" 200 -
2026-09-17 10:09:42,083 INFO "POST /v1/chat/completions HTTP/1.1" 200 -
2026-09-17 10:09:42,640 INFO "POST /v1/chat/completions HTTP/1.1" 200 -
2026-09-17 10:09:43,201 INFO "POST /v1/chat/completions HTTP/1.1" 200 -
2026-09-17 10:09:43,761 INFO "POST /v1/chat/completions HTTP/1.1" 200 -
2026-09-17 10:09:44,321 INFO "POST /v1/chat/completions HTTP/1.1" 200 -
2026-09-17 10:09:44,877 INFO "POST /v1/chat/completions HTTP/1.1" 200 -
2026-09-17 10:09:45,441 INFO "POST /v1/chat/completions HTTP/1.1" 200 -
2026-09-17 10:09:46,004 INFO "POST /v1/chat/completions HTTP/1.1" 200 -
2026-09-17 10:09:46,573 INFO "POST /v1/chat/completions HTTP/1.1" 200 -
2026-09-17 10:09:47,145 INFO "POST /v1/chat/completions HTTP/1.1" 200 -
2026-09-17 10:09:47,719 INFO "POST /v1/chat/completions HTTP/1.1" 200 -
2026-09-17 10:09:50,773 INFO "POST /v1/chat/completions HTTP/1.1" 200 -
2026-09-17 10:09:50,778 INFO "POST /v1/chat/completions HTTP/1.1" 200 -
2026-09-17 10:09:50,839 INFO "POST /v1/chat/completions HTTP/1.1" 200 -
2026-09-17 10:09:50,839 INFO "POST /v1/chat/completions HTTP/1.1" 200 -
2026-09-17 10:09:50,894 INFO "POST /v1/chat/completions HTTP/1.1" 200 -
2026-09-17 10:09:50,894 INFO "POST /v1/chat/completions HTTP/1.1" 200 -
2026-09-17 10:09:50,940 INFO "POST /v1/chat/completions HTTP/1.1" 200 -
2026-09-17 10:09:50,944 INFO "POST /v1/chat/completions HTTP/1.1" 200 -
2026-09-17 10:09:50,990 INFO "POST /v1/chat/completions HTTP/1.1" 200 -
2026-09-17 10:09:50,990 INFO "POST /v1/chat/completions HTTP/1.1" 200 -
2026-09-17 10:09:51,030 INFO "POST /v1/chat/completions HTTP/1.1" 200 -
2026-09-17 10:09:51,030 INFO "POST /v1/chat/completions HTTP/1.1" 200 -
2026-09-17 10:09:51,067 INFO "POST /v1/chat/completions HTTP/1.1" 200 -
2026-09-17 10:09:51,068 INFO "POST /v1/chat/completions HTTP/1.1" 200 -
2026-09-17 10:09:51,099 INFO "POST /v1/chat/completions HTTP/1.1" 200 -
2026-09-17 10:09:51,099 INFO "POST /v1/chat/completions HTTP/1.1" 200 -
2026-09-17 10:09:51,123 INFO "POST /v1/chat/completions HTTP/1.1" 200 -
2026-09-17 10:09:51,127 INFO "POST /v1/chat/completions HTTP/1.1" 200 -
2026-09-17 10:09:51,147 INFO "POST /v1/chat/completions HTTP/1.1" 200 -
2026-09-17 10:09:51,147 INFO "POST /v1/chat/completions HTTP/1.1" 200 -
2026-09-17 10:09:51,148 INFO "GET /v1/status HTTP/1.1" 200 -
2026-09-17 10:09:51,205 INFO "GET /v1/status HTTP/1.1" 200 -
2026-09-17 10:09:51,257 INFO "GET /v1/status HTTP/1.1" 200 -
2026-09-17 10:09:51,314 INFO "GET /v1/status HTTP/1.1" 200 -
2026-09-17 10:09:51,373 INFO "GET /v1/status HTTP/1.1" 200 -
2026-09-17 10:09:51,430 INFO "GET /v1/status HTTP/1.1" 200 -
2026-09-17 10:09:51,525 INFO "GET /v1/status HTTP/1.1" 200 -
2026-09-17 10:09:51,557 INFO "GET /v1/status HTTP/1.1" 200 -
2026-09-17 10:09:52,137 INFO "POST /v1/chat/completions HTTP/1.1" 200 -
2026-09-17 10:09:52,703 INFO "POST /v1/chat/completions HTTP/1.1" 200 -
2026-09-17 10:09:53,273 INFO "POST /v1/chat/completions HTTP/1.1" 200 -
2026-09-17 10:09:53,835 INFO "POST /v1/chat/completions HTTP/1.1" 200 -
2026-09-17 10:09:54,397 INFO "POST /v1/chat/completions HTTP/1.1" 200 -
2026-09-17 10:09:54,963 INFO "POST /v1/chat/completions HTTP/1.1" 200 -
2026-09-17 10:09:55,550 INFO "POST /v1/chat/completions HTTP/1.1" 200 -
2026-09-17 10:09:56,111 INFO "POST /v1/chat/completions HTTP/1.1" 200 -
2026-09-17 10:09:56,666 INFO "POST /v1/chat/completions HTTP/1.1" 200 -
2026-09-17 10:09:57,224 INFO "POST /v1/chat/completions HTTP/1.1" 200 -
2026-09-17 10:09:57,778 INFO "POST /v1/chat/completions HTTP/1.1" 200 -
2026-09-17 10:09:58,337 INFO "POST /v1/chat/completions HTTP/1.1" 200 -
2026-09-17 10:09:58,899 INFO "POST /v1/chat/completions HTTP/1.1" 200 -
2026-09-17 10:09:59,466 INFO "POST /v1/chat/completions HTTP/1.1" 200 -
2026-09-17 10:10:00,035 INFO "POST /v1/chat/completions HTTP/1.1" 200 -
2026-09-17 10:10:00,603 INFO "POST /v1/chat/completions HTTP/1.1" 200 -
2026-09-17 10:10:01,170 INFO "POST /v1/chat/completions HTTP/1.1" 200 -
2026-09-17 10:10:01,739 INFO "POST /v1/chat/completions HTTP/1.1" 200 -
2026-09-17 10:10:02,304 INFO "POST /v1/chat/completions HTTP/1.1" 200 -
2026-09-17 10:10:02,876 INFO "POST /v1/chat/completions HTTP/1.1" 200 -
2026-09-17 10:10:05,925 INFO "POST /v1/chat/completions HTTP/1.1" 200 -
2026-09-17 10:10:05,930 INFO "POST /v1/chat/completions HTTP/1.1" 200 -
2026-09-17 10:10:05,990 INFO "POST /v1/chat/completions HTTP/1.1" 200 -
2026-09-17 10:10:05,991 INFO "POST /v1/chat/completions HTTP/1.1" 200 -
2026-09-17 10:10:06,042 INFO "POST /v1/chat/completions HTTP/1.1" 200 -
2026-09-17 10:10:06,046 INFO "POST /v1/chat/completions HTTP/1.1" 200 -
2026-09-17 10:10:06,096 INFO "POST /v1/chat/completions HTTP/1.1" 200 -
2026-09-17 10:10:06,096 INFO "POST /v1/chat/completions HTTP/1.1" 200 -
2026-09-17 10:10:06,142 INFO "POST /v1/chat/completions HTTP/1.1" 200 -
2026-09-17 10:10:06,142 INFO "POST /v1/chat/completions HTTP/1.1" 200 -
2026-09-17 10:10:06,182 INFO "POST /v1/chat/completions HTTP/1.1" 200 -
2026-09-17 10:10:06,182 INFO "POST /v1/chat/completions HTTP/1.1" 200 -
2026-09-17 10:10:06,219 INFO "POST /v1/chat/completions HTTP/1.1" 200 -
2026-09-17 10:10:06,219 INFO "POST /v1/chat/completions HTTP/1.1" 200 -
2026-09-17 10:10:06,251 INFO "POST /v1/chat/completions HTTP/1.1" 200 -
2026-09-17 10:10:06,251 INFO "POST /v1/chat/completions HTTP/1.1" 200 -
2026-09-17 10:10:06,279 INFO "POST /v1/chat/completions HTTP/1.1" 200 -
2026-09-17 10:10:06,279 INFO "POST /v1/chat/completions HTTP/1.1" 200 -
2026-09-17 10:10:06,299 INFO "POST /v1/chat/completions HTTP/1.1" 200 -
2026-09-17 10:10:06,299 INFO "POST /v1/chat/completions HTTP/1.1" 200 -
2026-09-17 10:10:06,301 INFO "GET /v1/status HTTP/1.1" 200 -
2026-09-17 10:10:06,356 INFO "GET /v1/status HTTP/1.1" 200 -
2026-09-17 10:10:06,413 INFO "GET /v1/status HTTP/1.1" 200 -
2026-09-17 10:10:06,471 INFO "GET /v1/status HTTP/1.1" 200 -
2026-09-17 10:10:06,525 INFO "GET /v1/status HTTP/1.1" 200 -
2026-09-17 10:10:06,583 INFO "GET /v1/status HTTP/1.1" 200 -
2026-09-17 10:10:06,679 INFO "GET /v1/status HTTP/1.1" 200 -
2026-09-17 10:10:06,713 INFO "GET /v1/status HTTP/1.1" 200 -
2026-09-17 10:10:07,287 INFO "POST /v1/chat/completions HTTP/1.1" 200 -
2026-09-17 10:10:07,885 INFO "POST /v1/chat/completions HTTP/1.1" 200 -
2026-09-17 10:10:08,450 INFO "POST /v1/chat/completions HTTP/1.1" 200 -
2026-09-17 10:10:09,007 INFO "POST /v1/chat/completions HTTP/1.1" 200 -
2026-09-17 10:10:09,565 INFO "POST /v1/chat/completions HTTP/1.1" 200 -
2026-09-17 10:10:10,172 INFO "POST /v1/chat/completions HTTP/1.1" 200 -
2026-09-17 10:10:10,731 INFO "POST /v1/chat/completions HTTP/1.1" 200 -
2026-09-17 10:10:11,289 INFO "POST /v1/chat/completions HTTP/1.1" 200 -
2026-09-17 10:10:11,848 INFO "POST /v1/chat/completions HTTP/1.1" 200 -
2026-09-17 10:10:12,405 INFO "POST /v1/chat/completions HTTP/1.1" 200 -
2026-09-17 10:10:12,971 INFO "POST /v1/chat/completions HTTP/1.1" 200 -
2026-09-17 10:10:13,535 INFO "POST /v1/chat/completions HTTP/1.1" 200 -
2026-09-17 10:10:14,103 INFO "POST /v1/chat/completions HTTP/1.1" 200 -
2026-09-17 10:10:14,670 INFO "POST /v1/chat/completions HTTP/1.1" 200 -
2026-09-17 10:10:15,234 INFO "POST /v1/chat/completions HTTP/1.1" 200 -
2026-09-17 10:10:15,801 INFO "POST /v1/chat/completions HTTP/1.1" 200 -
2026-09-17 10:10:16,366 INFO "POST /v1/chat/completions HTTP/1.1" 200 -
2026-09-17 10:10:16,939 INFO "POST /v1/chat/completions HTTP/1.1" 200 -
2026-09-17 10:10:17,504 INFO "POST /v1/chat/completions HTTP/1.1" 200 -
2026-09-17 10:10:18,074 INFO "POST /v1/chat/completions HTTP/1.1" 200 -
2026-09-17 10:10:21,112 INFO "POST /v1/chat/completions HTTP/1.1" 200 -
2026-09-17 10:10:21,116 INFO "POST /v1/chat/completions HTTP/1.1" 200 -
2026-09-17 10:10:21,173 INFO "POST /v1/chat/completions HTTP/1.1" 200 -
2026-09-17 10:10:21,177 INFO "POST /v1/chat/completions HTTP/1.1" 200 -
2026-09-17 10:10:21,231 INFO "POST /v1/chat/completions HTTP/1.1" 200 -
2026-09-17 10:10:21,231 INFO "POST /v1/chat/completions HTTP/1.1" 200 -
2026-09-17 10:10:21,278 INFO "POST /v1/chat/completions HTTP/1.1" 200 -
2026-09-17 10:10:21,282 INFO "POST /v1/chat/completions HTTP/1.1" 200 -
2026-09-17 10:10:21,328 INFO "POST /v1/chat/completions HTTP/1.1" 200 -
2026-09-17 10:10:21,328 INFO "POST /v1/chat/completions HTTP/1.1" 200 -
2026-09-17 10:10:21,368 INFO "POST /v1/chat/completions HTTP/1.1" 200 -
2026-09-17 10:10:21,368 INFO "POST /v1/chat/completions HTTP/1.1" 200 -
2026-09-17 10:10:21,403 INFO "POST /v1/chat/completions HTTP/1.1" 200 -
2026-09-17 10:10:21,403 INFO "POST /v1/chat/completions HTTP/1.1" 200 -
2026-09-17 10:10:21,435 INFO "POST /v1/chat/completions HTTP/1.1" 200 -
2026-09-17 10:10:21,435 INFO "POST /v1/chat/completions HTTP/1.1" 200 -
2026-09-17 10:10:21,462 INFO "POST /v1/chat/completions HTTP/1.1" 200 -
2026-09-17 10:10:21,462 INFO "POST /v1/chat/completions HTTP/1.1" 200 -
2026-09-17 10:10:21,482 INFO "POST /v1/chat/completions HTTP/1.1" 200 -
2026-09-17 10:10:21,482 INFO "POST /v1/chat/completions HTTP/1.1" 200 -
2026-09-17 10:10:21,484 INFO "GET /v1/status HTTP/1.1" 200 -
2026-09-17 10:10:21,540 INFO "GET /v1/status HTTP/1.1" 200 -
2026-09-17 10:10:21,597 INFO "GET /v1/status HTTP/1.1" 200 -
2026-09-17 10:10:21,655 INFO "GET /v1/status HTTP/1.1" 200 -
2026-09-17 10:10:21,711 INFO "GET /v1/status HTTP/1.1" 200 -
2026-09-17 10:10:21,769 INFO "GET /v1/status HTTP/1.1" 200 -
2026-09-17 10:10:21,890 INFO "GET /v1/status HTTP/1.1" 200 -
2026-09-17 10:10:21,922 INFO "GET /v1/status HTTP/1.1" 200 -
2026-09-17 10:10:22,507 INFO "POST /v1/chat/completions HTTP/1.1" 200 -
2026-09-17 10:10:23,080 INFO "POST /v1/chat/completions HTTP/1.1" 200 -
2026-09-17 10:10:23,655 INFO "POST /v1/chat/completions HTTP/1.1" 200 -
2026-09-17 10:10:24,223 INFO "POST /v1/chat/completions HTTP/1.1" 200 -
2026-09-17 10:10:24,820 INFO "POST /v1/chat/completions HTTP/1.1" 200 -
2026-09-17 10:10:25,388 INFO "POST /v1/chat/completions HTTP/1.1" 200 -
2026-09-17 10:10:25,955 INFO "POST /v1/chat/completions HTTP/1.1" 200 -
2026-09-17 10:10:26,519 INFO "POST /v1/chat/completions HTTP/1.1" 200 -
2026-09-17 10:10:27,081 INFO "POST /v1/chat/completions HTTP/1.1" 200 -
2026-09-17 10:10:27,635 INFO "POST /v1/chat/completions HTTP/1.1" 200 -
2026-09-17 10:10:28,195 INFO "POST /v1/chat/completions HTTP/1.1" 200 -
2026-09-17 10:10:28,747 INFO "POST /v1/chat/completions HTTP/1.1" 200 -
2026-09-17 10:10:29,307 INFO "POST /v1/chat/completions HTTP/1.1" 200 -
2026-09-17 10:10:29,864 INFO "POST /v1/chat/completions HTTP/1.1" 200 -
2026-09-17 10:10:30,422 INFO "POST /v1/chat/completions HTTP/1.1" 200 -
2026-09-17 10:10:30,995 INFO "POST /v1/chat/completions HTTP/1.1" 200 -
2026-09-17 10:10:31,553 INFO "POST /v1/chat/completions HTTP/1.1" 200 -
2026-09-17 10:10:32,109 INFO "POST /v1/chat/completions HTTP/1.1" 200 -
2026-09-17 10:10:32,668 INFO "POST /v1/chat/completions HTTP/1.1" 200 -
2026-09-17 10:10:33,225 INFO "POST /v1/chat/completions HTTP/1.1" 200 -
2026-09-17 10:10:36,138 INFO "POST /v1/chat/completions HTTP/1.1" 200 -
2026-09-17 10:10:36,142 INFO "POST /v1/chat/completions HTTP/1.1" 200 -
2026-09-17 10:10:36,203 INFO "POST /v1/chat/completions HTTP/1.1" 200 -
2026-09-17 10:10:36,203 INFO "POST /v1/chat/completions HTTP/1.1" 200 -
2026-09-17 10:10:36,255 INFO "POST /v1/chat/completions HTTP/1.1" 200 -
2026-09-17 10:10:36,258 INFO "POST /v1/chat/completions HTTP/1.1" 200 -
2026-09-17 10:10:36,310 INFO "POST /v1/chat/completions HTTP/1.1" 200 -
2026-09-17 10:10:36,310 INFO "POST /v1/chat/completions HTTP/1.1" 200 -
2026-09-17 10:10:36,357 INFO "POST /v1/chat/completions HTTP/1.1" 200 -
2026-09-17 10:10:36,357 INFO "POST /v1/chat/completions HTTP/1.1" 200 -
2026-09-17 10:10:36,397 INFO "POST /v1/chat/completions HTTP/1.1" 200 -
2026-09-17 10:10:36,398 INFO "POST /v1/chat/completions HTTP/1.1" 200 -
2026-09-17 10:10:36,434 INFO "POST /v1/chat/completions HTTP/1.1" 200 -
2026-09-17 10:10:36,434 INFO "POST /v1/chat/completions HTTP/1.1" 200 -
2026-09-17 10:10:36,466 INFO "POST /v1/chat/completions HTTP/1.1" 200 -
2026-09-17 10:10:36,467 INFO "POST /v1/chat/completions HTTP/1.1" 200 -
2026-09-17 10:10:36,494 INFO "POST /v1/chat/completions HTTP/1.1" 200 -
2026-09-17 10:10:36,494 INFO "POST /v1/chat/completions HTTP/1.1" 200 -
2026-09-17 10:10:36,514 INFO "POST /v1/chat/completions HTTP/1.1" 200 -
2026-09-17 10:10:36,514 INFO "POST /v1/chat/completions HTTP/1.1" 200 -
2026-09-17 10:10:36,515 INFO "GET /v1/status HTTP/1.1" 200 -
2026-09-17 10:10:36,572 INFO "GET /v1/status HTTP/1.1" 200 -
2026-09-17 10:10:36,629 INFO "GET /v1/status HTTP/1.1" 200 -
2026-09-17 10:10:36,687 INFO "GET /v1/status HTTP/1.1" 200 -
2026-09-17 10:10:36,744 INFO "GET /v1/status HTTP/1.1" 200 -
2026-09-17 10:10:36,798 INFO "GET /v1/status HTTP/1.1" 200 -
2026-09-17 10:10:36,858 INFO "GET /v1/status HTTP/1.1" 200 -
2026-09-17 10:10:36,916 INFO "GET /v1/status HTTP/1.1" 200 -
2026-09-17 10:10:37,023 INFO "GET /v1/status HTTP/1.1" 200 -
2026-09-17 10:10:37,056 INFO "GET /v1/status HTTP/1.1" 200 -
2026-09-17 10:10:37,659 INFO "POST /v1/chat/completions HTTP/1.1" 200 -
2026-09-17 10:10:38,230 INFO "POST /v1/chat/completions HTTP/1.1" 200 -
2026-09-17 10:10:38,789 INFO "POST /v1/chat/completions HTTP/1.1" 200 -
2026-09-17 10:10:39,349 INFO "POST /v1/chat/completions HTTP/1.1" 200 -
2026-09-17 10:10:39,909 INFO "POST /v1/chat/completions HTTP/1.1" 200 -
2026-09-17 10:10:40,464 INFO "POST /v1/chat/completions HTTP/1.1" 200 -
2026-09-17 10:10:41,025 INFO "POST /v1/chat/completions HTTP/1.1" 200 -
2026-09-17 10:10:41,606 INFO "POST /v1/chat/completions HTTP/1.1" 200 -
2026-09-17 10:10:42,170 INFO "POST /v1/chat/completions HTTP/1.1" 200 -
2026-09-17 10:10:42,741 INFO "POST /v1/chat/completions HTTP/1.1" 200 -
2026-09-17 10:10:43,303 INFO "POST /v1/chat/completions HTTP/1.1" 200 -
2026-09-17 10:10:43,859 INFO "POST /v1/chat/completions HTTP/1.1" 200 -
2026-09-17 10:10:44,417 INFO "POST /v1/chat/completions HTTP/1.1" 200 -
2026-09-17 10:10:44,971 INFO "POST /v1/chat/completions HTTP/1.1" 200 -
2026-09-17 10:10:45,530 INFO "POST /v1/chat/completions HTTP/1.1" 200 -
2026-09-17 10:10:46,095 INFO "POST /v1/chat/completions HTTP/1.1" 200 -
2026-09-17 10:10:46,651 INFO "POST /v1/chat/completions HTTP/1.1" 200 -
2026-09-17 10:10:47,205 INFO "POST /v1/chat/completions HTTP/1.1" 200 -
2026-09-17 10:10:47,762 INFO "POST /v1/chat/completions HTTP/1.1" 200 -
2026-09-17 10:10:48,326 INFO "POST /v1/chat/completions HTTP/1.1" 200 -
2026-09-17 10:10:51,316 INFO "POST /v1/chat/completions HTTP/1.1" 200 -
2026-09-17 10:10:51,316 INFO "POST /v1/chat/completions HTTP/1.1" 200 -
2026-09-17 10:10:51,377 INFO "POST /v1/chat/completions HTTP/1.1" 200 -
2026-09-17 10:10:51,377 INFO "POST /v1/chat/completions HTTP/1.1" 200 -
2026-09-17 10:10:51,431 INFO "POST /v1/chat/completions HTTP/1.1" 200 -
2026-09-17 10:10:51,431 INFO "POST /v1/chat/completions HTTP/1.1" 200 -
2026-09-17 10:10:51,482 INFO "POST /v1/chat/completions HTTP/1.1" 200 -
2026-09-17 10:10:51,482 INFO "POST /v1/chat/completions HTTP/1.1" 200 -
2026-09-17 10:10:51,528 INFO "POST /v1/chat/completions HTTP/1.1" 200 -
2026-09-17 10:10:51,528 INFO "POST /v1/chat/completions HTTP/1.1" 200 -
2026-09-17 10:10:51,568 INFO "POST /v1/chat/completions HTTP/1.1" 200 -
2026-09-17 10:10:51,568 INFO "POST /v1/chat/completions HTTP/1.1" 200 -
2026-09-17 10:10:51,605 INFO "POST /v1/chat/completions HTTP/1.1" 200 -
2026-09-17 10:10:51,605 INFO "POST /v1/chat/completions HTTP/1.1" 200 -
2026-09-17 10:10:51,637 INFO "POST /v1/chat/completions HTTP/1.1" 200 -
2026-09-17 10:10:51,637 INFO "POST /v1/chat/completions HTTP/1.1" 200 -
2026-09-17 10:10:51,664 INFO "POST /v1/chat/completions HTTP/1.1" 200 -
2026-09-17 10:10:51,665 INFO "POST /v1/chat/completions HTTP/1.1" 200 -
2026-09-17 10:10:51,684 INFO "POST /v1/chat/completions HTTP/1.1" 200 -
2026-09-17 10:10:51,684 INFO "POST /v1/chat/completions HTTP/1.1" 200 -
2026-09-17 10:10:51,686 INFO "GET /v1/status HTTP/1.1" 200 -
2026-09-17 10:10:51,742 INFO "GET /v1/status HTTP/1.1" 200 -
2026-09-17 10:10:51,799 INFO "GET /v1/status HTTP/1.1" 200 -
2026-09-17 10:10:51,857 INFO "GET /v1/status HTTP/1.1" 200 -
2026-09-17 10:10:51,916 INFO "GET /v1/status HTTP/1.1" 200 -
2026-09-17 10:10:51,974 INFO "GET /v1/status HTTP/1.1" 200 -
2026-09-17 10:10:52,033 INFO "GET /v1/status HTTP/1.1" 200 -
2026-09-17 10:10:52,145 INFO "GET /v1/status HTTP/1.1" 200 -
2026-09-17 10:10:52,178 INFO "GET /v1/status HTTP/1.1" 200 -
2026-09-17 10:10:52,761 INFO "POST /v1/chat/completions HTTP/1.1" 200 -
2026-09-17 10:10:53,328 INFO "POST /v1/chat/completions HTTP/1.1" 200 -
2026-09-17 10:10:53,912 INFO "POST /v1/chat/completions HTTP/1.1" 200 -
2026-09-17 10:10:54,489 INFO "POST /v1/chat/completions HTTP/1.1" 200 -
2026-09-17 10:10:55,044 INFO "POST /v1/chat/completions HTTP/1.1" 200 -
2026-09-17 10:10:55,603 INFO "POST /v1/chat/completions HTTP/1.1" 200 -
2026-09-17 10:10:56,159 INFO "POST /v1/chat/completions HTTP/1.1" 200 -
2026-09-17 10:10:56,716 INFO "POST /v1/chat/completions HTTP/1.1" 200 -
2026-09-17 10:10:57,268 INFO "POST /v1/chat/completions HTTP/1.1" 200 -
2026-09-17 10:10:57,827 INFO "POST /v1/chat/completions HTTP/1.1" 200 -
2026-09-17 10:10:58,392 INFO "POST /v1/chat/completions HTTP/1.1" 200 -
2026-09-17 10:10:58,948 INFO "POST /v1/chat/completions HTTP/1.1" 200 -
2026-09-17 10:10:59,500 INFO "POST /v1/chat/completions HTTP/1.1" 200 -
2026-09-17 10:11:00,055 INFO "POST /v1/chat/completions HTTP/1.1" 200 -
2026-09-17 10:11:00,609 INFO "POST /v1/chat/completions HTTP/1.1" 200 -
2026-09-17 10:11:01,164 INFO "POST /v1/chat/completions HTTP/1.1" 200 -
2026-09-17 10:11:01,719 INFO "POST /v1/chat/completions HTTP/1.1" 200 -
2026-09-17 10:11:02,277 INFO "POST /v1/chat/completions HTTP/1.1" 200 -
2026-09-17 10:11:02,832 INFO "POST /v1/chat/completions HTTP/1.1" 200 -
2026-09-17 10:11:03,388 INFO "POST /v1/chat/completions HTTP/1.1" 200 -
2026-09-17 10:11:06,348 INFO "POST /v1/chat/completions HTTP/1.1" 200 -
2026-09-17 10:11:06,348 INFO "POST /v1/chat/completions HTTP/1.1" 200 -
2026-09-17 10:11:06,404 INFO "POST /v1/chat/completions HTTP/1.1" 200 -
2026-09-17 10:11:06,409 INFO "POST /v1/chat/completions HTTP/1.1" 200 -
2026-09-17 10:11:06,464 INFO "POST /v1/chat/completions HTTP/1.1" 200 -
2026-09-17 10:11:06,464 INFO "POST /v1/chat/completions HTTP/1.1" 200 -
2026-09-17 10:11:06,515 INFO "POST /v1/chat/completions HTTP/1.1" 200 -
2026-09-17 10:11:06,515 INFO "POST /v1/chat/completions HTTP/1.1" 200 -
2026-09-17 10:11:06,561 INFO "POST /v1/chat/completions HTTP/1.1" 200 -
2026-09-17 10:11:06,561 INFO "POST /v1/chat/completions HTTP/1.1" 200 -
2026-09-17 10:11:06,602 INFO "POST /v1/chat/completions HTTP/1.1" 200 -
2026-09-17 10:11:06,602 INFO "POST /v1/chat/completions HTTP/1.1" 200 -
2026-09-17 10:11:06,638 INFO "POST /v1/chat/completions HTTP/1.1" 200 -
2026-09-17 10:11:06,638 INFO "POST /v1/chat/completions HTTP/1.1" 200 -
2026-09-17 10:11:06,669 INFO "POST /v1/chat/completions HTTP/1.1" 200 -
2026-09-17 10:11:06,670 INFO "POST /v1/chat/completions HTTP/1.1" 200 -
2026-09-17 10:11:06,697 INFO "POST /v1/chat/completions HTTP/1.1" 200 -
2026-09-17 10:11:06,697 INFO "POST /v1/chat/completions HTTP/1.1" 200 -
2026-09-17 10:11:06,717 INFO "POST /v1/chat/completions HTTP/1.1" 200 -
2026-09-17 10:11:06,717 INFO "POST /v1/chat/completions HTTP/1.1" 200 -
2026-09-17 10:11:06,718 INFO "GET /v1/status HTTP/1.1" 200 -
2026-09-17 10:11:06,774 INFO "GET /v1/status HTTP/1.1" 200 -
2026-09-17 10:11:06,831 INFO "GET /v1/status HTTP/1.1" 200 -
2026-09-17 10:11:06,888 INFO "GET /v1/status HTTP/1.1" 200 -
2026-09-17 10:11:06,945 INFO "GET /v1/status HTTP/1.1" 200 -
2026-09-17 10:11:07,000 INFO "GET /v1/status HTTP/1.1" 200 -
2026-09-17 10:11:07,059 INFO "GET /v1/status HTTP/1.1" 200 -
2026-09-17 10:11:07,118 INFO "GET /v1/status HTTP/1.1" 200 -
2026-09-17 10:11:07,178 INFO "GET /v1/status HTTP/1.1" 200 -
2026-09-17 10:11:07,301 INFO "GET /v1/status HTTP/1.1" 200 -
2026-09-17 10:11:07,333 INFO "GET /v1/status HTTP/1.1" 200 -
2026-09-17 10:11:07,947 INFO "POST /v1/chat/completions HTTP/1.1" 200 -
2026-09-17 10:11:08,512 INFO "POST /v1/chat/completions HTTP/1.1" 200 -
2026-09-17 10:11:09,069 INFO "POST /v1/chat/completions HTTP/1.1" 200 -
2026-09-17 10:11:09,629 INFO "POST /v1/chat/completions HTTP/1.1" 200 -
2026-09-17 10:11:10,228 INFO "POST /v1/chat/completions HTTP/1.1" 200 -
2026-09-17 10:11:10,807 INFO "POST /v1/chat/completions HTTP/1.1" 200 -
2026-09-17 10:11:11,361 INFO "POST /v1/chat/completions HTTP/1.1" 200 -
2026-09-17 10:11:11,915 INFO "POST /v1/chat/completions HTTP/1.1" 200 -
2026-09-17 10:11:12,467 INFO "POST /v1/chat/completions HTTP/1.1" 200 -
2026-09-17 10:11:13,037 INFO "POST /v1/chat/completions HTTP/1.1" 200 -
2026-09-17 10:11:13,592 INFO "POST /v1/chat/completions HTTP/1.1" 200 -
2026-09-17 10:11:14,153 INFO "POST /v1/chat/completions HTTP/1.1" 200 -
2026-09-17 10:11:14,707 INFO "POST /v1/chat/completions HTTP/1.1" 200 -
2026-09-17 10:11:15,268 INFO "POST /v1/chat/completions HTTP/1.1" 200 -
2026-09-17 10:11:15,822 INFO "POST /v1/chat/completions HTTP/1.1" 200 -
2026-09-17 10:11:16,379 INFO "POST /v1/chat/completions HTTP/1.1" 200 -
2026-09-17 10:11:16,931 INFO "POST /v1/chat/completions HTTP/1.1" 200 -
2026-09-17 10:11:17,492 INFO "POST /v1/chat/completions HTTP/1.1" 200 -
2026-09-17 10:11:18,048 INFO "POST /v1/chat/completions HTTP/1.1" 200 -
2026-09-17 10:11:18,608 INFO "POST /v1/chat/completions HTTP/1.1" 200 -
2026-09-17 10:11:21,515 INFO "POST /v1/chat/completions HTTP/1.1" 200 -
2026-09-17 10:11:21,515 INFO "POST /v1/chat/completions HTTP/1.1" 200 -
2026-09-17 10:11:21,572 INFO "POST /v1/chat/completions HTTP/1.1" 200 -
2026-09-17 10:11:21,572 INFO "POST /v1/chat/completions HTTP/1.1" 200 -
2026-09-17 10:11:21,625 INFO "POST /v1/chat/completions HTTP/1.1" 200 -
2026-09-17 10:11:21,625 INFO "POST /v1/chat/completions HTTP/1.1" 200 -
2026-09-17 10:11:21,674 INFO "POST /v1/chat/completions HTTP/1.1" 200 -
2026-09-17 10:11:21,674 INFO "POST /v1/chat/completions HTTP/1.1" 200 -
2026-09-17 10:11:21,719 INFO "POST /v1/chat/completions HTTP/1.1" 200 -
2026-09-17 10:11:21,719 INFO "POST /v1/chat/completions HTTP/1.1" 200 -
2026-09-17 10:11:21,757 INFO "POST /v1/chat/completions HTTP/1.1" 200 -
2026-09-17 10:11:21,758 INFO "POST /v1/chat/completions HTTP/1.1" 200 -
2026-09-17 10:11:21,792 INFO "POST /v1/chat/completions HTTP/1.1" 200 -
2026-09-17 10:11:21,792 INFO "POST /v1/chat/completions HTTP/1.1" 200 -
2026-09-17 10:11:21,821 INFO "POST /v1/chat/completions HTTP/1.1" 200 -
2026-09-17 10:11:21,824 INFO "POST /v1/chat/completions HTTP/1.1" 200 -
2026-09-17 10:11:21,852 INFO "POST /v1/chat/completions HTTP/1.1" 200 -
2026-09-17 10:11:21,852 INFO "POST /v1/chat/completions HTTP/1.1" 200 -
2026-09-17 10:11:21,871 INFO "POST /v1/chat/completions HTTP/1.1" 200 -
2026-09-17 10:11:21,871 INFO "POST /v1/chat/completions HTTP/1.1" 200 -
2026-09-17 10:11:21,873 INFO "GET /v1/status HTTP/1.1" 200 -
2026-09-17 10:11:21,929 INFO "GET /v1/status HTTP/1.1" 200 -
2026-09-17 10:11:21,983 INFO "GET /v1/status HTTP/1.1" 200 -
2026-09-17 10:11:22,041 INFO "GET /v1/status HTTP/1.1" 200 -
2026-09-17 10:11:22,099 INFO "GET /v1/status HTTP/1.1" 200 -
2026-09-17 10:11:22,157 INFO "GET /v1/status HTTP/1.1" 200 -
2026-09-17 10:11:22,211 INFO "GET /v1/status HTTP/1.1" 200 -
2026-09-17 10:11:22,268 INFO "GET /v1/status HTTP/1.1" 200 -
2026-09-17 10:11:22,325 INFO "GET /v1/status HTTP/1.1" 200 -
2026-09-17 10:11:22,452 INFO "GET /v1/status HTTP/1.1" 200 -
2026-09-17 10:11:22,484 INFO "GET /v1/status HTTP/1.1" 200 -
2026-09-17 10:11:23,134 INFO "POST /v1/chat/completions HTTP/1.1" 200 -
2026-09-17 10:11:23,698 INFO "POST /v1/chat/completions HTTP/1.1" 200 -
2026-09-17 10:11:24,253 INFO "POST /v1/chat/completions HTTP/1.1" 200 -
2026-09-17 10:11:24,811 INFO "POST /v1/chat/completions HTTP/1.1" 200 -
2026-09-17 10:11:25,369 INFO "POST /v1/chat/completions HTTP/1.1" 200 -
2026-09-17 10:11:25,926 INFO "POST /v1/chat/completions HTTP/1.1" 200 -
2026-09-17 10:11:26,483 INFO "POST /v1/chat/completions HTTP/1.1" 200 -
2026-09-17 10:11:27,044 INFO "POST /v1/chat/completions HTTP/1.1" 200 -
2026-09-17 10:11:27,601 INFO "POST /v1/chat/completions HTTP/1.1" 200 -
2026-09-17 10:11:28,157 INFO "POST /v1/chat/completions HTTP/1.1" 200 -
2026-09-17 10:11:28,711 INFO "POST /v1/chat/completions HTTP/1.1" 200 -
2026-09-17 10:11:29,268 INFO "POST /v1/chat/completions HTTP/1.1" 200 -
2026-09-17 10:11:29,822 INFO "POST /v1/chat/completions HTTP/1.1" 200 -
2026-09-17 10:11:30,379 INFO "POST /v1/chat/completions HTTP/1.1" 200 -
2026-09-17 10:11:30,936 INFO "POST /v1/chat/completions HTTP/1.1" 200 -
2026-09-17 10:11:31,495 INFO "POST /v1/chat/completions HTTP/1.1" 200 -
2026-09-17 10:11:32,051 INFO "POST /v1/chat/completions HTTP/1.1" 200 -
2026-09-17 10:11:32,610 INFO "POST /v1/chat/completions HTTP/1.1" 200 -
2026-09-17 10:11:33,162 INFO "POST /v1/chat/completions HTTP/1.1" 200 -
2026-09-17 10:11:33,716 INFO "POST /v1/chat/completions HTTP/1.1" 200 -
2026-09-17 10:11:36,590 INFO "POST /v1/chat/completions HTTP/1.1" 200 -
2026-09-17 10:11:36,590 INFO "POST /v1/chat/completions HTTP/1.1" 200 -
2026-09-17 10:11:36,649 INFO "POST /v1/chat/completions HTTP/1.1" 200 -
2026-09-17 10:11:36,649 INFO "POST /v1/chat/completions HTTP/1.1" 200 -
2026-09-17 10:11:36,704 INFO "POST /v1/chat/completions HTTP/1.1" 200 -
2026-09-17 10:11:36,704 INFO "POST /v1/chat/completions HTTP/1.1" 200 -
2026-09-17 10:11:36,755 INFO "POST /v1/chat/completions HTTP/1.1" 200 -
2026-09-17 10:11:36,755 INFO "POST /v1/chat/completions HTTP/1.1" 200 -
2026-09-17 10:11:36,800 INFO "POST /v1/chat/completions HTTP/1.1" 200 -
2026-09-17 10:11:36,800 INFO "POST /v1/chat/completions HTTP/1.1" 200 -
2026-09-17 10:11:36,838 INFO "POST /v1/chat/completions HTTP/1.1" 200 -
2026-09-17 10:11:36,838 INFO "POST /v1/chat/completions HTTP/1.1" 200 -
2026-09-17 10:11:36,873 INFO "POST /v1/chat/completions HTTP/1.1" 200 -
2026-09-17 10:11:36,873 INFO "POST /v1/chat/completions HTTP/1.1" 200 -
2026-09-17 10:11:36,905 INFO "POST /v1/chat/completions HTTP/1.1" 200 -
2026-09-17 10:11:36,905 INFO "POST /v1/chat/completions HTTP/1.1" 200 -
2026-09-17 10:11:36,933 INFO "POST /v1/chat/completions HTTP/1.1" 200 -
2026-09-17 10:11:36,933 INFO "POST /v1/chat/completions HTTP/1.1" 200 -
2026-09-17 10:11:36,951 INFO "POST /v1/chat/completions HTTP/1.1" 200 -
2026-09-17 10:11:36,953 INFO "POST /v1/chat/completions HTTP/1.1" 200 -
2026-09-17 10:11:36,955 INFO "GET /v1/status HTTP/1.1" 200 -
2026-09-17 10:11:37,011 INFO "GET /v1/status HTTP/1.1" 200 -
2026-09-17 10:11:37,069 INFO "GET /v1/status HTTP/1.1" 200 -
2026-09-17 10:11:37,124 INFO "GET /v1/status HTTP/1.1" 200 -
2026-09-17 10:11:37,182 INFO "GET /v1/status HTTP/1.1" 200 -
2026-09-17 10:11:37,239 INFO "GET /v1/status HTTP/1.1" 200 -
2026-09-17 10:11:37,296 INFO "GET /v1/status HTTP/1.1" 200 -
2026-09-17 10:11:37,352 INFO "GET /v1/status HTTP/1.1" 200 -
2026-09-17 10:11:37,410 INFO "GET /v1/status HTTP/1.1" 200 -
2026-09-17 10:11:37,467 INFO "GET /v1/status HTTP/1.1" 200 -
2026-09-17 10:11:37,597 INFO "GET /v1/status HTTP/1.1" 200 -
2026-09-17 10:11:37,629 INFO "GET /v1/status HTTP/1.1" 200 -
2026-09-17 10:11:38,235 INFO "POST /v1/chat/completions HTTP/1.1" 200 -
2026-09-17 10:11:38,799 INFO "POST /v1/chat/completions HTTP/1.1" 200 -
2026-09-17 10:11:39,394 INFO "POST /v1/chat/completions HTTP/1.1" 200 -
2026-09-17 10:11:39,947 INFO "POST /v1/chat/completions HTTP/1.1" 200 -
2026-09-17 10:11:40,504 INFO "POST /v1/chat/completions HTTP/1.1" 200 -
2026-09-17 10:11:41,058 INFO "POST /v1/chat/completions HTTP/1.1" 200 -
2026-09-17 10:11:41,617 INFO "POST /v1/chat/completions HTTP/1.1" 200 -
2026-09-17 10:11:42,169 INFO "POST /v1/chat/completions HTTP/1.1" 200 -
2026-09-17 10:11:42,728 INFO "POST /v1/chat/completions HTTP/1.1" 200 -
2026-09-17 10:11:43,285 INFO "POST /v1/chat/completions HTTP/1.1" 200 -
2026-09-17 10:11:43,846 INFO "POST /v1/chat/completions HTTP/1.1" 200 -
2026-09-17 10:11:44,400 INFO "POST /v1/chat/completions HTTP/1.1" 200 -
2026-09-17 10:11:44,959 INFO "POST /v1/chat/completions HTTP/1.1" 200 -
2026-09-17 10:11:45,514 INFO "POST /v1/chat/completions HTTP/1.1" 200 -
2026-09-17 10:11:46,070 INFO "POST /v1/chat/completions HTTP/1.1" 200 -
2026-09-17 10:11:46,628 INFO "POST /v1/chat/completions HTTP/1.1" 200 -
2026-09-17 10:11:47,185 INFO "POST /v1/chat/completions HTTP/1.1" 200 -
2026-09-17 10:11:47,743 INFO "POST /v1/chat/completions HTTP/1.1" 200 -
2026-09-17 10:11:48,303 INFO "POST /v1/chat/completions HTTP/1.1" 200 -
2026-09-17 10:11:48,879 INFO "POST /v1/chat/completions HTTP/1.1" 200 -
2026-09-17 10:11:51,690 INFO "POST /v1/chat/completions HTTP/1.1" 200 -
2026-09-17 10:11:51,690 INFO "POST /v1/chat/completions HTTP/1.1" 200 -
2026-09-17 10:11:51,747 INFO "POST /v1/chat/completions HTTP/1.1" 200 -
2026-09-17 10:11:51,748 INFO "POST /v1/chat/completions HTTP/1.1" 200 -
2026-09-17 10:11:51,800 INFO "POST /v1/chat/completions HTTP/1.1" 200 -
2026-09-17 10:11:51,801 INFO "POST /v1/chat/completions HTTP/1.1" 200 -
2026-09-17 10:11:51,846 INFO "POST /v1/chat/completions HTTP/1.1" 200 -
2026-09-17 10:11:51,849 INFO "POST /v1/chat/completions HTTP/1.1" 200 -
2026-09-17 10:11:51,894 INFO "POST /v1/chat/completions HTTP/1.1" 200 -
2026-09-17 10:11:51,894 INFO "POST /v1/chat/completions HTTP/1.1" 200 -
2026-09-17 10:11:51,934 INFO "POST /v1/chat/completions HTTP/1.1" 200 -
2026-09-17 10:11:51,934 INFO "POST /v1/chat/completions HTTP/1.1" 200 -
2026-09-17 10:11:51,970 INFO "POST /v1/chat/completions HTTP/1.1" 200 -
2026-09-17 10:11:51,970 INFO "POST /v1/chat/completions HTTP/1.1" 200 -
2026-09-17 10:11:52,002 INFO "POST /v1/chat/completions HTTP/1.1" 200 -
2026-09-17 10:11:52,002 INFO "POST /v1/chat/completions HTTP/1.1" 200 -
2026-09-17 10:11:52,030 INFO "POST /v1/chat/completions HTTP/1.1" 200 -
2026-09-17 10:11:52,030 INFO "POST /v1/chat/completions HTTP/1.1" 200 -
2026-09-17 10:11:52,050 INFO "POST /v1/chat/completions HTTP/1.1" 200 -
2026-09-17 10:11:52,050 INFO "POST /v1/chat/completions HTTP/1.1" 200 -
2026-09-17 10:11:52,051 INFO "GET /v1/status HTTP/1.1" 200 -
2026-09-17 10:11:52,108 INFO "GET /v1/status HTTP/1.1" 200 -
2026-09-17 10:11:52,165 INFO "GET /v1/status HTTP/1.1" 200 -
2026-09-17 10:11:52,219 INFO "GET /v1/status HTTP/1.1" 200 -
2026-09-17 10:11:52,275 INFO "GET /v1/status HTTP/1.1" 200 -
2026-09-17 10:11:52,331 INFO "GET /v1/status HTTP/1.1" 200 -
2026-09-17 10:11:52,386 INFO "GET /v1/status HTTP/1.1" 200 -
2026-09-17 10:11:52,445 INFO "GET /v1/status HTTP/1.1" 200 -
2026-09-17 10:11:52,501 INFO "GET /v1/status HTTP/1.1" 200 -
2026-09-17 10:11:52,560 INFO "GET /v1/status HTTP/1.1" 200 -
2026-09-17 10:11:52,619 INFO "GET /v1/status HTTP/1.1" 200 -
2026-09-17 10:11:52,676 INFO "GET /v1/status HTTP/1.1" 200 -
2026-09-17 10:11:52,813 INFO "GET /v1/status HTTP/1.1" 200 -
2026-09-17 10:11:52,846 INFO "GET /v1/status HTTP/1.1" 200 -
2026-09-17 10:11:53,434 INFO "POST /v1/chat/completions HTTP/1.1" 200 -
2026-09-17 10:11:53,996 INFO "POST /v1/chat/completions HTTP/1.1" 200 -
2026-09-17 10:11:54,561 INFO "POST /v1/chat/completions HTTP/1.1" 200 -
2026-09-17 10:11:55,121 INFO "POST /v1/chat/completions HTTP/1.1" 200 -
2026-09-17 10:11:55,683 INFO "POST /v1/chat/completions HTTP/1.1" 200 -
2026-09-17 10:11:56,268 INFO "POST /v1/chat/completions HTTP/1.1" 200 -
2026-09-17 10:11:56,826 INFO "POST /v1/chat/completions HTTP/1.1" 200 -
2026-09-17 10:11:57,380 INFO "POST /v1/chat/completions HTTP/1.1" 200 -
2026-09-17 10:11:57,938 INFO "POST /v1/chat/completions HTTP/1.1" 200 -
2026-09-17 10:11:58,495 INFO "POST /v1/chat/completions HTTP/1.1" 200 -
2026-09-17 10:11:59,054 INFO "POST /v1/chat/completions HTTP/1.1" 200 -
2026-09-17 10:11:59,609 INFO "POST /v1/chat/completions HTTP/1.1" 200 -
2026-09-17 10:12:00,169 INFO "POST /v1/chat/completions HTTP/1.1" 200 -
2026-09-17 10:12:00,753 INFO "POST /v1/chat/completions HTTP/1.1" 200 -
2026-09-17 10:12:01,310 INFO "POST /v1/chat/completions HTTP/1.1" 200 -
2026-09-17 10:12:01,864 INFO "POST /v1/chat/completions HTTP/1.1" 200 -
2026-09-17 10:12:02,420 INFO "POST /v1/chat/completions HTTP/1.1" 200 -
2026-09-17 10:12:02,977 INFO "POST /v1/chat/completions HTTP/1.1" 200 -
2026-09-17 10:12:03,535 INFO "POST /v1/chat/completions HTTP/1.1" 200 -
2026-09-17 10:12:04,091 INFO "POST /v1/chat/completions HTTP/1.1" 200 -
2026-09-17 10:12:06,855 INFO "POST /v1/chat/completions HTTP/1.1" 200 -
2026-09-17 10:12:06,855 INFO "POST /v1/chat/completions HTTP/1.1" 200 -
2026-09-17 10:12:06,910 INFO "POST /v1/chat/completions HTTP/1.1" 200 -
2026-09-17 10:12:06,914 INFO "POST /v1/chat/completions HTTP/1.1" 200 -
2026-09-17 10:12:06,967 INFO "POST /v1/chat/completions HTTP/1.1" 200 -
2026-09-17 10:12:06,968 INFO "POST /v1/chat/completions HTTP/1.1" 200 -
2026-09-17 10:12:07,017 INFO "POST /v1/chat/completions HTTP/1.1" 200 -
2026-09-17 10:12:07,017 INFO "POST /v1/chat/completions HTTP/1.1" 200 -
2026-09-17 10:12:07,057 INFO "POST /v1/chat/completions HTTP/1.1" 200 -
2026-09-17 10:12:07,061 INFO "POST /v1/chat/completions HTTP/1.1" 200 -
2026-09-17 10:12:07,100 INFO "POST /v1/chat/completions HTTP/1.1" 200 -
2026-09-17 10:12:07,100 INFO "POST /v1/chat/completions HTTP/1.1" 200 -
2026-09-17 10:12:07,135 INFO "POST /v1/chat/completions HTTP/1.1" 200 -
2026-09-17 10:12:07,135 INFO "POST /v1/chat/completions HTTP/1.1" 200 -
2026-09-17 10:12:07,167 INFO "POST /v1/chat/completions HTTP/1.1" 200 -
2026-09-17 10:12:07,167 INFO "POST /v1/chat/completions HTTP/1.1" 200 -
2026-09-17 10:12:07,191 INFO "POST /v1/chat/completions HTTP/1.1" 200 -
2026-09-17 10:12:07,194 INFO "POST /v1/chat/completions HTTP/1.1" 200 -
2026-09-17 10:12:07,214 INFO "POST /v1/chat/completions HTTP/1.1" 200 -
2026-09-17 10:12:07,214 INFO "POST /v1/chat/completions HTTP/1.1" 200 -
2026-09-17 10:12:07,215 INFO "GET /v1/status HTTP/1.1" 200 -
2026-09-17 10:12:07,272 INFO "GET /v1/status HTTP/1.1" 200 -
2026-09-17 10:12:07,325 INFO "GET /v1/status HTTP/1.1" 200 -
2026-09-17 10:12:07,382 INFO "GET /v1/status HTTP/1.1" 200 -
2026-09-17 10:12:07,441 INFO "GET /v1/status HTTP/1.1" 200 -
2026-09-17 10:12:07,496 INFO "GET /v1/status HTTP/1.1" 200 -
2026-09-17 10:12:07,554 INFO "GET /v1/status HTTP/1.1" 200 -
2026-09-17 10:12:07,609 INFO "GET /v1/status HTTP/1.1" 200 -
2026-09-17 10:12:07,667 INFO "GET /v1/status HTTP/1.1" 200 -
2026-09-17 10:12:07,726 INFO "GET /v1/status HTTP/1.1" 200 -
2026-09-17 10:12:07,781 INFO "GET /v1/status HTTP/1.1" 200 -
2026-09-17 10:12:07,927 INFO "GET /v1/status HTTP/1.1" 200 -
2026-09-17 10:12:07,960 INFO "GET /v1/status HTTP/1.1" 200 -
2026-09-17 10:12:08,560 INFO "POST /v1/chat/completions HTTP/1.1" 200 -
2026-09-17 10:12:09,119 INFO "POST /v1/chat/completions HTTP/1.1" 200 -
2026-09-17 10:12:09,675 INFO "POST /v1/chat/completions HTTP/1.1" 200 -
2026-09-17 10:12:10,230 INFO "POST /v1/chat/completions HTTP/1.1" 200 -
2026-09-17 10:12:10,828 INFO "POST /v1/chat/completions HTTP/1.1" 200 -
2026-09-17 10:12:11,383 INFO "POST /v1/chat/completions HTTP/1.1" 200 -
2026-09-17 10:12:11,936 INFO "POST /v1/chat/completions HTTP/1.1" 200 -
2026-09-17 10:12:12,507 INFO "POST /v1/chat/completions HTTP/1.1" 200 -
2026-09-17 10:12:13,075 INFO "POST /v1/chat/completions HTTP/1.1" 200 -
2026-09-17 10:12:13,628 INFO "POST /v1/chat/completions HTTP/1.1" 200 -
2026-09-17 10:12:14,184 INFO "POST /v1/chat/completions HTTP/1.1" 200 -
2026-09-17 10:12:14,738 INFO "POST /v1/chat/completions HTTP/1.1" 200 -
2026-09-17 10:12:15,300 INFO "POST /v1/chat/completions HTTP/1.1" 200 -
2026-09-17 10:12:15,853 INFO "POST /v1/chat/completions HTTP/1.1" 200 -
2026-09-17 10:12:16,408 INFO "POST /v1/chat/completions HTTP/1.1" 200 -
2026-09-17 10:12:16,961 INFO "POST /v1/chat/completions HTTP/1.1" 200 -
2026-09-17 10:12:17,522 INFO "POST /v1/chat/completions HTTP/1.1" 200 -
2026-09-17 10:12:18,076 INFO "POST /v1/chat/completions HTTP/1.1" 200 -
2026-09-17 10:12:18,632 INFO "POST /v1/chat/completions HTTP/1.1" 200 -
2026-09-17 10:12:19,188 INFO "POST /v1/chat/completions HTTP/1.1" 200 -
2026-09-17 10:12:21,952 INFO "POST /v1/chat/completions HTTP/1.1" 200 -
2026-09-17 10:12:21,952 INFO "POST /v1/chat/completions HTTP/1.1" 200 -
2026-09-17 10:12:22,011 INFO "POST /v1/chat/completions HTTP/1.1" 200 -
2026-09-17 10:12:22,011 INFO "POST /v1/chat/completions HTTP/1.1" 200 -
2026-09-17 10:12:22,065 INFO "POST /v1/chat/completions HTTP/1.1" 200 -
2026-09-17 10:12:22,065 INFO "POST /v1/chat/completions HTTP/1.1" 200 -
2026-09-17 10:12:22,115 INFO "POST /v1/chat/completions HTTP/1.1" 200 -
2026-09-17 10:12:22,115 INFO "POST /v1/chat/completions HTTP/1.1" 200 -
2026-09-17 10:12:22,157 INFO "POST /v1/chat/completions HTTP/1.1" 200 -
2026-09-17 10:12:22,161 INFO "POST /v1/chat/completions HTTP/1.1" 200 -
2026-09-17 10:12:22,200 INFO "POST /v1/chat/completions HTTP/1.1" 200 -
2026-09-17 10:12:22,200 INFO "POST /v1/chat/completions HTTP/1.1" 200 -
2026-09-17 10:12:22,236 INFO "POST /v1/chat/completions HTTP/1.1" 200 -
2026-09-17 10:12:22,236 INFO "POST /v1/chat/completions HTTP/1.1" 200 -
2026-09-17 10:12:22,269 INFO "POST /v1/chat/completions HTTP/1.1" 200 -
2026-09-17 10:12:22,269 INFO "POST /v1/chat/completions HTTP/1.1" 200 -
2026-09-17 10:12:22,296 INFO "POST /v1/chat/completions HTTP/1.1" 200 -
2026-09-17 10:12:22,296 INFO "POST /v1/chat/completions HTTP/1.1" 200 -
2026-09-17 10:12:22,315 INFO "POST /v1/chat/completions HTTP/1.1" 200 -
2026-09-17 10:12:22,315 INFO "POST /v1/chat/completions HTTP/1.1" 200 -
2026-09-17 10:12:22,317 INFO "GET /v1/status HTTP/1.1" 200 -
2026-09-17 10:12:22,373 INFO "GET /v1/status HTTP/1.1" 200 -
2026-09-17 10:12:22,430 INFO "GET /v1/status HTTP/1.1" 200 -
2026-09-17 10:12:22,487 INFO "GET /v1/status HTTP/1.1" 200 -
2026-09-17 10:12:22,542 INFO "GET /v1/status HTTP/1.1" 200 -
2026-09-17 10:12:22,599 INFO "GET /v1/status HTTP/1.1" 200 -
2026-09-17 10:12:22,659 INFO "GET /v1/status HTTP/1.1" 200 -
2026-09-17 10:12:22,718 INFO "GET /v1/status HTTP/1.1" 200 -
2026-09-17 10:12:22,775 INFO "GET /v1/status HTTP/1.1" 200 -
2026-09-17 10:12:22,835 INFO "GET /v1/status HTTP/1.1" 200 -
2026-09-17 10:12:22,893 INFO "GET /v1/status HTTP/1.1" 200 -
2026-09-17 10:12:23,032 INFO "GET /v1/status HTTP/1.1" 200 -
2026-09-17 10:12:23,066 INFO "GET /v1/status HTTP/1.1" 200 -
2026-09-17 10:12:23,654 INFO "POST /v1/chat/completions HTTP/1.1" 200 -
2026-09-17 10:12:24,237 INFO "POST /v1/chat/completions HTTP/1.1" 200 -
2026-09-17 10:12:24,795 INFO "POST /v1/chat/completions HTTP/1.1" 200 -
2026-09-17 10:12:25,388 INFO "POST /v1/chat/completions HTTP/1.1" 200 -
2026-09-17 10:12:25,946 INFO "POST /v1/chat/completions HTTP/1.1" 200 -
2026-09-17 10:12:26,507 INFO "POST /v1/chat/completions HTTP/1.1" 200 -
2026-09-17 10:12:27,064 INFO "POST /v1/chat/completions HTTP/1.1" 200 -
2026-09-17 10:12:27,624 INFO "POST /v1/chat/completions HTTP/1.1" 200 -
2026-09-17 10:12:28,177 INFO "POST /v1/chat/completions HTTP/1.1" 200 -
2026-09-17 10:12:28,732 INFO "POST /v1/chat/completions HTTP/1.1" 200 -
2026-09-17 10:12:29,286 INFO "POST /v1/chat/completions HTTP/1.1" 200 -
2026-09-17 10:12:29,845 INFO "POST /v1/chat/completions HTTP/1.1" 200 -
2026-09-17 10:12:30,402 INFO "POST /v1/chat/completions HTTP/1.1" 200 -
2026-09-17 10:12:30,959 INFO "POST /v1/chat/completions HTTP/1.1" 200 -
2026-09-17 10:12:31,515 INFO "POST /v1/chat/completions HTTP/1.1" 200 -
2026-09-17 10:12:32,069 INFO "POST /v1/chat/completions HTTP/1.1" 200 -
2026-09-17 10:12:32,624 INFO "POST /v1/chat/completions HTTP/1.1" 200 -
2026-09-17 10:12:33,176 INFO "POST /v1/chat/completions HTTP/1.1" 200 -
2026-09-17 10:12:33,730 INFO "POST /v1/chat/completions HTTP/1.1" 200 -
2026-09-17 10:12:34,290 INFO "POST /v1/chat/completions HTTP/1.1" 200 -
2026-09-17 10:12:37,041 INFO "POST /v1/chat/completions HTTP/1.1" 200 -
2026-09-17 10:12:37,041 INFO "POST /v1/chat/completions HTTP/1.1" 200 -
2026-09-17 10:12:37,099 INFO "POST /v1/chat/completions HTTP/1.1" 200 -
2026-09-17 10:12:37,099 INFO "POST /v1/chat/completions HTTP/1.1" 200 -
2026-09-17 10:12:37,152 INFO "POST /v1/chat/completions HTTP/1.1" 200 -
2026-09-17 10:12:37,152 INFO "POST /v1/chat/completions HTTP/1.1" 200 -
2026-09-17 10:12:37,202 INFO "POST /v1/chat/completions HTTP/1.1" 200 -
2026-09-17 10:12:37,202 INFO "POST /v1/chat/completions HTTP/1.1" 200 -
2026-09-17 10:12:37,244 INFO "POST /v1/chat/completions HTTP/1.1" 200 -
2026-09-17 10:12:37,247 INFO "POST /v1/chat/completions HTTP/1.1" 200 -
2026-09-17 10:12:37,287 INFO "POST /v1/chat/completions HTTP/1.1" 200 -
2026-09-17 10:12:37,287 INFO "POST /v1/chat/completions HTTP/1.1" 200 -
2026-09-17 10:12:37,322 INFO "POST /v1/chat/completions HTTP/1.1" 200 -
2026-09-17 10:12:37,322 INFO "POST /v1/chat/completions HTTP/1.1" 200 -
2026-09-17 10:12:37,353 INFO "POST /v1/chat/completions HTTP/1.1" 200 -
2026-09-17 10:12:37,353 INFO "POST /v1/chat/completions HTTP/1.1" 200 -
2026-09-17 10:12:37,380 INFO "POST /v1/chat/completions HTTP/1.1" 200 -
2026-09-17 10:12:37,380 INFO "POST /v1/chat/completions HTTP/1.1" 200 -
2026-09-17 10:12:37,399 INFO "POST /v1/chat/completions HTTP/1.1" 200 -
2026-09-17 10:12:37,399 INFO "POST /v1/chat/completions HTTP/1.1" 200 -
2026-09-17 10:12:37,401 INFO "GET /v1/status HTTP/1.1" 200 -
2026-09-17 10:12:37,457 INFO "GET /v1/status HTTP/1.1" 200 -
2026-09-17 10:12:37,515 INFO "GET /v1/status HTTP/1.1" 200 -
2026-09-17 10:12:37,572 INFO "GET /v1/status HTTP/1.1" 200 -
2026-09-17 10:12:37,630 INFO "GET /v1/status HTTP/1.1" 200 -
2026-09-17 10:12:37,690 INFO "GET /v1/status HTTP/1.1" 200 -
2026-09-17 10:12:37,749 INFO "GET /v1/status HTTP/1.1" 200 -
2026-09-17 10:12:37,808 INFO "GET /v1/status HTTP/1.1" 200 -
2026-09-17 10:12:37,862 INFO "GET /v1/status HTTP/1.1" 200 -
2026-09-17 10:12:37,920 INFO "GET /v1/status HTTP/1.1" 200 -
2026-09-17 10:12:37,979 INFO "GET /v1/status HTTP/1.1" 200 -
2026-09-17 10:12:38,038 INFO "GET /v1/status HTTP/1.1" 200 -
2026-09-17 10:12:38,193 INFO "GET /v1/status HTTP/1.1" 200 -
2026-09-17 10:12:38,226 INFO "GET /v1/status HTTP/1.1" 200 -
2026-09-17 10:12:38,811 INFO "POST /v1/chat/completions HTTP/1.1" 200 -
2026-09-17 10:12:39,375 INFO "POST /v1/chat/completions HTTP/1.1" 200 -
2026-09-17 10:12:39,932 INFO "POST /v1/chat/completions HTTP/1.1" 200 -
2026-09-17 10:12:40,491 INFO "POST /v1/chat/completions HTTP/1.1" 200 -
2026-09-17 10:12:41,047 INFO "POST /v1/chat/completions HTTP/1.1" 200 -
2026-09-17 10:12:41,607 INFO "POST /v1/chat/completions HTTP/1.1" 200 -
2026-09-17 10:12:42,183 INFO "POST /v1/chat/completions HTTP/1.1" 200 -
2026-09-17 10:12:42,742 INFO "POST /v1/chat/completions HTTP/1.1" 200 -
2026-09-17 10:12:43,300 INFO "POST /v1/chat/completions HTTP/1.1" 200 -
2026-09-17 10:12:43,855 INFO "POST /v1/chat/completions HTTP/1.1" 200 -
2026-09-17 10:12:44,410 INFO "POST /v1/chat/completions HTTP/1.1" 200 -
2026-09-17 10:12:44,964 INFO "POST /v1/chat/completions HTTP/1.1" 200 -
2026-09-17 10:12:45,519 INFO "POST /v1/chat/completions HTTP/1.1" 200 -
2026-09-17 10:12:46,074 INFO "POST /v1/chat/completions HTTP/1.1" 200 -
2026-09-17 10:12:46,635 INFO "POST /v1/chat/completions HTTP/1.1" 200 -
2026-09-17 10:12:47,195 INFO "POST /v1/chat/completions HTTP/1.1" 200 -
2026-09-17 10:12:47,748 INFO "POST /v1/chat/completions HTTP/1.1" 200 -
2026-09-17 10:12:48,304 INFO "POST /v1/chat/completions HTTP/1.1" 200 -
2026-09-17 10:12:48,859 INFO "POST /v1/chat/completions HTTP/1.1" 200 -
2026-09-17 10:12:49,418 INFO "POST /v1/chat/completions HTTP/1.1" 200 -
2026-09-17 10:12:52,129 INFO "POST /v1/chat/completions HTTP/1.1" 200 -
2026-09-17 10:12:52,134 INFO "POST /v1/chat/completions HTTP/1.1" 200 -
2026-09-17 10:12:52,191 INFO "POST /v1/chat/completions HTTP/1.1" 200 -
2026-09-17 10:12:52,191 INFO "POST /v1/chat/completions HTTP/1.1" 200 -
2026-09-17 10:12:52,244 INFO "POST /v1/chat/completions HTTP/1.1" 200 -
2026-09-17 10:12:52,244 INFO "POST /v1/chat/completions HTTP/1.1" 200 -
2026-09-17 10:12:52,293 INFO "POST /v1/chat/completions HTTP/1.1" 200 -
2026-09-17 10:12:52,293 INFO "POST /v1/chat/completions HTTP/1.1" 200 -
2026-09-17 10:12:52,337 INFO "POST /v1/chat/completions HTTP/1.1" 200 -
2026-09-17 10:12:52,337 INFO "POST /v1/chat/completions HTTP/1.1" 200 -
2026-09-17 10:12:52,376 INFO "POST /v1/chat/completions HTTP/1.1" 200 -
2026-09-17 10:12:52,376 INFO "POST /v1/chat/completions HTTP/1.1" 200 -
2026-09-17 10:12:52,411 INFO "POST /v1/chat/completions HTTP/1.1" 200 -
2026-09-17 10:12:52,411 INFO "POST /v1/chat/completions HTTP/1.1" 200 -
2026-09-17 10:12:52,443 INFO "POST /v1/chat/completions HTTP/1.1" 200 -
2026-09-17 10:12:52,444 INFO "POST /v1/chat/completions HTTP/1.1" 200 -
2026-09-17 10:12:52,471 INFO "POST /v1/chat/completions HTTP/1.1" 200 -
2026-09-17 10:12:52,471 INFO "POST /v1/chat/completions HTTP/1.1" 200 -
2026-09-17 10:12:52,488 INFO "POST /v1/chat/completions HTTP/1.1" 200 -
2026-09-17 10:12:52,490 INFO "POST /v1/chat/completions HTTP/1.1" 200 -
2026-09-17 10:12:52,492 INFO "GET /v1/status HTTP/1.1" 200 -
2026-09-17 10:12:52,548 INFO "GET /v1/status HTTP/1.1" 200 -
2026-09-17 10:12:52,606 INFO "GET /v1/status HTTP/1.1" 200 -
2026-09-17 10:12:52,663 INFO "GET /v1/status HTTP/1.1" 200 -
2026-09-17 10:12:52,719 INFO "GET /v1/status HTTP/1.1" 200 -
2026-09-17 10:12:52,777 INFO "GET /v1/status HTTP/1.1" 200 -
2026-09-17 10:12:52,836 INFO "GET /v1/status HTTP/1.1" 200 -
2026-09-17 10:12:52,893 INFO "GET /v1/status HTTP/1.1" 200 -
2026-09-17 10:12:52,952 INFO "GET /v1/status HTTP/1.1" 200 -
2026-09-17 10:12:53,009 INFO "GET /v1/status HTTP/1.1" 200 -
2026-09-17 10:12:53,067 INFO "GET /v1/status HTTP/1.1" 200 -
2026-09-17 10:12:53,126 INFO "GET /v1/status HTTP/1.1" 200 -
[transformers] PyTorch was not found. Models won't be available and only tokenizers, configuration and file/data utilities can be used.
2026-09-17 10:38:38,022 INFO "GET /v1/status HTTP/1.1" 200 -
2026-09-17 10:38:39,033 INFO "GET /v1/status HTTP/1.1" 200 -
2026-09-17 10:38:39,540 INFO ubc_evict: evicted 5070.2 MB from UBC for ~/mlx-models/Qwen3.6-35B-A3B-Abliterated-Heretic-MLX-4bit/model-00001-of-00005.safetensors
2026-09-17 10:38:39,579 INFO ubc_evict: evicted 5098.4 MB from UBC for ~/mlx-models/Qwen3.6-35B-A3B-Abliterated-Heretic-MLX-4bit/model-00002-of-00005.safetensors
2026-09-17 10:38:39,619 INFO ubc_evict: evicted 5097.1 MB from UBC for ~/mlx-models/Qwen3.6-35B-A3B-Abliterated-Heretic-MLX-4bit/model-00003-of-00005.safetensors
2026-09-17 10:38:39,659 INFO ubc_evict: evicted 5036.3 MB from UBC for ~/mlx-models/Qwen3.6-35B-A3B-Abliterated-Heretic-MLX-4bit/model-00004-of-00005.safetensors
2026-09-17 10:38:39,679 INFO ubc_evict: evicted 2311.0 MB from UBC for ~/mlx-models/Qwen3.6-35B-A3B-Abliterated-Heretic-MLX-4bit/model-00005-of-00005.safetensors
2026-09-17 10:38:39,679 INFO ubc_evict: evicted 851.8 MB from UBC for ~/mlx-models/Qwen3.6-35B-A3B-Abliterated-Heretic-MLX-4bit/model-vision-00001-of-00001.safetensors
2026-09-17 10:38:39,679 INFO ubc_evict: pass complete total_mb=23464.8 elapsed_s=0.18
2026-09-17 10:38:40,190 INFO "GET /v1/status HTTP/1.1" 200 -
2026-09-17 10:38:41,201 INFO "GET /v1/status HTTP/1.1" 200 -
2026-09-17 10:38:41,257 INFO "GET /v1/status HTTP/1.1" 200 -
2026-09-17 10:38:41,992 INFO "POST /v1/chat/completions HTTP/1.1" 200 -
2026-09-17 10:38:42,592 INFO "POST /v1/chat/completions HTTP/1.1" 200 -
2026-09-17 10:38:43,176 INFO "POST /v1/chat/completions HTTP/1.1" 200 -
2026-09-17 10:38:43,766 INFO "POST /v1/chat/completions HTTP/1.1" 200 -
2026-09-17 10:38:44,353 INFO "POST /v1/chat/completions HTTP/1.1" 200 -
2026-09-17 10:38:44,942 INFO "POST /v1/chat/completions HTTP/1.1" 200 -
2026-09-17 10:38:45,531 INFO "POST /v1/chat/completions HTTP/1.1" 200 -
2026-09-17 10:38:46,125 INFO "POST /v1/chat/completions HTTP/1.1" 200 -
2026-09-17 10:38:46,714 INFO "POST /v1/chat/completions HTTP/1.1" 200 -
2026-09-17 10:38:47,306 INFO "POST /v1/chat/completions HTTP/1.1" 200 -
2026-09-17 10:38:47,897 INFO "POST /v1/chat/completions HTTP/1.1" 200 -
2026-09-17 10:38:48,490 INFO "POST /v1/chat/completions HTTP/1.1" 200 -
2026-09-17 10:38:49,081 INFO "POST /v1/chat/completions HTTP/1.1" 200 -
2026-09-17 10:38:49,675 INFO "POST /v1/chat/completions HTTP/1.1" 200 -
2026-09-17 10:38:50,267 INFO "POST /v1/chat/completions HTTP/1.1" 200 -
2026-09-17 10:38:50,858 INFO "POST /v1/chat/completions HTTP/1.1" 200 -
2026-09-17 10:38:51,450 INFO "POST /v1/chat/completions HTTP/1.1" 200 -
2026-09-17 10:38:52,043 INFO "POST /v1/chat/completions HTTP/1.1" 200 -
2026-09-17 10:38:52,635 INFO "POST /v1/chat/completions HTTP/1.1" 200 -
2026-09-17 10:38:53,224 INFO "POST /v1/chat/completions HTTP/1.1" 200 -
2026-09-17 10:38:55,749 INFO "POST /v1/chat/completions HTTP/1.1" 200 -
2026-09-17 10:38:55,749 INFO "POST /v1/chat/completions HTTP/1.1" 200 -
2026-09-17 10:38:55,800 INFO "POST /v1/chat/completions HTTP/1.1" 200 -
2026-09-17 10:38:55,800 INFO "POST /v1/chat/completions HTTP/1.1" 200 -
2026-09-17 10:38:55,848 INFO "POST /v1/chat/completions HTTP/1.1" 200 -
2026-09-17 10:38:55,848 INFO "POST /v1/chat/completions HTTP/1.1" 200 -
2026-09-17 10:38:55,889 INFO "POST /v1/chat/completions HTTP/1.1" 200 -
2026-09-17 10:38:55,892 INFO "POST /v1/chat/completions HTTP/1.1" 200 -
2026-09-17 10:38:55,930 INFO "POST /v1/chat/completions HTTP/1.1" 200 -
2026-09-17 10:38:55,933 INFO "POST /v1/chat/completions HTTP/1.1" 200 -
2026-09-17 10:38:55,969 INFO "POST /v1/chat/completions HTTP/1.1" 200 -
2026-09-17 10:38:55,969 INFO "POST /v1/chat/completions HTTP/1.1" 200 -
2026-09-17 10:38:55,997 INFO "POST /v1/chat/completions HTTP/1.1" 200 -
2026-09-17 10:38:56,001 INFO "POST /v1/chat/completions HTTP/1.1" 200 -
2026-09-17 10:38:56,030 INFO "POST /v1/chat/completions HTTP/1.1" 200 -
2026-09-17 10:38:56,030 INFO "POST /v1/chat/completions HTTP/1.1" 200 -
2026-09-17 10:38:56,055 INFO "POST /v1/chat/completions HTTP/1.1" 200 -
2026-09-17 10:38:56,055 INFO "POST /v1/chat/completions HTTP/1.1" 200 -
2026-09-17 10:38:56,074 INFO "POST /v1/chat/completions HTTP/1.1" 200 -
2026-09-17 10:38:56,074 INFO "POST /v1/chat/completions HTTP/1.1" 200 -
2026-09-17 10:38:56,075 INFO "GET /v1/status HTTP/1.1" 200 -
2026-09-17 10:38:56,136 INFO "GET /v1/status HTTP/1.1" 200 -
2026-09-17 10:38:56,197 INFO "GET /v1/status HTTP/1.1" 200 -
2026-09-17 10:38:56,259 INFO "GET /v1/status HTTP/1.1" 200 -
2026-09-17 10:38:56,320 INFO "GET /v1/status HTTP/1.1" 200 -
2026-09-17 10:38:56,383 INFO "GET /v1/status HTTP/1.1" 200 -
2026-09-17 10:38:56,444 INFO "GET /v1/status HTTP/1.1" 200 -
2026-09-17 10:38:56,503 INFO "GET /v1/status HTTP/1.1" 200 -
2026-09-17 10:38:56,564 INFO "GET /v1/status HTTP/1.1" 200 -
2026-09-17 10:38:56,619 INFO "GET /v1/status HTTP/1.1" 200 -
2026-09-17 10:38:56,681 INFO "GET /v1/status HTTP/1.1" 200 -
2026-09-17 10:38:56,737 INFO "GET /v1/status HTTP/1.1" 200 -
2026-09-17 10:38:56,794 INFO "GET /v1/status HTTP/1.1" 200 -
2026-09-17 10:38:56,827 INFO "GET /v1/status HTTP/1.1" 200 -
2026-09-17 10:38:57,429 INFO "POST /v1/chat/completions HTTP/1.1" 200 -
2026-09-17 10:38:57,990 INFO "POST /v1/chat/completions HTTP/1.1" 200 -
2026-09-17 10:38:58,582 INFO "POST /v1/chat/completions HTTP/1.1" 200 -
2026-09-17 10:38:59,134 INFO "POST /v1/chat/completions HTTP/1.1" 200 -
2026-09-17 10:38:59,689 INFO "POST /v1/chat/completions HTTP/1.1" 200 -
2026-09-17 10:39:00,243 INFO "POST /v1/chat/completions HTTP/1.1" 200 -
2026-09-17 10:39:00,800 INFO "POST /v1/chat/completions HTTP/1.1" 200 -
2026-09-17 10:39:01,353 INFO "POST /v1/chat/completions HTTP/1.1" 200 -
2026-09-17 10:39:01,911 INFO "POST /v1/chat/completions HTTP/1.1" 200 -
2026-09-17 10:39:02,469 INFO "POST /v1/chat/completions HTTP/1.1" 200 -
2026-09-17 10:39:03,027 INFO "POST /v1/chat/completions HTTP/1.1" 200 -
2026-09-17 10:39:03,582 INFO "POST /v1/chat/completions HTTP/1.1" 200 -
2026-09-17 10:39:04,138 INFO "POST /v1/chat/completions HTTP/1.1" 200 -
2026-09-17 10:39:04,693 INFO "POST /v1/chat/completions HTTP/1.1" 200 -
2026-09-17 10:39:05,250 INFO "POST /v1/chat/completions HTTP/1.1" 200 -
2026-09-17 10:39:05,807 INFO "POST /v1/chat/completions HTTP/1.1" 200 -
2026-09-17 10:39:06,365 INFO "POST /v1/chat/completions HTTP/1.1" 200 -
2026-09-17 10:39:06,922 INFO "POST /v1/chat/completions HTTP/1.1" 200 -
2026-09-17 10:39:07,482 INFO "POST /v1/chat/completions HTTP/1.1" 200 -
2026-09-17 10:39:08,038 INFO "POST /v1/chat/completions HTTP/1.1" 200 -
2026-09-17 10:39:10,564 INFO "POST /v1/chat/completions HTTP/1.1" 200 -
2026-09-17 10:39:10,567 INFO "POST /v1/chat/completions HTTP/1.1" 200 -
2026-09-17 10:39:10,619 INFO "POST /v1/chat/completions HTTP/1.1" 200 -
2026-09-17 10:39:10,619 INFO "POST /v1/chat/completions HTTP/1.1" 200 -
2026-09-17 10:39:10,666 INFO "POST /v1/chat/completions HTTP/1.1" 200 -
2026-09-17 10:39:10,666 INFO "POST /v1/chat/completions HTTP/1.1" 200 -
2026-09-17 10:39:10,711 INFO "POST /v1/chat/completions HTTP/1.1" 200 -
2026-09-17 10:39:10,712 INFO "POST /v1/chat/completions HTTP/1.1" 200 -
2026-09-17 10:39:10,752 INFO "POST /v1/chat/completions HTTP/1.1" 200 -
2026-09-17 10:39:10,752 INFO "POST /v1/chat/completions HTTP/1.1" 200 -
2026-09-17 10:39:10,787 INFO "POST /v1/chat/completions HTTP/1.1" 200 -
2026-09-17 10:39:10,787 INFO "POST /v1/chat/completions HTTP/1.1" 200 -
2026-09-17 10:39:10,819 INFO "POST /v1/chat/completions HTTP/1.1" 200 -
2026-09-17 10:39:10,819 INFO "POST /v1/chat/completions HTTP/1.1" 200 -
2026-09-17 10:39:10,851 INFO "POST /v1/chat/completions HTTP/1.1" 200 -
2026-09-17 10:39:10,851 INFO "POST /v1/chat/completions HTTP/1.1" 200 -
2026-09-17 10:39:10,876 INFO "POST /v1/chat/completions HTTP/1.1" 200 -
2026-09-17 10:39:10,876 INFO "POST /v1/chat/completions HTTP/1.1" 200 -
2026-09-17 10:39:10,894 INFO "POST /v1/chat/completions HTTP/1.1" 200 -
2026-09-17 10:39:10,894 INFO "POST /v1/chat/completions HTTP/1.1" 200 -
2026-09-17 10:39:10,895 INFO "GET /v1/status HTTP/1.1" 200 -
2026-09-17 10:39:10,952 INFO "GET /v1/status HTTP/1.1" 200 -
2026-09-17 10:39:11,014 INFO "GET /v1/status HTTP/1.1" 200 -
2026-09-17 10:39:11,069 INFO "GET /v1/status HTTP/1.1" 200 -
2026-09-17 10:39:11,128 INFO "GET /v1/status HTTP/1.1" 200 -
2026-09-17 10:39:11,187 INFO "GET /v1/status HTTP/1.1" 200 -
2026-09-17 10:39:11,243 INFO "GET /v1/status HTTP/1.1" 200 -
2026-09-17 10:39:11,297 INFO "GET /v1/status HTTP/1.1" 200 -
2026-09-17 10:39:11,355 INFO "GET /v1/status HTTP/1.1" 200 -
2026-09-17 10:39:11,416 INFO "GET /v1/status HTTP/1.1" 200 -
2026-09-17 10:39:11,476 INFO "GET /v1/status HTTP/1.1" 200 -
2026-09-17 10:39:11,530 INFO "GET /v1/status HTTP/1.1" 200 -
2026-09-17 10:39:11,587 INFO "GET /v1/status HTTP/1.1" 200 -
2026-09-17 10:39:11,650 INFO "GET /v1/status HTTP/1.1" 200 -
2026-09-17 10:39:11,705 INFO "GET /v1/status HTTP/1.1" 200 -
2026-09-17 10:39:11,763 INFO "GET /v1/status HTTP/1.1" 200 -
2026-09-17 10:39:11,827 INFO "GET /v1/status HTTP/1.1" 200 -
2026-09-17 10:39:11,887 INFO "GET /v1/status HTTP/1.1" 200 -
2026-09-17 10:39:11,949 INFO "GET /v1/status HTTP/1.1" 200 -
2026-09-17 10:39:11,982 INFO "GET /v1/status HTTP/1.1" 200 -
2026-09-17 10:39:12,566 INFO "POST /v1/chat/completions HTTP/1.1" 200 -
2026-09-17 10:39:13,127 INFO "POST /v1/chat/completions HTTP/1.1" 200 -
2026-09-17 10:39:13,730 INFO "POST /v1/chat/completions HTTP/1.1" 200 -
2026-09-17 10:39:14,297 INFO "POST /v1/chat/completions HTTP/1.1" 200 -
2026-09-17 10:39:14,858 INFO "POST /v1/chat/completions HTTP/1.1" 200 -
2026-09-17 10:39:15,440 INFO "POST /v1/chat/completions HTTP/1.1" 200 -
2026-09-17 10:39:15,998 INFO "POST /v1/chat/completions HTTP/1.1" 200 -
2026-09-17 10:39:16,555 INFO "POST /v1/chat/completions HTTP/1.1" 200 -
2026-09-17 10:39:17,114 INFO "POST /v1/chat/completions HTTP/1.1" 200 -
2026-09-17 10:39:17,671 INFO "POST /v1/chat/completions HTTP/1.1" 200 -
2026-09-17 10:39:18,238 INFO "POST /v1/chat/completions HTTP/1.1" 200 -
2026-09-17 10:39:18,796 INFO "POST /v1/chat/completions HTTP/1.1" 200 -
2026-09-17 10:39:19,355 INFO "POST /v1/chat/completions HTTP/1.1" 200 -
2026-09-17 10:39:19,915 INFO "POST /v1/chat/completions HTTP/1.1" 200 -
2026-09-17 10:39:20,472 INFO "POST /v1/chat/completions HTTP/1.1" 200 -
2026-09-17 10:39:21,033 INFO "POST /v1/chat/completions HTTP/1.1" 200 -
2026-09-17 10:39:21,591 INFO "POST /v1/chat/completions HTTP/1.1" 200 -
2026-09-17 10:39:22,156 INFO "POST /v1/chat/completions HTTP/1.1" 200 -
2026-09-17 10:39:22,715 INFO "POST /v1/chat/completions HTTP/1.1" 200 -
2026-09-17 10:39:23,270 INFO "POST /v1/chat/completions HTTP/1.1" 200 -
2026-09-17 10:39:25,805 INFO "POST /v1/chat/completions HTTP/1.1" 200 -
2026-09-17 10:39:25,805 INFO "POST /v1/chat/completions HTTP/1.1" 200 -
2026-09-17 10:39:25,852 INFO "POST /v1/chat/completions HTTP/1.1" 200 -
2026-09-17 10:39:25,856 INFO "POST /v1/chat/completions HTTP/1.1" 200 -
2026-09-17 10:39:25,904 INFO "POST /v1/chat/completions HTTP/1.1" 200 -
2026-09-17 10:39:25,904 INFO "POST /v1/chat/completions HTTP/1.1" 200 -
2026-09-17 10:39:25,949 INFO "POST /v1/chat/completions HTTP/1.1" 200 -
2026-09-17 10:39:25,949 INFO "POST /v1/chat/completions HTTP/1.1" 200 -
2026-09-17 10:39:25,986 INFO "POST /v1/chat/completions HTTP/1.1" 200 -
2026-09-17 10:39:25,989 INFO "POST /v1/chat/completions HTTP/1.1" 200 -
2026-09-17 10:39:26,027 INFO "POST /v1/chat/completions HTTP/1.1" 200 -
2026-09-17 10:39:26,027 INFO "POST /v1/chat/completions HTTP/1.1" 200 -
2026-09-17 10:39:26,059 INFO "POST /v1/chat/completions HTTP/1.1" 200 -
2026-09-17 10:39:26,059 INFO "POST /v1/chat/completions HTTP/1.1" 200 -
2026-09-17 10:39:26,086 INFO "POST /v1/chat/completions HTTP/1.1" 200 -
2026-09-17 10:39:26,089 INFO "POST /v1/chat/completions HTTP/1.1" 200 -
2026-09-17 10:39:26,112 INFO "POST /v1/chat/completions HTTP/1.1" 200 -
2026-09-17 10:39:26,115 INFO "POST /v1/chat/completions HTTP/1.1" 200 -
2026-09-17 10:39:26,133 INFO "POST /v1/chat/completions HTTP/1.1" 200 -
2026-09-17 10:39:26,133 INFO "POST /v1/chat/completions HTTP/1.1" 200 -
2026-09-17 10:39:26,135 INFO "GET /v1/status HTTP/1.1" 200 -
2026-09-17 10:39:26,197 INFO "GET /v1/status HTTP/1.1" 200 -
2026-09-17 10:39:26,252 INFO "GET /v1/status HTTP/1.1" 200 -
2026-09-17 10:39:26,315 INFO "GET /v1/status HTTP/1.1" 200 -
2026-09-17 10:39:26,377 INFO "GET /v1/status HTTP/1.1" 200 -
2026-09-17 10:39:26,437 INFO "GET /v1/status HTTP/1.1" 200 -
2026-09-17 10:39:26,500 INFO "GET /v1/status HTTP/1.1" 200 -
2026-09-17 10:39:26,564 INFO "GET /v1/status HTTP/1.1" 200 -
2026-09-17 10:39:26,621 INFO "GET /v1/status HTTP/1.1" 200 -
2026-09-17 10:39:26,682 INFO "GET /v1/status HTTP/1.1" 200 -
2026-09-17 10:39:26,746 INFO "GET /v1/status HTTP/1.1" 200 -
2026-09-17 10:39:26,806 INFO "GET /v1/status HTTP/1.1" 200 -
2026-09-17 10:39:26,870 INFO "GET /v1/status HTTP/1.1" 200 -
2026-09-17 10:39:26,927 INFO "GET /v1/status HTTP/1.1" 200 -
2026-09-17 10:39:26,988 INFO "GET /v1/status HTTP/1.1" 200 -
2026-09-17 10:39:27,047 INFO "GET /v1/status HTTP/1.1" 200 -
2026-09-17 10:39:27,109 INFO "GET /v1/status HTTP/1.1" 200 -
2026-09-17 10:39:27,143 INFO "GET /v1/status HTTP/1.1" 200 -
2026-09-17 10:39:27,775 INFO "POST /v1/chat/completions HTTP/1.1" 200 -
2026-09-17 10:39:28,349 INFO "POST /v1/chat/completions HTTP/1.1" 200 -
2026-09-17 10:39:28,907 INFO "POST /v1/chat/completions HTTP/1.1" 200 -
2026-09-17 10:39:29,466 INFO "POST /v1/chat/completions HTTP/1.1" 200 -
2026-09-17 10:39:30,024 INFO "POST /v1/chat/completions HTTP/1.1" 200 -
2026-09-17 10:39:30,586 INFO "POST /v1/chat/completions HTTP/1.1" 200 -
2026-09-17 10:39:31,141 INFO "POST /v1/chat/completions HTTP/1.1" 200 -
2026-09-17 10:39:31,698 INFO "POST /v1/chat/completions HTTP/1.1" 200 -
2026-09-17 10:39:32,256 INFO "POST /v1/chat/completions HTTP/1.1" 200 -
2026-09-17 10:39:32,813 INFO "POST /v1/chat/completions HTTP/1.1" 200 -
2026-09-17 10:39:33,368 INFO "POST /v1/chat/completions HTTP/1.1" 200 -
2026-09-17 10:39:33,927 INFO "POST /v1/chat/completions HTTP/1.1" 200 -
2026-09-17 10:39:34,487 INFO "POST /v1/chat/completions HTTP/1.1" 200 -
2026-09-17 10:39:35,045 INFO "POST /v1/chat/completions HTTP/1.1" 200 -
2026-09-17 10:39:35,602 INFO "POST /v1/chat/completions HTTP/1.1" 200 -
2026-09-17 10:39:36,161 INFO "POST /v1/chat/completions HTTP/1.1" 200 -
2026-09-17 10:39:36,722 INFO "POST /v1/chat/completions HTTP/1.1" 200 -
2026-09-17 10:39:37,281 INFO "POST /v1/chat/completions HTTP/1.1" 200 -
2026-09-17 10:39:37,839 INFO "POST /v1/chat/completions HTTP/1.1" 200 -
2026-09-17 10:39:38,404 INFO "POST /v1/chat/completions HTTP/1.1" 200 -
2026-09-17 10:39:40,941 INFO "POST /v1/chat/completions HTTP/1.1" 200 -
2026-09-17 10:39:40,941 INFO "POST /v1/chat/completions HTTP/1.1" 200 -
2026-09-17 10:39:40,994 INFO "POST /v1/chat/completions HTTP/1.1" 200 -
2026-09-17 10:39:40,994 INFO "POST /v1/chat/completions HTTP/1.1" 200 -
2026-09-17 10:39:41,042 INFO "POST /v1/chat/completions HTTP/1.1" 200 -
2026-09-17 10:39:41,042 INFO "POST /v1/chat/completions HTTP/1.1" 200 -
2026-09-17 10:39:41,087 INFO "POST /v1/chat/completions HTTP/1.1" 200 -
2026-09-17 10:39:41,087 INFO "POST /v1/chat/completions HTTP/1.1" 200 -
2026-09-17 10:39:41,128 INFO "POST /v1/chat/completions HTTP/1.1" 200 -
2026-09-17 10:39:41,128 INFO "POST /v1/chat/completions HTTP/1.1" 200 -
2026-09-17 10:39:41,162 INFO "POST /v1/chat/completions HTTP/1.1" 200 -
2026-09-17 10:39:41,162 INFO "POST /v1/chat/completions HTTP/1.1" 200 -
2026-09-17 10:39:41,196 INFO "POST /v1/chat/completions HTTP/1.1" 200 -
2026-09-17 10:39:41,197 INFO "POST /v1/chat/completions HTTP/1.1" 200 -
2026-09-17 10:39:41,226 INFO "POST /v1/chat/completions HTTP/1.1" 200 -
2026-09-17 10:39:41,226 INFO "POST /v1/chat/completions HTTP/1.1" 200 -
2026-09-17 10:39:41,252 INFO "POST /v1/chat/completions HTTP/1.1" 200 -
2026-09-17 10:39:41,252 INFO "POST /v1/chat/completions HTTP/1.1" 200 -
2026-09-17 10:39:41,269 INFO "POST /v1/chat/completions HTTP/1.1" 200 -
2026-09-17 10:39:41,271 INFO "POST /v1/chat/completions HTTP/1.1" 200 -
2026-09-17 10:39:41,272 INFO "GET /v1/status HTTP/1.1" 200 -
2026-09-17 10:39:41,334 INFO "GET /v1/status HTTP/1.1" 200 -
2026-09-17 10:39:41,396 INFO "GET /v1/status HTTP/1.1" 200 -
2026-09-17 10:39:41,458 INFO "GET /v1/status HTTP/1.1" 200 -
2026-09-17 10:39:41,522 INFO "GET /v1/status HTTP/1.1" 200 -
2026-09-17 10:39:41,586 INFO "GET /v1/status HTTP/1.1" 200 -
2026-09-17 10:39:41,646 INFO "GET /v1/status HTTP/1.1" 200 -
2026-09-17 10:39:41,709 INFO "GET /v1/status HTTP/1.1" 200 -
2026-09-17 10:39:41,770 INFO "GET /v1/status HTTP/1.1" 200 -
2026-09-17 10:39:41,833 INFO "GET /v1/status HTTP/1.1" 200 -
2026-09-17 10:39:41,895 INFO "GET /v1/status HTTP/1.1" 200 -
2026-09-17 10:39:41,953 INFO "GET /v1/status HTTP/1.1" 200 -
2026-09-17 10:39:42,013 INFO "GET /v1/status HTTP/1.1" 200 -
2026-09-17 10:39:42,073 INFO "GET /v1/status HTTP/1.1" 200 -
2026-09-17 10:39:42,136 INFO "GET /v1/status HTTP/1.1" 200 -
2026-09-17 10:39:42,198 INFO "GET /v1/status HTTP/1.1" 200 -
2026-09-17 10:39:42,268 INFO "GET /v1/status HTTP/1.1" 200 -
2026-09-17 10:39:42,301 INFO "GET /v1/status HTTP/1.1" 200 -
2026-09-17 10:39:42,893 INFO "POST /v1/chat/completions HTTP/1.1" 200 -
2026-09-17 10:39:43,456 INFO "POST /v1/chat/completions HTTP/1.1" 200 -
2026-09-17 10:39:44,020 INFO "POST /v1/chat/completions HTTP/1.1" 200 -
2026-09-17 10:39:44,609 INFO "POST /v1/chat/completions HTTP/1.1" 200 -
2026-09-17 10:39:45,166 INFO "POST /v1/chat/completions HTTP/1.1" 200 -
2026-09-17 10:39:45,722 INFO "POST /v1/chat/completions HTTP/1.1" 200 -
2026-09-17 10:39:46,284 INFO "POST /v1/chat/completions HTTP/1.1" 200 -
2026-09-17 10:39:46,841 INFO "POST /v1/chat/completions HTTP/1.1" 200 -
2026-09-17 10:39:47,399 INFO "POST /v1/chat/completions HTTP/1.1" 200 -
2026-09-17 10:39:47,954 INFO "POST /v1/chat/completions HTTP/1.1" 200 -
2026-09-17 10:39:48,515 INFO "POST /v1/chat/completions HTTP/1.1" 200 -
2026-09-17 10:39:49,073 INFO "POST /v1/chat/completions HTTP/1.1" 200 -
2026-09-17 10:39:49,632 INFO "POST /v1/chat/completions HTTP/1.1" 200 -
2026-09-17 10:39:50,191 INFO "POST /v1/chat/completions HTTP/1.1" 200 -
2026-09-17 10:39:50,751 INFO "POST /v1/chat/completions HTTP/1.1" 200 -
2026-09-17 10:39:51,309 INFO "POST /v1/chat/completions HTTP/1.1" 200 -
2026-09-17 10:39:51,867 INFO "POST /v1/chat/completions HTTP/1.1" 200 -
2026-09-17 10:39:52,447 INFO "POST /v1/chat/completions HTTP/1.1" 200 -
2026-09-17 10:39:53,008 INFO "POST /v1/chat/completions HTTP/1.1" 200 -
2026-09-17 10:39:53,576 INFO "POST /v1/chat/completions HTTP/1.1" 200 -
2026-09-17 10:39:56,109 INFO "POST /v1/chat/completions HTTP/1.1" 200 -
2026-09-17 10:39:56,109 INFO "POST /v1/chat/completions HTTP/1.1" 200 -
2026-09-17 10:39:56,161 INFO "POST /v1/chat/completions HTTP/1.1" 200 -
2026-09-17 10:39:56,161 INFO "POST /v1/chat/completions HTTP/1.1" 200 -
2026-09-17 10:39:56,208 INFO "POST /v1/chat/completions HTTP/1.1" 200 -
2026-09-17 10:39:56,208 INFO "POST /v1/chat/completions HTTP/1.1" 200 -
2026-09-17 10:39:56,253 INFO "POST /v1/chat/completions HTTP/1.1" 200 -
2026-09-17 10:39:56,253 INFO "POST /v1/chat/completions HTTP/1.1" 200 -
2026-09-17 10:39:56,290 INFO "POST /v1/chat/completions HTTP/1.1" 200 -
2026-09-17 10:39:56,293 INFO "POST /v1/chat/completions HTTP/1.1" 200 -
2026-09-17 10:39:56,331 INFO "POST /v1/chat/completions HTTP/1.1" 200 -
2026-09-17 10:39:56,331 INFO "POST /v1/chat/completions HTTP/1.1" 200 -
2026-09-17 10:39:56,364 INFO "POST /v1/chat/completions HTTP/1.1" 200 -
2026-09-17 10:39:56,365 INFO "POST /v1/chat/completions HTTP/1.1" 200 -
2026-09-17 10:39:56,395 INFO "POST /v1/chat/completions HTTP/1.1" 200 -
2026-09-17 10:39:56,395 INFO "POST /v1/chat/completions HTTP/1.1" 200 -
2026-09-17 10:39:56,420 INFO "POST /v1/chat/completions HTTP/1.1" 200 -
2026-09-17 10:39:56,420 INFO "POST /v1/chat/completions HTTP/1.1" 200 -
2026-09-17 10:39:56,439 INFO "POST /v1/chat/completions HTTP/1.1" 200 -
2026-09-17 10:39:56,439 INFO "POST /v1/chat/completions HTTP/1.1" 200 -
2026-09-17 10:39:56,441 INFO "GET /v1/status HTTP/1.1" 200 -
2026-09-17 10:39:56,502 INFO "GET /v1/status HTTP/1.1" 200 -
2026-09-17 10:39:56,559 INFO "GET /v1/status HTTP/1.1" 200 -
2026-09-17 10:39:56,617 INFO "GET /v1/status HTTP/1.1" 200 -
2026-09-17 10:39:56,674 INFO "GET /v1/status HTTP/1.1" 200 -
2026-09-17 10:39:56,737 INFO "GET /v1/status HTTP/1.1" 200 -
2026-09-17 10:39:56,797 INFO "GET /v1/status HTTP/1.1" 200 -
2026-09-17 10:39:56,854 INFO "GET /v1/status HTTP/1.1" 200 -
2026-09-17 10:39:56,913 INFO "GET /v1/status HTTP/1.1" 200 -
2026-09-17 10:39:56,970 INFO "GET /v1/status HTTP/1.1" 200 -
2026-09-17 10:39:57,025 INFO "GET /v1/status HTTP/1.1" 200 -
2026-09-17 10:39:57,088 INFO "GET /v1/status HTTP/1.1" 200 -
2026-09-17 10:39:57,149 INFO "GET /v1/status HTTP/1.1" 200 -
2026-09-17 10:39:57,213 INFO "GET /v1/status HTTP/1.1" 200 -
2026-09-17 10:39:57,272 INFO "GET /v1/status HTTP/1.1" 200 -
2026-09-17 10:39:57,335 INFO "GET /v1/status HTTP/1.1" 200 -
2026-09-17 10:39:57,414 INFO "GET /v1/status HTTP/1.1" 200 -
2026-09-17 10:39:57,445 INFO "GET /v1/status HTTP/1.1" 200 -
2026-09-17 10:39:58,027 INFO "POST /v1/chat/completions HTTP/1.1" 200 -
2026-09-17 10:39:58,596 INFO "POST /v1/chat/completions HTTP/1.1" 200 -
2026-09-17 10:39:59,165 INFO "POST /v1/chat/completions HTTP/1.1" 200 -
2026-09-17 10:39:59,729 INFO "POST /v1/chat/completions HTTP/1.1" 200 -
2026-09-17 10:40:00,290 INFO "POST /v1/chat/completions HTTP/1.1" 200 -
2026-09-17 10:40:00,850 INFO "POST /v1/chat/completions HTTP/1.1" 200 -
2026-09-17 10:40:01,434 INFO "POST /v1/chat/completions HTTP/1.1" 200 -
2026-09-17 10:40:01,994 INFO "POST /v1/chat/completions HTTP/1.1" 200 -
2026-09-17 10:40:02,557 INFO "POST /v1/chat/completions HTTP/1.1" 200 -
2026-09-17 10:40:03,124 INFO "POST /v1/chat/completions HTTP/1.1" 200 -
2026-09-17 10:40:03,691 INFO "POST /v1/chat/completions HTTP/1.1" 200 -
2026-09-17 10:40:04,273 INFO "POST /v1/chat/completions HTTP/1.1" 200 -
2026-09-17 10:40:04,835 INFO "POST /v1/chat/completions HTTP/1.1" 200 -
2026-09-17 10:40:05,401 INFO "POST /v1/chat/completions HTTP/1.1" 200 -
2026-09-17 10:40:05,973 INFO "POST /v1/chat/completions HTTP/1.1" 200 -
2026-09-17 10:40:06,538 INFO "POST /v1/chat/completions HTTP/1.1" 200 -
2026-09-17 10:40:07,146 INFO "POST /v1/chat/completions HTTP/1.1" 200 -
2026-09-17 10:40:07,728 INFO "POST /v1/chat/completions HTTP/1.1" 200 -
2026-09-17 10:40:08,302 INFO "POST /v1/chat/completions HTTP/1.1" 200 -
2026-09-17 10:40:08,859 INFO "POST /v1/chat/completions HTTP/1.1" 200 -
2026-09-17 10:40:11,774 INFO "POST /v1/chat/completions HTTP/1.1" 200 -
2026-09-17 10:40:11,779 INFO "POST /v1/chat/completions HTTP/1.1" 200 -
2026-09-17 10:40:11,833 INFO "POST /v1/chat/completions HTTP/1.1" 200 -
2026-09-17 10:40:11,838 INFO "POST /v1/chat/completions HTTP/1.1" 200 -
2026-09-17 10:40:11,892 INFO "POST /v1/chat/completions HTTP/1.1" 200 -
2026-09-17 10:40:11,892 INFO "POST /v1/chat/completions HTTP/1.1" 200 -
2026-09-17 10:40:11,943 INFO "POST /v1/chat/completions HTTP/1.1" 200 -
2026-09-17 10:40:11,943 INFO "POST /v1/chat/completions HTTP/1.1" 200 -
2026-09-17 10:40:11,988 INFO "POST /v1/chat/completions HTTP/1.1" 200 -
2026-09-17 10:40:11,988 INFO "POST /v1/chat/completions HTTP/1.1" 200 -
2026-09-17 10:40:12,028 INFO "POST /v1/chat/completions HTTP/1.1" 200 -
2026-09-17 10:40:12,028 INFO "POST /v1/chat/completions HTTP/1.1" 200 -
2026-09-17 10:40:12,064 INFO "POST /v1/chat/completions HTTP/1.1" 200 -
2026-09-17 10:40:12,064 INFO "POST /v1/chat/completions HTTP/1.1" 200 -
2026-09-17 10:40:12,097 INFO "POST /v1/chat/completions HTTP/1.1" 200 -
2026-09-17 10:40:12,097 INFO "POST /v1/chat/completions HTTP/1.1" 200 -
2026-09-17 10:40:12,125 INFO "POST /v1/chat/completions HTTP/1.1" 200 -
2026-09-17 10:40:12,125 INFO "POST /v1/chat/completions HTTP/1.1" 200 -
2026-09-17 10:40:12,144 INFO "POST /v1/chat/completions HTTP/1.1" 200 -
2026-09-17 10:40:12,144 INFO "POST /v1/chat/completions HTTP/1.1" 200 -
2026-09-17 10:40:12,146 INFO "GET /v1/status HTTP/1.1" 200 -
2026-09-17 10:40:12,204 INFO "GET /v1/status HTTP/1.1" 200 -
2026-09-17 10:40:12,266 INFO "GET /v1/status HTTP/1.1" 200 -
2026-09-17 10:40:12,319 INFO "GET /v1/status HTTP/1.1" 200 -
2026-09-17 10:40:12,376 INFO "GET /v1/status HTTP/1.1" 200 -
2026-09-17 10:40:12,435 INFO "GET /v1/status HTTP/1.1" 200 -
2026-09-17 10:40:12,518 INFO "GET /v1/status HTTP/1.1" 200 -
2026-09-17 10:40:12,550 INFO "GET /v1/status HTTP/1.1" 200 -
2026-09-17 10:40:13,132 INFO "POST /v1/chat/completions HTTP/1.1" 200 -
2026-09-17 10:40:13,724 INFO "POST /v1/chat/completions HTTP/1.1" 200 -
2026-09-17 10:40:14,295 INFO "POST /v1/chat/completions HTTP/1.1" 200 -
2026-09-17 10:40:14,858 INFO "POST /v1/chat/completions HTTP/1.1" 200 -
2026-09-17 10:40:15,420 INFO "POST /v1/chat/completions HTTP/1.1" 200 -
2026-09-17 10:40:16,000 INFO "POST /v1/chat/completions HTTP/1.1" 200 -
2026-09-17 10:40:16,557 INFO "POST /v1/chat/completions HTTP/1.1" 200 -
2026-09-17 10:40:17,116 INFO "POST /v1/chat/completions HTTP/1.1" 200 -
2026-09-17 10:40:17,673 INFO "POST /v1/chat/completions HTTP/1.1" 200 -
2026-09-17 10:40:18,239 INFO "POST /v1/chat/completions HTTP/1.1" 200 -
2026-09-17 10:40:18,792 INFO "POST /v1/chat/completions HTTP/1.1" 200 -
2026-09-17 10:40:19,350 INFO "POST /v1/chat/completions HTTP/1.1" 200 -
2026-09-17 10:40:19,909 INFO "POST /v1/chat/completions HTTP/1.1" 200 -
2026-09-17 10:40:20,466 INFO "POST /v1/chat/completions HTTP/1.1" 200 -
2026-09-17 10:40:21,019 INFO "POST /v1/chat/completions HTTP/1.1" 200 -
2026-09-17 10:40:21,576 INFO "POST /v1/chat/completions HTTP/1.1" 200 -
2026-09-17 10:40:22,132 INFO "POST /v1/chat/completions HTTP/1.1" 200 -
2026-09-17 10:40:22,694 INFO "POST /v1/chat/completions HTTP/1.1" 200 -
2026-09-17 10:40:23,256 INFO "POST /v1/chat/completions HTTP/1.1" 200 -
2026-09-17 10:40:23,825 INFO "POST /v1/chat/completions HTTP/1.1" 200 -
2026-09-17 10:40:26,793 INFO "POST /v1/chat/completions HTTP/1.1" 200 -
2026-09-17 10:40:26,793 INFO "POST /v1/chat/completions HTTP/1.1" 200 -
2026-09-17 10:40:26,853 INFO "POST /v1/chat/completions HTTP/1.1" 200 -
2026-09-17 10:40:26,853 INFO "POST /v1/chat/completions HTTP/1.1" 200 -
2026-09-17 10:40:26,908 INFO "POST /v1/chat/completions HTTP/1.1" 200 -
2026-09-17 10:40:26,908 INFO "POST /v1/chat/completions HTTP/1.1" 200 -
2026-09-17 10:40:26,959 INFO "POST /v1/chat/completions HTTP/1.1" 200 -
2026-09-17 10:40:26,959 INFO "POST /v1/chat/completions HTTP/1.1" 200 -
2026-09-17 10:40:27,003 INFO "POST /v1/chat/completions HTTP/1.1" 200 -
2026-09-17 10:40:27,007 INFO "POST /v1/chat/completions HTTP/1.1" 200 -
2026-09-17 10:40:27,048 INFO "POST /v1/chat/completions HTTP/1.1" 200 -
2026-09-17 10:40:27,048 INFO "POST /v1/chat/completions HTTP/1.1" 200 -
2026-09-17 10:40:27,097 INFO "POST /v1/chat/completions HTTP/1.1" 200 -
2026-09-17 10:40:27,100 INFO "POST /v1/chat/completions HTTP/1.1" 200 -
2026-09-17 10:40:27,131 INFO "POST /v1/chat/completions HTTP/1.1" 200 -
2026-09-17 10:40:27,131 INFO "POST /v1/chat/completions HTTP/1.1" 200 -
2026-09-17 10:40:27,158 INFO "POST /v1/chat/completions HTTP/1.1" 200 -
2026-09-17 10:40:27,158 INFO "POST /v1/chat/completions HTTP/1.1" 200 -
2026-09-17 10:40:27,178 INFO "POST /v1/chat/completions HTTP/1.1" 200 -
2026-09-17 10:40:27,178 INFO "POST /v1/chat/completions HTTP/1.1" 200 -
2026-09-17 10:40:27,179 INFO "GET /v1/status HTTP/1.1" 200 -
2026-09-17 10:40:27,236 INFO "GET /v1/status HTTP/1.1" 200 -
2026-09-17 10:40:27,298 INFO "GET /v1/status HTTP/1.1" 200 -
2026-09-17 10:40:27,352 INFO "GET /v1/status HTTP/1.1" 200 -
2026-09-17 10:40:27,414 INFO "GET /v1/status HTTP/1.1" 200 -
2026-09-17 10:40:27,469 INFO "GET /v1/status HTTP/1.1" 200 -
2026-09-17 10:40:27,529 INFO "GET /v1/status HTTP/1.1" 200 -
2026-09-17 10:40:27,588 INFO "GET /v1/status HTTP/1.1" 200 -
2026-09-17 10:40:27,650 INFO "GET /v1/status HTTP/1.1" 200 -
2026-09-17 10:40:27,742 INFO "GET /v1/status HTTP/1.1" 200 -
2026-09-17 10:40:27,774 INFO "GET /v1/status HTTP/1.1" 200 -
2026-09-17 10:40:28,406 INFO "POST /v1/chat/completions HTTP/1.1" 200 -
2026-09-17 10:40:28,973 INFO "POST /v1/chat/completions HTTP/1.1" 200 -
2026-09-17 10:40:29,539 INFO "POST /v1/chat/completions HTTP/1.1" 200 -
2026-09-17 10:40:30,099 INFO "POST /v1/chat/completions HTTP/1.1" 200 -
2026-09-17 10:40:30,683 INFO "POST /v1/chat/completions HTTP/1.1" 200 -
2026-09-17 10:40:31,240 INFO "POST /v1/chat/completions HTTP/1.1" 200 -
2026-09-17 10:40:31,814 INFO "POST /v1/chat/completions HTTP/1.1" 200 -
2026-09-17 10:40:32,370 INFO "POST /v1/chat/completions HTTP/1.1" 200 -
2026-09-17 10:40:32,930 INFO "POST /v1/chat/completions HTTP/1.1" 200 -
2026-09-17 10:40:33,487 INFO "POST /v1/chat/completions HTTP/1.1" 200 -
2026-09-17 10:40:34,048 INFO "POST /v1/chat/completions HTTP/1.1" 200 -
2026-09-17 10:40:34,604 INFO "POST /v1/chat/completions HTTP/1.1" 200 -
2026-09-17 10:40:35,166 INFO "POST /v1/chat/completions HTTP/1.1" 200 -
2026-09-17 10:40:35,726 INFO "POST /v1/chat/completions HTTP/1.1" 200 -
2026-09-17 10:40:36,288 INFO "POST /v1/chat/completions HTTP/1.1" 200 -
2026-09-17 10:40:36,849 INFO "POST /v1/chat/completions HTTP/1.1" 200 -
2026-09-17 10:40:37,415 INFO "POST /v1/chat/completions HTTP/1.1" 200 -
2026-09-17 10:40:37,978 INFO "POST /v1/chat/completions HTTP/1.1" 200 -
2026-09-17 10:40:38,544 INFO "POST /v1/chat/completions HTTP/1.1" 200 -
2026-09-17 10:40:39,111 INFO "POST /v1/chat/completions HTTP/1.1" 200 -
2026-09-17 10:40:42,146 INFO "POST /v1/chat/completions HTTP/1.1" 200 -
2026-09-17 10:40:42,146 INFO "POST /v1/chat/completions HTTP/1.1" 200 -
2026-09-17 10:40:42,202 INFO "POST /v1/chat/completions HTTP/1.1" 200 -
2026-09-17 10:40:42,207 INFO "POST /v1/chat/completions HTTP/1.1" 200 -
2026-09-17 10:40:42,262 INFO "POST /v1/chat/completions HTTP/1.1" 200 -
2026-09-17 10:40:42,263 INFO "POST /v1/chat/completions HTTP/1.1" 200 -
2026-09-17 10:40:42,314 INFO "POST /v1/chat/completions HTTP/1.1" 200 -
2026-09-17 10:40:42,314 INFO "POST /v1/chat/completions HTTP/1.1" 200 -
2026-09-17 10:40:42,359 INFO "POST /v1/chat/completions HTTP/1.1" 200 -
2026-09-17 10:40:42,359 INFO "POST /v1/chat/completions HTTP/1.1" 200 -
2026-09-17 10:40:42,398 INFO "POST /v1/chat/completions HTTP/1.1" 200 -
2026-09-17 10:40:42,398 INFO "POST /v1/chat/completions HTTP/1.1" 200 -
2026-09-17 10:40:42,431 INFO "POST /v1/chat/completions HTTP/1.1" 200 -
2026-09-17 10:40:42,435 INFO "POST /v1/chat/completions HTTP/1.1" 200 -
2026-09-17 10:40:42,467 INFO "POST /v1/chat/completions HTTP/1.1" 200 -
2026-09-17 10:40:42,467 INFO "POST /v1/chat/completions HTTP/1.1" 200 -
2026-09-17 10:40:42,495 INFO "POST /v1/chat/completions HTTP/1.1" 200 -
2026-09-17 10:40:42,495 INFO "POST /v1/chat/completions HTTP/1.1" 200 -
2026-09-17 10:40:42,512 INFO "POST /v1/chat/completions HTTP/1.1" 200 -
2026-09-17 10:40:42,514 INFO "POST /v1/chat/completions HTTP/1.1" 200 -
2026-09-17 10:40:42,515 INFO "GET /v1/status HTTP/1.1" 200 -
2026-09-17 10:40:42,577 INFO "GET /v1/status HTTP/1.1" 200 -
2026-09-17 10:40:42,639 INFO "GET /v1/status HTTP/1.1" 200 -
2026-09-17 10:40:42,701 INFO "GET /v1/status HTTP/1.1" 200 -
2026-09-17 10:40:42,764 INFO "GET /v1/status HTTP/1.1" 200 -
2026-09-17 10:40:42,853 INFO "GET /v1/status HTTP/1.1" 200 -
2026-09-17 10:40:42,888 INFO "GET /v1/status HTTP/1.1" 200 -
2026-09-17 10:40:43,463 INFO "POST /v1/chat/completions HTTP/1.1" 200 -
2026-09-17 10:40:44,032 INFO "POST /v1/chat/completions HTTP/1.1" 200 -
2026-09-17 10:40:44,598 INFO "POST /v1/chat/completions HTTP/1.1" 200 -
2026-09-17 10:40:45,163 INFO "POST /v1/chat/completions HTTP/1.1" 200 -
2026-09-17 10:40:45,723 INFO "POST /v1/chat/completions HTTP/1.1" 200 -
2026-09-17 10:40:46,286 INFO "POST /v1/chat/completions HTTP/1.1" 200 -
2026-09-17 10:40:46,869 INFO "POST /v1/chat/completions HTTP/1.1" 200 -
2026-09-17 10:40:47,429 INFO "POST /v1/chat/completions HTTP/1.1" 200 -
2026-09-17 10:40:47,988 INFO "POST /v1/chat/completions HTTP/1.1" 200 -
2026-09-17 10:40:48,549 INFO "POST /v1/chat/completions HTTP/1.1" 200 -
2026-09-17 10:40:49,107 INFO "POST /v1/chat/completions HTTP/1.1" 200 -
2026-09-17 10:40:49,666 INFO "POST /v1/chat/completions HTTP/1.1" 200 -
2026-09-17 10:40:50,222 INFO "POST /v1/chat/completions HTTP/1.1" 200 -
2026-09-17 10:40:50,785 INFO "POST /v1/chat/completions HTTP/1.1" 200 -
2026-09-17 10:40:51,353 INFO "POST /v1/chat/completions HTTP/1.1" 200 -
2026-09-17 10:40:51,926 INFO "POST /v1/chat/completions HTTP/1.1" 200 -
2026-09-17 10:40:52,487 INFO "POST /v1/chat/completions HTTP/1.1" 200 -
2026-09-17 10:40:53,054 INFO "POST /v1/chat/completions HTTP/1.1" 200 -
2026-09-17 10:40:53,619 INFO "POST /v1/chat/completions HTTP/1.1" 200 -
2026-09-17 10:40:54,188 INFO "POST /v1/chat/completions HTTP/1.1" 200 -
2026-09-17 10:40:57,230 INFO "POST /v1/chat/completions HTTP/1.1" 200 -
2026-09-17 10:40:57,231 INFO "POST /v1/chat/completions HTTP/1.1" 200 -
2026-09-17 10:40:57,289 INFO "POST /v1/chat/completions HTTP/1.1" 200 -
2026-09-17 10:40:57,289 INFO "POST /v1/chat/completions HTTP/1.1" 200 -
2026-09-17 10:40:57,345 INFO "POST /v1/chat/completions HTTP/1.1" 200 -
2026-09-17 10:40:57,345 INFO "POST /v1/chat/completions HTTP/1.1" 200 -
2026-09-17 10:40:57,395 INFO "POST /v1/chat/completions HTTP/1.1" 200 -
2026-09-17 10:40:57,395 INFO "POST /v1/chat/completions HTTP/1.1" 200 -
2026-09-17 10:40:57,437 INFO "POST /v1/chat/completions HTTP/1.1" 200 -
2026-09-17 10:40:57,440 INFO "POST /v1/chat/completions HTTP/1.1" 200 -
2026-09-17 10:40:57,480 INFO "POST /v1/chat/completions HTTP/1.1" 200 -
2026-09-17 10:40:57,480 INFO "POST /v1/chat/completions HTTP/1.1" 200 -
2026-09-17 10:40:57,516 INFO "POST /v1/chat/completions HTTP/1.1" 200 -
2026-09-17 10:40:57,516 INFO "POST /v1/chat/completions HTTP/1.1" 200 -
2026-09-17 10:40:57,548 INFO "POST /v1/chat/completions HTTP/1.1" 200 -
2026-09-17 10:40:57,548 INFO "POST /v1/chat/completions HTTP/1.1" 200 -
2026-09-17 10:40:57,575 INFO "POST /v1/chat/completions HTTP/1.1" 200 -
2026-09-17 10:40:57,575 INFO "POST /v1/chat/completions HTTP/1.1" 200 -
2026-09-17 10:40:57,595 INFO "POST /v1/chat/completions HTTP/1.1" 200 -
2026-09-17 10:40:57,596 INFO "POST /v1/chat/completions HTTP/1.1" 200 -
2026-09-17 10:40:57,597 INFO "GET /v1/status HTTP/1.1" 200 -
2026-09-17 10:40:57,653 INFO "GET /v1/status HTTP/1.1" 200 -
2026-09-17 10:40:57,709 INFO "GET /v1/status HTTP/1.1" 200 -
2026-09-17 10:40:57,769 INFO "GET /v1/status HTTP/1.1" 200 -
2026-09-17 10:40:57,830 INFO "GET /v1/status HTTP/1.1" 200 -
2026-09-17 10:40:57,888 INFO "GET /v1/status HTTP/1.1" 200 -
2026-09-17 10:40:57,984 INFO "GET /v1/status HTTP/1.1" 200 -
2026-09-17 10:40:58,016 INFO "GET /v1/status HTTP/1.1" 200 -
2026-09-17 10:40:58,593 INFO "POST /v1/chat/completions HTTP/1.1" 200 -
2026-09-17 10:40:59,197 INFO "POST /v1/chat/completions HTTP/1.1" 200 -
2026-09-17 10:40:59,766 INFO "POST /v1/chat/completions HTTP/1.1" 200 -
2026-09-17 10:41:00,336 INFO "POST /v1/chat/completions HTTP/1.1" 200 -
2026-09-17 10:41:00,904 INFO "POST /v1/chat/completions HTTP/1.1" 200 -
2026-09-17 10:41:01,462 INFO "POST /v1/chat/completions HTTP/1.1" 200 -
2026-09-17 10:41:02,023 INFO "POST /v1/chat/completions HTTP/1.1" 200 -
2026-09-17 10:41:02,580 INFO "POST /v1/chat/completions HTTP/1.1" 200 -
2026-09-17 10:41:03,141 INFO "POST /v1/chat/completions HTTP/1.1" 200 -
2026-09-17 10:41:03,706 INFO "POST /v1/chat/completions HTTP/1.1" 200 -
2026-09-17 10:41:04,268 INFO "POST /v1/chat/completions HTTP/1.1" 200 -
2026-09-17 10:41:04,825 INFO "POST /v1/chat/completions HTTP/1.1" 200 -
2026-09-17 10:41:05,384 INFO "POST /v1/chat/completions HTTP/1.1" 200 -
2026-09-17 10:41:05,942 INFO "POST /v1/chat/completions HTTP/1.1" 200 -
2026-09-17 10:41:06,502 INFO "POST /v1/chat/completions HTTP/1.1" 200 -
2026-09-17 10:41:07,060 INFO "POST /v1/chat/completions HTTP/1.1" 200 -
2026-09-17 10:41:07,621 INFO "POST /v1/chat/completions HTTP/1.1" 200 -
2026-09-17 10:41:08,190 INFO "POST /v1/chat/completions HTTP/1.1" 200 -
2026-09-17 10:41:08,753 INFO "POST /v1/chat/completions HTTP/1.1" 200 -
2026-09-17 10:41:09,315 INFO "POST /v1/chat/completions HTTP/1.1" 200 -
2026-09-17 10:41:12,283 INFO "POST /v1/chat/completions HTTP/1.1" 200 -
2026-09-17 10:41:12,283 INFO "POST /v1/chat/completions HTTP/1.1" 200 -
2026-09-17 10:41:12,338 INFO "POST /v1/chat/completions HTTP/1.1" 200 -
2026-09-17 10:41:12,343 INFO "POST /v1/chat/completions HTTP/1.1" 200 -
2026-09-17 10:41:12,398 INFO "POST /v1/chat/completions HTTP/1.1" 200 -
2026-09-17 10:41:12,399 INFO "POST /v1/chat/completions HTTP/1.1" 200 -
2026-09-17 10:41:12,449 INFO "POST /v1/chat/completions HTTP/1.1" 200 -
2026-09-17 10:41:12,449 INFO "POST /v1/chat/completions HTTP/1.1" 200 -
2026-09-17 10:41:12,494 INFO "POST /v1/chat/completions HTTP/1.1" 200 -
2026-09-17 10:41:12,494 INFO "POST /v1/chat/completions HTTP/1.1" 200 -
2026-09-17 10:41:12,533 INFO "POST /v1/chat/completions HTTP/1.1" 200 -
2026-09-17 10:41:12,533 INFO "POST /v1/chat/completions HTTP/1.1" 200 -
2026-09-17 10:41:12,568 INFO "POST /v1/chat/completions HTTP/1.1" 200 -
2026-09-17 10:41:12,569 INFO "POST /v1/chat/completions HTTP/1.1" 200 -
2026-09-17 10:41:12,600 INFO "POST /v1/chat/completions HTTP/1.1" 200 -
2026-09-17 10:41:12,600 INFO "POST /v1/chat/completions HTTP/1.1" 200 -
2026-09-17 10:41:12,627 INFO "POST /v1/chat/completions HTTP/1.1" 200 -
2026-09-17 10:41:12,627 INFO "POST /v1/chat/completions HTTP/1.1" 200 -
2026-09-17 10:41:12,646 INFO "POST /v1/chat/completions HTTP/1.1" 200 -
2026-09-17 10:41:12,646 INFO "POST /v1/chat/completions HTTP/1.1" 200 -
2026-09-17 10:41:12,648 INFO "GET /v1/status HTTP/1.1" 200 -
2026-09-17 10:41:12,707 INFO "GET /v1/status HTTP/1.1" 200 -
2026-09-17 10:41:12,769 INFO "GET /v1/status HTTP/1.1" 200 -
2026-09-17 10:41:12,826 INFO "GET /v1/status HTTP/1.1" 200 -
2026-09-17 10:41:12,890 INFO "GET /v1/status HTTP/1.1" 200 -
2026-09-17 10:41:12,952 INFO "GET /v1/status HTTP/1.1" 200 -
2026-09-17 10:41:13,017 INFO "GET /v1/status HTTP/1.1" 200 -
2026-09-17 10:41:13,078 INFO "GET /v1/status HTTP/1.1" 200 -
2026-09-17 10:41:13,187 INFO "GET /v1/status HTTP/1.1" 200 -
2026-09-17 10:41:13,219 INFO "GET /v1/status HTTP/1.1" 200 -
2026-09-17 10:41:13,834 INFO "POST /v1/chat/completions HTTP/1.1" 200 -
2026-09-17 10:41:14,400 INFO "POST /v1/chat/completions HTTP/1.1" 200 -
2026-09-17 10:41:14,960 INFO "POST /v1/chat/completions HTTP/1.1" 200 -
2026-09-17 10:41:15,521 INFO "POST /v1/chat/completions HTTP/1.1" 200 -
2026-09-17 10:41:16,113 INFO "POST /v1/chat/completions HTTP/1.1" 200 -
2026-09-17 10:41:16,665 INFO "POST /v1/chat/completions HTTP/1.1" 200 -
2026-09-17 10:41:17,224 INFO "POST /v1/chat/completions HTTP/1.1" 200 -
2026-09-17 10:41:17,778 INFO "POST /v1/chat/completions HTTP/1.1" 200 -
2026-09-17 10:41:18,340 INFO "POST /v1/chat/completions HTTP/1.1" 200 -
2026-09-17 10:41:18,895 INFO "POST /v1/chat/completions HTTP/1.1" 200 -
2026-09-17 10:41:19,458 INFO "POST /v1/chat/completions HTTP/1.1" 200 -
2026-09-17 10:41:20,015 INFO "POST /v1/chat/completions HTTP/1.1" 200 -
2026-09-17 10:41:20,577 INFO "POST /v1/chat/completions HTTP/1.1" 200 -
2026-09-17 10:41:21,133 INFO "POST /v1/chat/completions HTTP/1.1" 200 -
2026-09-17 10:41:21,691 INFO "POST /v1/chat/completions HTTP/1.1" 200 -
2026-09-17 10:41:22,252 INFO "POST /v1/chat/completions HTTP/1.1" 200 -
2026-09-17 10:41:22,831 INFO "POST /v1/chat/completions HTTP/1.1" 200 -
2026-09-17 10:41:23,393 INFO "POST /v1/chat/completions HTTP/1.1" 200 -
2026-09-17 10:41:23,954 INFO "POST /v1/chat/completions HTTP/1.1" 200 -
2026-09-17 10:41:24,514 INFO "POST /v1/chat/completions HTTP/1.1" 200 -
2026-09-17 10:41:27,481 INFO "POST /v1/chat/completions HTTP/1.1" 200 -
2026-09-17 10:41:27,481 INFO "POST /v1/chat/completions HTTP/1.1" 200 -
2026-09-17 10:41:27,543 INFO "POST /v1/chat/completions HTTP/1.1" 200 -
2026-09-17 10:41:27,543 INFO "POST /v1/chat/completions HTTP/1.1" 200 -
2026-09-17 10:41:27,598 INFO "POST /v1/chat/completions HTTP/1.1" 200 -
2026-09-17 10:41:27,599 INFO "POST /v1/chat/completions HTTP/1.1" 200 -
2026-09-17 10:41:27,650 INFO "POST /v1/chat/completions HTTP/1.1" 200 -
2026-09-17 10:41:27,650 INFO "POST /v1/chat/completions HTTP/1.1" 200 -
2026-09-17 10:41:27,697 INFO "POST /v1/chat/completions HTTP/1.1" 200 -
2026-09-17 10:41:27,697 INFO "POST /v1/chat/completions HTTP/1.1" 200 -
2026-09-17 10:41:27,737 INFO "POST /v1/chat/completions HTTP/1.1" 200 -
2026-09-17 10:41:27,737 INFO "POST /v1/chat/completions HTTP/1.1" 200 -
2026-09-17 10:41:27,774 INFO "POST /v1/chat/completions HTTP/1.1" 200 -
2026-09-17 10:41:27,774 INFO "POST /v1/chat/completions HTTP/1.1" 200 -
2026-09-17 10:41:27,804 INFO "POST /v1/chat/completions HTTP/1.1" 200 -
2026-09-17 10:41:27,807 INFO "POST /v1/chat/completions HTTP/1.1" 200 -
2026-09-17 10:41:27,834 INFO "POST /v1/chat/completions HTTP/1.1" 200 -
2026-09-17 10:41:27,834 INFO "POST /v1/chat/completions HTTP/1.1" 200 -
2026-09-17 10:41:27,854 INFO "POST /v1/chat/completions HTTP/1.1" 200 -
2026-09-17 10:41:27,854 INFO "POST /v1/chat/completions HTTP/1.1" 200 -
2026-09-17 10:41:27,855 INFO "GET /v1/status HTTP/1.1" 200 -
2026-09-17 10:41:27,917 INFO "GET /v1/status HTTP/1.1" 200 -
2026-09-17 10:41:27,971 INFO "GET /v1/status HTTP/1.1" 200 -
2026-09-17 10:41:28,034 INFO "GET /v1/status HTTP/1.1" 200 -
2026-09-17 10:41:28,089 INFO "GET /v1/status HTTP/1.1" 200 -
2026-09-17 10:41:28,152 INFO "GET /v1/status HTTP/1.1" 200 -
2026-09-17 10:41:28,212 INFO "GET /v1/status HTTP/1.1" 200 -
2026-09-17 10:41:28,320 INFO "GET /v1/status HTTP/1.1" 200 -
2026-09-17 10:41:28,353 INFO "GET /v1/status HTTP/1.1" 200 -
2026-09-17 10:41:28,952 INFO "POST /v1/chat/completions HTTP/1.1" 200 -
2026-09-17 10:41:29,535 INFO "POST /v1/chat/completions HTTP/1.1" 200 -
2026-09-17 10:41:30,111 INFO "POST /v1/chat/completions HTTP/1.1" 200 -
2026-09-17 10:41:30,686 INFO "POST /v1/chat/completions HTTP/1.1" 200 -
2026-09-17 10:41:31,260 INFO "POST /v1/chat/completions HTTP/1.1" 200 -
2026-09-17 10:41:31,855 INFO "POST /v1/chat/completions HTTP/1.1" 200 -
2026-09-17 10:41:32,425 INFO "POST /v1/chat/completions HTTP/1.1" 200 -
2026-09-17 10:41:33,012 INFO "POST /v1/chat/completions HTTP/1.1" 200 -
2026-09-17 10:41:33,572 INFO "POST /v1/chat/completions HTTP/1.1" 200 -
2026-09-17 10:41:34,132 INFO "POST /v1/chat/completions HTTP/1.1" 200 -
2026-09-17 10:41:34,708 INFO "POST /v1/chat/completions HTTP/1.1" 200 -
2026-09-17 10:41:35,272 INFO "POST /v1/chat/completions HTTP/1.1" 200 -
2026-09-17 10:41:35,831 INFO "POST /v1/chat/completions HTTP/1.1" 200 -
2026-09-17 10:41:36,389 INFO "POST /v1/chat/completions HTTP/1.1" 200 -
2026-09-17 10:41:36,945 INFO "POST /v1/chat/completions HTTP/1.1" 200 -
2026-09-17 10:41:37,521 INFO "POST /v1/chat/completions HTTP/1.1" 200 -
2026-09-17 10:41:38,076 INFO "POST /v1/chat/completions HTTP/1.1" 200 -
2026-09-17 10:41:38,634 INFO "POST /v1/chat/completions HTTP/1.1" 200 -
2026-09-17 10:41:39,191 INFO "POST /v1/chat/completions HTTP/1.1" 200 -
2026-09-17 10:41:39,750 INFO "POST /v1/chat/completions HTTP/1.1" 200 -
2026-09-17 10:41:42,506 INFO "POST /v1/chat/completions HTTP/1.1" 200 -
2026-09-17 10:41:42,506 INFO "POST /v1/chat/completions HTTP/1.1" 200 -
2026-09-17 10:41:42,565 INFO "POST /v1/chat/completions HTTP/1.1" 200 -
2026-09-17 10:41:42,565 INFO "POST /v1/chat/completions HTTP/1.1" 200 -
2026-09-17 10:41:42,619 INFO "POST /v1/chat/completions HTTP/1.1" 200 -
2026-09-17 10:41:42,619 INFO "POST /v1/chat/completions HTTP/1.1" 200 -
2026-09-17 10:41:42,667 INFO "POST /v1/chat/completions HTTP/1.1" 200 -
2026-09-17 10:41:42,667 INFO "POST /v1/chat/completions HTTP/1.1" 200 -
2026-09-17 10:41:42,712 INFO "POST /v1/chat/completions HTTP/1.1" 200 -
2026-09-17 10:41:42,712 INFO "POST /v1/chat/completions HTTP/1.1" 200 -
2026-09-17 10:41:42,749 INFO "POST /v1/chat/completions HTTP/1.1" 200 -
2026-09-17 10:41:42,749 INFO "POST /v1/chat/completions HTTP/1.1" 200 -
2026-09-17 10:41:42,784 INFO "POST /v1/chat/completions HTTP/1.1" 200 -
2026-09-17 10:41:42,784 INFO "POST /v1/chat/completions HTTP/1.1" 200 -
2026-09-17 10:41:42,815 INFO "POST /v1/chat/completions HTTP/1.1" 200 -
2026-09-17 10:41:42,815 INFO "POST /v1/chat/completions HTTP/1.1" 200 -
2026-09-17 10:41:42,842 INFO "POST /v1/chat/completions HTTP/1.1" 200 -
2026-09-17 10:41:42,842 INFO "POST /v1/chat/completions HTTP/1.1" 200 -
2026-09-17 10:41:42,862 INFO "POST /v1/chat/completions HTTP/1.1" 200 -
2026-09-17 10:41:42,862 INFO "POST /v1/chat/completions HTTP/1.1" 200 -
2026-09-17 10:41:42,864 INFO "GET /v1/status HTTP/1.1" 200 -
2026-09-17 10:41:42,925 INFO "GET /v1/status HTTP/1.1" 200 -
2026-09-17 10:41:42,984 INFO "GET /v1/status HTTP/1.1" 200 -
2026-09-17 10:41:43,043 INFO "GET /v1/status HTTP/1.1" 200 -
2026-09-17 10:41:43,103 INFO "GET /v1/status HTTP/1.1" 200 -
2026-09-17 10:41:43,165 INFO "GET /v1/status HTTP/1.1" 200 -
2026-09-17 10:41:43,229 INFO "GET /v1/status HTTP/1.1" 200 -
2026-09-17 10:41:43,289 INFO "GET /v1/status HTTP/1.1" 200 -
2026-09-17 10:41:43,352 INFO "GET /v1/status HTTP/1.1" 200 -
2026-09-17 10:41:43,480 INFO "GET /v1/status HTTP/1.1" 200 -
2026-09-17 10:41:43,512 INFO "GET /v1/status HTTP/1.1" 200 -
2026-09-17 10:41:44,096 INFO "POST /v1/chat/completions HTTP/1.1" 200 -
2026-09-17 10:41:44,660 INFO "POST /v1/chat/completions HTTP/1.1" 200 -
2026-09-17 10:41:45,247 INFO "POST /v1/chat/completions HTTP/1.1" 200 -
2026-09-17 10:41:45,805 INFO "POST /v1/chat/completions HTTP/1.1" 200 -
2026-09-17 10:41:46,381 INFO "POST /v1/chat/completions HTTP/1.1" 200 -
2026-09-17 10:41:46,937 INFO "POST /v1/chat/completions HTTP/1.1" 200 -
2026-09-17 10:41:47,495 INFO "POST /v1/chat/completions HTTP/1.1" 200 -
2026-09-17 10:41:48,049 INFO "POST /v1/chat/completions HTTP/1.1" 200 -
2026-09-17 10:41:48,608 INFO "POST /v1/chat/completions HTTP/1.1" 200 -
2026-09-17 10:41:49,177 INFO "POST /v1/chat/completions HTTP/1.1" 200 -
2026-09-17 10:41:49,745 INFO "POST /v1/chat/completions HTTP/1.1" 200 -
2026-09-17 10:41:50,300 INFO "POST /v1/chat/completions HTTP/1.1" 200 -
2026-09-17 10:41:50,858 INFO "POST /v1/chat/completions HTTP/1.1" 200 -
2026-09-17 10:41:51,412 INFO "POST /v1/chat/completions HTTP/1.1" 200 -
2026-09-17 10:41:51,973 INFO "POST /v1/chat/completions HTTP/1.1" 200 -
2026-09-17 10:41:52,528 INFO "POST /v1/chat/completions HTTP/1.1" 200 -
2026-09-17 10:41:53,083 INFO "POST /v1/chat/completions HTTP/1.1" 200 -
2026-09-17 10:41:53,640 INFO "POST /v1/chat/completions HTTP/1.1" 200 -
2026-09-17 10:41:54,201 INFO "POST /v1/chat/completions HTTP/1.1" 200 -
2026-09-17 10:41:54,756 INFO "POST /v1/chat/completions HTTP/1.1" 200 -
2026-09-17 10:41:57,545 INFO "POST /v1/chat/completions HTTP/1.1" 200 -
2026-09-17 10:41:57,545 INFO "POST /v1/chat/completions HTTP/1.1" 200 -
2026-09-17 10:41:57,604 INFO "POST /v1/chat/completions HTTP/1.1" 200 -
2026-09-17 10:41:57,604 INFO "POST /v1/chat/completions HTTP/1.1" 200 -
2026-09-17 10:41:57,671 INFO "POST /v1/chat/completions HTTP/1.1" 200 -
2026-09-17 10:41:57,675 INFO "POST /v1/chat/completions HTTP/1.1" 200 -
2026-09-17 10:41:57,724 INFO "POST /v1/chat/completions HTTP/1.1" 200 -
2026-09-17 10:41:57,724 INFO "POST /v1/chat/completions HTTP/1.1" 200 -
2026-09-17 10:41:57,768 INFO "POST /v1/chat/completions HTTP/1.1" 200 -
2026-09-17 10:41:57,768 INFO "POST /v1/chat/completions HTTP/1.1" 200 -
2026-09-17 10:41:57,804 INFO "POST /v1/chat/completions HTTP/1.1" 200 -
2026-09-17 10:41:57,807 INFO "POST /v1/chat/completions HTTP/1.1" 200 -
2026-09-17 10:41:57,843 INFO "POST /v1/chat/completions HTTP/1.1" 200 -
2026-09-17 10:41:57,843 INFO "POST /v1/chat/completions HTTP/1.1" 200 -
2026-09-17 10:41:57,871 INFO "POST /v1/chat/completions HTTP/1.1" 200 -
2026-09-17 10:41:57,875 INFO "POST /v1/chat/completions HTTP/1.1" 200 -
2026-09-17 10:41:57,903 INFO "POST /v1/chat/completions HTTP/1.1" 200 -
2026-09-17 10:41:57,903 INFO "POST /v1/chat/completions HTTP/1.1" 200 -
2026-09-17 10:41:57,920 INFO "POST /v1/chat/completions HTTP/1.1" 200 -
2026-09-17 10:41:57,922 INFO "POST /v1/chat/completions HTTP/1.1" 200 -
2026-09-17 10:41:57,923 INFO "GET /v1/status HTTP/1.1" 200 -
2026-09-17 10:41:57,983 INFO "GET /v1/status HTTP/1.1" 200 -
2026-09-17 10:41:58,036 INFO "GET /v1/status HTTP/1.1" 200 -
2026-09-17 10:41:58,093 INFO "GET /v1/status HTTP/1.1" 200 -
2026-09-17 10:41:58,155 INFO "GET /v1/status HTTP/1.1" 200 -
2026-09-17 10:41:58,219 INFO "GET /v1/status HTTP/1.1" 200 -
2026-09-17 10:41:58,282 INFO "GET /v1/status HTTP/1.1" 200 -
2026-09-17 10:41:58,345 INFO "GET /v1/status HTTP/1.1" 200 -
2026-09-17 10:41:58,405 INFO "GET /v1/status HTTP/1.1" 200 -
2026-09-17 10:41:58,470 INFO "GET /v1/status HTTP/1.1" 200 -
2026-09-17 10:41:58,590 INFO "GET /v1/status HTTP/1.1" 200 -
2026-09-17 10:41:58,622 INFO "GET /v1/status HTTP/1.1" 200 -
2026-09-17 10:41:59,200 INFO "POST /v1/chat/completions HTTP/1.1" 200 -
2026-09-17 10:41:59,764 INFO "POST /v1/chat/completions HTTP/1.1" 200 -
2026-09-17 10:42:00,324 INFO "POST /v1/chat/completions HTTP/1.1" 200 -
2026-09-17 10:42:00,886 INFO "POST /v1/chat/completions HTTP/1.1" 200 -
2026-09-17 10:42:01,448 INFO "POST /v1/chat/completions HTTP/1.1" 200 -
2026-09-17 10:42:02,029 INFO "POST /v1/chat/completions HTTP/1.1" 200 -
2026-09-17 10:42:02,587 INFO "POST /v1/chat/completions HTTP/1.1" 200 -
2026-09-17 10:42:03,144 INFO "POST /v1/chat/completions HTTP/1.1" 200 -
2026-09-17 10:42:03,699 INFO "POST /v1/chat/completions HTTP/1.1" 200 -
2026-09-17 10:42:04,258 INFO "POST /v1/chat/completions HTTP/1.1" 200 -
2026-09-17 10:42:04,816 INFO "POST /v1/chat/completions HTTP/1.1" 200 -
2026-09-17 10:42:05,375 INFO "POST /v1/chat/completions HTTP/1.1" 200 -
2026-09-17 10:42:05,933 INFO "POST /v1/chat/completions HTTP/1.1" 200 -
2026-09-17 10:42:06,494 INFO "POST /v1/chat/completions HTTP/1.1" 200 -
2026-09-17 10:42:07,046 INFO "POST /v1/chat/completions HTTP/1.1" 200 -
2026-09-17 10:42:07,600 INFO "POST /v1/chat/completions HTTP/1.1" 200 -
2026-09-17 10:42:08,192 INFO "POST /v1/chat/completions HTTP/1.1" 200 -
2026-09-17 10:42:08,751 INFO "POST /v1/chat/completions HTTP/1.1" 200 -
2026-09-17 10:42:09,308 INFO "POST /v1/chat/completions HTTP/1.1" 200 -
2026-09-17 10:42:09,867 INFO "POST /v1/chat/completions HTTP/1.1" 200 -
2026-09-17 10:42:12,670 INFO "POST /v1/chat/completions HTTP/1.1" 200 -
2026-09-17 10:42:12,670 INFO "POST /v1/chat/completions HTTP/1.1" 200 -
2026-09-17 10:42:12,728 INFO "POST /v1/chat/completions HTTP/1.1" 200 -
2026-09-17 10:42:12,728 INFO "POST /v1/chat/completions HTTP/1.1" 200 -
2026-09-17 10:42:12,780 INFO "POST /v1/chat/completions HTTP/1.1" 200 -
2026-09-17 10:42:12,780 INFO "POST /v1/chat/completions HTTP/1.1" 200 -
2026-09-17 10:42:12,828 INFO "POST /v1/chat/completions HTTP/1.1" 200 -
2026-09-17 10:42:12,829 INFO "POST /v1/chat/completions HTTP/1.1" 200 -
2026-09-17 10:42:12,873 INFO "POST /v1/chat/completions HTTP/1.1" 200 -
2026-09-17 10:42:12,873 INFO "POST /v1/chat/completions HTTP/1.1" 200 -
2026-09-17 10:42:12,912 INFO "POST /v1/chat/completions HTTP/1.1" 200 -
2026-09-17 10:42:12,912 INFO "POST /v1/chat/completions HTTP/1.1" 200 -
2026-09-17 10:42:12,947 INFO "POST /v1/chat/completions HTTP/1.1" 200 -
2026-09-17 10:42:12,947 INFO "POST /v1/chat/completions HTTP/1.1" 200 -
2026-09-17 10:42:12,980 INFO "POST /v1/chat/completions HTTP/1.1" 200 -
2026-09-17 10:42:12,980 INFO "POST /v1/chat/completions HTTP/1.1" 200 -
2026-09-17 10:42:13,007 INFO "POST /v1/chat/completions HTTP/1.1" 200 -
2026-09-17 10:42:13,008 INFO "POST /v1/chat/completions HTTP/1.1" 200 -
2026-09-17 10:42:13,027 INFO "POST /v1/chat/completions HTTP/1.1" 200 -
2026-09-17 10:42:13,027 INFO "POST /v1/chat/completions HTTP/1.1" 200 -
2026-09-17 10:42:13,028 INFO "GET /v1/status HTTP/1.1" 200 -
2026-09-17 10:42:13,086 INFO "GET /v1/status HTTP/1.1" 200 -
2026-09-17 10:42:13,148 INFO "GET /v1/status HTTP/1.1" 200 -
2026-09-17 10:42:13,203 INFO "GET /v1/status HTTP/1.1" 200 -
2026-09-17 10:42:13,261 INFO "GET /v1/status HTTP/1.1" 200 -
2026-09-17 10:42:13,321 INFO "GET /v1/status HTTP/1.1" 200 -
2026-09-17 10:42:13,374 INFO "GET /v1/status HTTP/1.1" 200 -
2026-09-17 10:42:13,438 INFO "GET /v1/status HTTP/1.1" 200 -
2026-09-17 10:42:13,495 INFO "GET /v1/status HTTP/1.1" 200 -
2026-09-17 10:42:13,556 INFO "GET /v1/status HTTP/1.1" 200 -
2026-09-17 10:42:13,684 INFO "GET /v1/status HTTP/1.1" 200 -
2026-09-17 10:42:13,716 INFO "GET /v1/status HTTP/1.1" 200 -
2026-09-17 10:42:14,351 INFO "POST /v1/chat/completions HTTP/1.1" 200 -
2026-09-17 10:42:14,915 INFO "POST /v1/chat/completions HTTP/1.1" 200 -
2026-09-17 10:42:15,473 INFO "POST /v1/chat/completions HTTP/1.1" 200 -
2026-09-17 10:42:16,027 INFO "POST /v1/chat/completions HTTP/1.1" 200 -
2026-09-17 10:42:16,584 INFO "POST /v1/chat/completions HTTP/1.1" 200 -
2026-09-17 10:42:17,140 INFO "POST /v1/chat/completions HTTP/1.1" 200 -
2026-09-17 10:42:17,698 INFO "POST /v1/chat/completions HTTP/1.1" 200 -
2026-09-17 10:42:18,253 INFO "POST /v1/chat/completions HTTP/1.1" 200 -
2026-09-17 10:42:18,811 INFO "POST /v1/chat/completions HTTP/1.1" 200 -
2026-09-17 10:42:19,363 INFO "POST /v1/chat/completions HTTP/1.1" 200 -
2026-09-17 10:42:19,921 INFO "POST /v1/chat/completions HTTP/1.1" 200 -
2026-09-17 10:42:20,475 INFO "POST /v1/chat/completions HTTP/1.1" 200 -
2026-09-17 10:42:21,033 INFO "POST /v1/chat/completions HTTP/1.1" 200 -
2026-09-17 10:42:21,588 INFO "POST /v1/chat/completions HTTP/1.1" 200 -
2026-09-17 10:42:22,146 INFO "POST /v1/chat/completions HTTP/1.1" 200 -
2026-09-17 10:42:22,699 INFO "POST /v1/chat/completions HTTP/1.1" 200 -
2026-09-17 10:42:23,260 INFO "POST /v1/chat/completions HTTP/1.1" 200 -
2026-09-17 10:42:23,812 INFO "POST /v1/chat/completions HTTP/1.1" 200 -
2026-09-17 10:42:24,369 INFO "POST /v1/chat/completions HTTP/1.1" 200 -
2026-09-17 10:42:24,925 INFO "POST /v1/chat/completions HTTP/1.1" 200 -
2026-09-17 10:42:27,641 INFO "POST /v1/chat/completions HTTP/1.1" 200 -
2026-09-17 10:42:27,641 INFO "POST /v1/chat/completions HTTP/1.1" 200 -
2026-09-17 10:42:27,701 INFO "POST /v1/chat/completions HTTP/1.1" 200 -
2026-09-17 10:42:27,701 INFO "POST /v1/chat/completions HTTP/1.1" 200 -
2026-09-17 10:42:27,753 INFO "POST /v1/chat/completions HTTP/1.1" 200 -
2026-09-17 10:42:27,754 INFO "POST /v1/chat/completions HTTP/1.1" 200 -
2026-09-17 10:42:27,802 INFO "POST /v1/chat/completions HTTP/1.1" 200 -
2026-09-17 10:42:27,802 INFO "POST /v1/chat/completions HTTP/1.1" 200 -
2026-09-17 10:42:27,847 INFO "POST /v1/chat/completions HTTP/1.1" 200 -
2026-09-17 10:42:27,847 INFO "POST /v1/chat/completions HTTP/1.1" 200 -
2026-09-17 10:42:27,885 INFO "POST /v1/chat/completions HTTP/1.1" 200 -
2026-09-17 10:42:27,885 INFO "POST /v1/chat/completions HTTP/1.1" 200 -
2026-09-17 10:42:27,919 INFO "POST /v1/chat/completions HTTP/1.1" 200 -
2026-09-17 10:42:27,919 INFO "POST /v1/chat/completions HTTP/1.1" 200 -
2026-09-17 10:42:27,950 INFO "POST /v1/chat/completions HTTP/1.1" 200 -
2026-09-17 10:42:27,950 INFO "POST /v1/chat/completions HTTP/1.1" 200 -
2026-09-17 10:42:27,978 INFO "POST /v1/chat/completions HTTP/1.1" 200 -
2026-09-17 10:42:27,978 INFO "POST /v1/chat/completions HTTP/1.1" 200 -
2026-09-17 10:42:27,997 INFO "POST /v1/chat/completions HTTP/1.1" 200 -
2026-09-17 10:42:27,997 INFO "POST /v1/chat/completions HTTP/1.1" 200 -
2026-09-17 10:42:27,999 INFO "GET /v1/status HTTP/1.1" 200 -
2026-09-17 10:42:28,060 INFO "GET /v1/status HTTP/1.1" 200 -
2026-09-17 10:42:28,120 INFO "GET /v1/status HTTP/1.1" 200 -
2026-09-17 10:42:28,174 INFO "GET /v1/status HTTP/1.1" 200 -
2026-09-17 10:42:28,238 INFO "GET /v1/status HTTP/1.1" 200 -
2026-09-17 10:42:28,297 INFO "GET /v1/status HTTP/1.1" 200 -
2026-09-17 10:42:28,357 INFO "GET /v1/status HTTP/1.1" 200 -
2026-09-17 10:42:28,414 INFO "GET /v1/status HTTP/1.1" 200 -
2026-09-17 10:42:28,474 INFO "GET /v1/status HTTP/1.1" 200 -
2026-09-17 10:42:28,537 INFO "GET /v1/status HTTP/1.1" 200 -
2026-09-17 10:42:28,594 INFO "GET /v1/status HTTP/1.1" 200 -
2026-09-17 10:42:28,655 INFO "GET /v1/status HTTP/1.1" 200 -
2026-09-17 10:42:28,711 INFO "GET /v1/status HTTP/1.1" 200 -
2026-09-17 10:42:28,842 INFO "GET /v1/status HTTP/1.1" 200 -
2026-09-17 10:42:28,874 INFO "GET /v1/status HTTP/1.1" 200 -
2026-09-17 10:42:29,463 INFO "POST /v1/chat/completions HTTP/1.1" 200 -
2026-09-17 10:42:30,025 INFO "POST /v1/chat/completions HTTP/1.1" 200 -
2026-09-17 10:42:30,614 INFO "POST /v1/chat/completions HTTP/1.1" 200 -
2026-09-17 10:42:31,168 INFO "POST /v1/chat/completions HTTP/1.1" 200 -
2026-09-17 10:42:31,728 INFO "POST /v1/chat/completions HTTP/1.1" 200 -
2026-09-17 10:42:32,294 INFO "POST /v1/chat/completions HTTP/1.1" 200 -
2026-09-17 10:42:32,851 INFO "POST /v1/chat/completions HTTP/1.1" 200 -
2026-09-17 10:42:33,407 INFO "POST /v1/chat/completions HTTP/1.1" 200 -
2026-09-17 10:42:33,965 INFO "POST /v1/chat/completions HTTP/1.1" 200 -
2026-09-17 10:42:34,520 INFO "POST /v1/chat/completions HTTP/1.1" 200 -
2026-09-17 10:42:35,080 INFO "POST /v1/chat/completions HTTP/1.1" 200 -
2026-09-17 10:42:35,637 INFO "POST /v1/chat/completions HTTP/1.1" 200 -
2026-09-17 10:42:36,197 INFO "POST /v1/chat/completions HTTP/1.1" 200 -
2026-09-17 10:42:36,754 INFO "POST /v1/chat/completions HTTP/1.1" 200 -
2026-09-17 10:42:37,317 INFO "POST /v1/chat/completions HTTP/1.1" 200 -
2026-09-17 10:42:37,874 INFO "POST /v1/chat/completions HTTP/1.1" 200 -
2026-09-17 10:42:38,433 INFO "POST /v1/chat/completions HTTP/1.1" 200 -
2026-09-17 10:42:38,988 INFO "POST /v1/chat/completions HTTP/1.1" 200 -
2026-09-17 10:42:39,548 INFO "POST /v1/chat/completions HTTP/1.1" 200 -
2026-09-17 10:42:40,105 INFO "POST /v1/chat/completions HTTP/1.1" 200 -
2026-09-17 10:42:42,787 INFO "POST /v1/chat/completions HTTP/1.1" 200 -
2026-09-17 10:42:42,787 INFO "POST /v1/chat/completions HTTP/1.1" 200 -
2026-09-17 10:42:42,843 INFO "POST /v1/chat/completions HTTP/1.1" 200 -
2026-09-17 10:42:42,843 INFO "POST /v1/chat/completions HTTP/1.1" 200 -
2026-09-17 10:42:42,896 INFO "POST /v1/chat/completions HTTP/1.1" 200 -
2026-09-17 10:42:42,896 INFO "POST /v1/chat/completions HTTP/1.1" 200 -
2026-09-17 10:42:42,944 INFO "POST /v1/chat/completions HTTP/1.1" 200 -
2026-09-17 10:42:42,944 INFO "POST /v1/chat/completions HTTP/1.1" 200 -
2026-09-17 10:42:42,988 INFO "POST /v1/chat/completions HTTP/1.1" 200 -
2026-09-17 10:42:42,988 INFO "POST /v1/chat/completions HTTP/1.1" 200 -
2026-09-17 10:42:43,027 INFO "POST /v1/chat/completions HTTP/1.1" 200 -
2026-09-17 10:42:43,027 INFO "POST /v1/chat/completions HTTP/1.1" 200 -
2026-09-17 10:42:43,063 INFO "POST /v1/chat/completions HTTP/1.1" 200 -
2026-09-17 10:42:43,063 INFO "POST /v1/chat/completions HTTP/1.1" 200 -
2026-09-17 10:42:43,095 INFO "POST /v1/chat/completions HTTP/1.1" 200 -
2026-09-17 10:42:43,095 INFO "POST /v1/chat/completions HTTP/1.1" 200 -
2026-09-17 10:42:43,123 INFO "POST /v1/chat/completions HTTP/1.1" 200 -
2026-09-17 10:42:43,123 INFO "POST /v1/chat/completions HTTP/1.1" 200 -
2026-09-17 10:42:43,142 INFO "POST /v1/chat/completions HTTP/1.1" 200 -
2026-09-17 10:42:43,142 INFO "POST /v1/chat/completions HTTP/1.1" 200 -
2026-09-17 10:42:43,144 INFO "GET /v1/status HTTP/1.1" 200 -
2026-09-17 10:42:43,205 INFO "GET /v1/status HTTP/1.1" 200 -
2026-09-17 10:42:43,267 INFO "GET /v1/status HTTP/1.1" 200 -
2026-09-17 10:42:43,327 INFO "GET /v1/status HTTP/1.1" 200 -
2026-09-17 10:42:43,387 INFO "GET /v1/status HTTP/1.1" 200 -
2026-09-17 10:42:43,451 INFO "GET /v1/status HTTP/1.1" 200 -
2026-09-17 10:42:43,512 INFO "GET /v1/status HTTP/1.1" 200 -
2026-09-17 10:42:43,572 INFO "GET /v1/status HTTP/1.1" 200 -
2026-09-17 10:42:43,630 INFO "GET /v1/status HTTP/1.1" 200 -
2026-09-17 10:42:43,694 INFO "GET /v1/status HTTP/1.1" 200 -
2026-09-17 10:42:43,756 INFO "GET /v1/status HTTP/1.1" 200 -
2026-09-17 10:42:43,815 INFO "GET /v1/status HTTP/1.1" 200 -
2026-09-17 10:42:43,878 INFO "GET /v1/status HTTP/1.1" 200 -
2026-09-17 10:42:44,006 INFO "GET /v1/status HTTP/1.1" 200 -
2026-09-17 10:42:44,039 INFO "GET /v1/status HTTP/1.1" 200 -
2026-09-17 10:42:44,650 INFO "POST /v1/chat/completions HTTP/1.1" 200 -
2026-09-17 10:42:45,217 INFO "POST /v1/chat/completions HTTP/1.1" 200 -
2026-09-17 10:42:45,778 INFO "POST /v1/chat/completions HTTP/1.1" 200 -
2026-09-17 10:42:46,340 INFO "POST /v1/chat/completions HTTP/1.1" 200 -
2026-09-17 10:42:46,899 INFO "POST /v1/chat/completions HTTP/1.1" 200 -
2026-09-17 10:42:47,488 INFO "POST /v1/chat/completions HTTP/1.1" 200 -
2026-09-17 10:42:48,045 INFO "POST /v1/chat/completions HTTP/1.1" 200 -
2026-09-17 10:42:48,604 INFO "POST /v1/chat/completions HTTP/1.1" 200 -
2026-09-17 10:42:49,161 INFO "POST /v1/chat/completions HTTP/1.1" 200 -
2026-09-17 10:42:49,720 INFO "POST /v1/chat/completions HTTP/1.1" 200 -
2026-09-17 10:42:50,287 INFO "POST /v1/chat/completions HTTP/1.1" 200 -
2026-09-17 10:42:50,847 INFO "POST /v1/chat/completions HTTP/1.1" 200 -
2026-09-17 10:42:51,404 INFO "POST /v1/chat/completions HTTP/1.1" 200 -
2026-09-17 10:42:51,974 INFO "POST /v1/chat/completions HTTP/1.1" 200 -
2026-09-17 10:42:52,548 INFO "POST /v1/chat/completions HTTP/1.1" 200 -
2026-09-17 10:42:53,113 INFO "POST /v1/chat/completions HTTP/1.1" 200 -
2026-09-17 10:42:53,672 INFO "POST /v1/chat/completions HTTP/1.1" 200 -
2026-09-17 10:42:54,233 INFO "POST /v1/chat/completions HTTP/1.1" 200 -
2026-09-17 10:42:54,790 INFO "POST /v1/chat/completions HTTP/1.1" 200 -
2026-09-17 10:42:55,350 INFO "POST /v1/chat/completions HTTP/1.1" 200 -
2026-09-17 10:42:57,975 INFO "POST /v1/chat/completions HTTP/1.1" 200 -
2026-09-17 10:42:57,975 INFO "POST /v1/chat/completions HTTP/1.1" 200 -
2026-09-17 10:42:58,031 INFO "POST /v1/chat/completions HTTP/1.1" 200 -
2026-09-17 10:42:58,031 INFO "POST /v1/chat/completions HTTP/1.1" 200 -
2026-09-17 10:42:58,084 INFO "POST /v1/chat/completions HTTP/1.1" 200 -
2026-09-17 10:42:58,084 INFO "POST /v1/chat/completions HTTP/1.1" 200 -
2026-09-17 10:42:58,132 INFO "POST /v1/chat/completions HTTP/1.1" 200 -
2026-09-17 10:42:58,132 INFO "POST /v1/chat/completions HTTP/1.1" 200 -
2026-09-17 10:42:58,176 INFO "POST /v1/chat/completions HTTP/1.1" 200 -
2026-09-17 10:42:58,177 INFO "POST /v1/chat/completions HTTP/1.1" 200 -
2026-09-17 10:42:58,215 INFO "POST /v1/chat/completions HTTP/1.1" 200 -
2026-09-17 10:42:58,215 INFO "POST /v1/chat/completions HTTP/1.1" 200 -
2026-09-17 10:42:58,250 INFO "POST /v1/chat/completions HTTP/1.1" 200 -
2026-09-17 10:42:58,250 INFO "POST /v1/chat/completions HTTP/1.1" 200 -
2026-09-17 10:42:58,281 INFO "POST /v1/chat/completions HTTP/1.1" 200 -
2026-09-17 10:42:58,281 INFO "POST /v1/chat/completions HTTP/1.1" 200 -
2026-09-17 10:42:58,307 INFO "POST /v1/chat/completions HTTP/1.1" 200 -
2026-09-17 10:42:58,307 INFO "POST /v1/chat/completions HTTP/1.1" 200 -
2026-09-17 10:42:58,326 INFO "POST /v1/chat/completions HTTP/1.1" 200 -
2026-09-17 10:42:58,326 INFO "POST /v1/chat/completions HTTP/1.1" 200 -
2026-09-17 10:42:58,327 INFO "GET /v1/status HTTP/1.1" 200 -
2026-09-17 10:42:58,389 INFO "GET /v1/status HTTP/1.1" 200 -
2026-09-17 10:42:58,451 INFO "GET /v1/status HTTP/1.1" 200 -
2026-09-17 10:42:58,513 INFO "GET /v1/status HTTP/1.1" 200 -
2026-09-17 10:42:58,573 INFO "GET /v1/status HTTP/1.1" 200 -
2026-09-17 10:42:58,637 INFO "GET /v1/status HTTP/1.1" 200 -
2026-09-17 10:42:58,701 INFO "GET /v1/status HTTP/1.1" 200 -
2026-09-17 10:42:58,763 INFO "GET /v1/status HTTP/1.1" 200 -
2026-09-17 10:42:58,824 INFO "GET /v1/status HTTP/1.1" 200 -
2026-09-17 10:42:58,888 INFO "GET /v1/status HTTP/1.1" 200 -
2026-09-17 10:42:58,945 INFO "GET /v1/status HTTP/1.1" 200 -
2026-09-17 10:42:59,007 INFO "GET /v1/status HTTP/1.1" 200 -
2026-09-17 10:42:59,150 INFO "GET /v1/status HTTP/1.1" 200 -
2026-09-17 10:42:59,182 INFO "GET /v1/status HTTP/1.1" 200 -
2026-09-17 10:42:59,795 INFO "POST /v1/chat/completions HTTP/1.1" 200 -
2026-09-17 10:43:00,352 INFO "POST /v1/chat/completions HTTP/1.1" 200 -
2026-09-17 10:43:00,911 INFO "POST /v1/chat/completions HTTP/1.1" 200 -
2026-09-17 10:43:01,470 INFO "POST /v1/chat/completions HTTP/1.1" 200 -
2026-09-17 10:43:02,032 INFO "POST /v1/chat/completions HTTP/1.1" 200 -
2026-09-17 10:43:02,624 INFO "POST /v1/chat/completions HTTP/1.1" 200 -
2026-09-17 10:43:03,181 INFO "POST /v1/chat/completions HTTP/1.1" 200 -
2026-09-17 10:43:03,737 INFO "POST /v1/chat/completions HTTP/1.1" 200 -
2026-09-17 10:43:04,323 INFO "POST /v1/chat/completions HTTP/1.1" 200 -
2026-09-17 10:43:04,879 INFO "POST /v1/chat/completions HTTP/1.1" 200 -
2026-09-17 10:43:05,440 INFO "POST /v1/chat/completions HTTP/1.1" 200 -
2026-09-17 10:43:05,995 INFO "POST /v1/chat/completions HTTP/1.1" 200 -
2026-09-17 10:43:06,554 INFO "POST /v1/chat/completions HTTP/1.1" 200 -
2026-09-17 10:43:07,108 INFO "POST /v1/chat/completions HTTP/1.1" 200 -
2026-09-17 10:43:07,666 INFO "POST /v1/chat/completions HTTP/1.1" 200 -
2026-09-17 10:43:08,221 INFO "POST /v1/chat/completions HTTP/1.1" 200 -
2026-09-17 10:43:08,783 INFO "POST /v1/chat/completions HTTP/1.1" 200 -
2026-09-17 10:43:09,341 INFO "POST /v1/chat/completions HTTP/1.1" 200 -
2026-09-17 10:43:09,899 INFO "POST /v1/chat/completions HTTP/1.1" 200 -
2026-09-17 10:43:10,456 INFO "POST /v1/chat/completions HTTP/1.1" 200 -
2026-09-17 10:43:13,072 INFO "POST /v1/chat/completions HTTP/1.1" 200 -
2026-09-17 10:43:13,075 INFO "POST /v1/chat/completions HTTP/1.1" 200 -
2026-09-17 10:43:13,134 INFO "POST /v1/chat/completions HTTP/1.1" 200 -
2026-09-17 10:43:13,134 INFO "POST /v1/chat/completions HTTP/1.1" 200 -
2026-09-17 10:43:13,186 INFO "POST /v1/chat/completions HTTP/1.1" 200 -
2026-09-17 10:43:13,186 INFO "POST /v1/chat/completions HTTP/1.1" 200 -
2026-09-17 10:43:13,234 INFO "POST /v1/chat/completions HTTP/1.1" 200 -
2026-09-17 10:43:13,234 INFO "POST /v1/chat/completions HTTP/1.1" 200 -
2026-09-17 10:43:13,278 INFO "POST /v1/chat/completions HTTP/1.1" 200 -
2026-09-17 10:43:13,278 INFO "POST /v1/chat/completions HTTP/1.1" 200 -
2026-09-17 10:43:13,317 INFO "POST /v1/chat/completions HTTP/1.1" 200 -
2026-09-17 10:43:13,317 INFO "POST /v1/chat/completions HTTP/1.1" 200 -
2026-09-17 10:43:13,351 INFO "POST /v1/chat/completions HTTP/1.1" 200 -
2026-09-17 10:43:13,351 INFO "POST /v1/chat/completions HTTP/1.1" 200 -
2026-09-17 10:43:13,382 INFO "POST /v1/chat/completions HTTP/1.1" 200 -
2026-09-17 10:43:13,382 INFO "POST /v1/chat/completions HTTP/1.1" 200 -
2026-09-17 10:43:13,408 INFO "POST /v1/chat/completions HTTP/1.1" 200 -
2026-09-17 10:43:13,409 INFO "POST /v1/chat/completions HTTP/1.1" 200 -
2026-09-17 10:43:13,427 INFO "POST /v1/chat/completions HTTP/1.1" 200 -
2026-09-17 10:43:13,427 INFO "POST /v1/chat/completions HTTP/1.1" 200 -
2026-09-17 10:43:13,428 INFO "GET /v1/status HTTP/1.1" 200 -
2026-09-17 10:43:13,489 INFO "GET /v1/status HTTP/1.1" 200 -
2026-09-17 10:43:13,543 INFO "GET /v1/status HTTP/1.1" 200 -
2026-09-17 10:43:13,604 INFO "GET /v1/status HTTP/1.1" 200 -
2026-09-17 10:43:13,661 INFO "GET /v1/status HTTP/1.1" 200 -
2026-09-17 10:43:13,724 INFO "GET /v1/status HTTP/1.1" 200 -
2026-09-17 10:43:13,782 INFO "GET /v1/status HTTP/1.1" 200 -
2026-09-17 10:43:13,840 INFO "GET /v1/status HTTP/1.1" 200 -
2026-09-17 10:43:13,901 INFO "GET /v1/status HTTP/1.1" 200 -
2026-09-17 10:43:13,965 INFO "GET /v1/status HTTP/1.1" 200 -
2026-09-17 10:43:14,021 INFO "GET /v1/status HTTP/1.1" 200 -
2026-09-17 10:43:14,083 INFO "GET /v1/status HTTP/1.1" 200 -
2026-09-17 10:43:14,140 INFO "GET /v1/status HTTP/1.1" 200 -
2026-09-17 10:43:14,283 INFO "GET /v1/status HTTP/1.1" 200 -
2026-09-17 10:43:14,315 INFO "GET /v1/status HTTP/1.1" 200 -
2026-09-17 10:43:14,901 INFO "POST /v1/chat/completions HTTP/1.1" 200 -
2026-09-17 10:43:15,462 INFO "POST /v1/chat/completions HTTP/1.1" 200 -
2026-09-17 10:43:16,038 INFO "POST /v1/chat/completions HTTP/1.1" 200 -
2026-09-17 10:43:16,627 INFO "POST /v1/chat/completions HTTP/1.1" 200 -
2026-09-17 10:43:17,184 INFO "POST /v1/chat/completions HTTP/1.1" 200 -
2026-09-17 10:43:17,741 INFO "POST /v1/chat/completions HTTP/1.1" 200 -
2026-09-17 10:43:18,297 INFO "POST /v1/chat/completions HTTP/1.1" 200 -
2026-09-17 10:43:18,856 INFO "POST /v1/chat/completions HTTP/1.1" 200 -
2026-09-17 10:43:19,409 INFO "POST /v1/chat/completions HTTP/1.1" 200 -
2026-09-17 10:43:19,962 INFO "POST /v1/chat/completions HTTP/1.1" 200 -
2026-09-17 10:43:20,515 INFO "POST /v1/chat/completions HTTP/1.1" 200 -
2026-09-17 10:43:21,077 INFO "POST /v1/chat/completions HTTP/1.1" 200 -
2026-09-17 10:43:21,632 INFO "POST /v1/chat/completions HTTP/1.1" 200 -
2026-09-17 10:43:22,193 INFO "POST /v1/chat/completions HTTP/1.1" 200 -
2026-09-17 10:43:22,744 INFO "POST /v1/chat/completions HTTP/1.1" 200 -
2026-09-17 10:43:23,303 INFO "POST /v1/chat/completions HTTP/1.1" 200 -
2026-09-17 10:43:23,857 INFO "POST /v1/chat/completions HTTP/1.1" 200 -
2026-09-17 10:43:24,412 INFO "POST /v1/chat/completions HTTP/1.1" 200 -
2026-09-17 10:43:24,966 INFO "POST /v1/chat/completions HTTP/1.1" 200 -
2026-09-17 10:43:25,533 INFO "POST /v1/chat/completions HTTP/1.1" 200 -
2026-09-17 10:43:28,172 INFO "POST /v1/chat/completions HTTP/1.1" 200 -
2026-09-17 10:43:28,172 INFO "POST /v1/chat/completions HTTP/1.1" 200 -
2026-09-17 10:43:28,227 INFO "POST /v1/chat/completions HTTP/1.1" 200 -
2026-09-17 10:43:28,227 INFO "POST /v1/chat/completions HTTP/1.1" 200 -
2026-09-17 10:43:28,281 INFO "POST /v1/chat/completions HTTP/1.1" 200 -
2026-09-17 10:43:28,281 INFO "POST /v1/chat/completions HTTP/1.1" 200 -
2026-09-17 10:43:28,325 INFO "POST /v1/chat/completions HTTP/1.1" 200 -
2026-09-17 10:43:28,328 INFO "POST /v1/chat/completions HTTP/1.1" 200 -
2026-09-17 10:43:28,371 INFO "POST /v1/chat/completions HTTP/1.1" 200 -
2026-09-17 10:43:28,371 INFO "POST /v1/chat/completions HTTP/1.1" 200 -
2026-09-17 10:43:28,409 INFO "POST /v1/chat/completions HTTP/1.1" 200 -
2026-09-17 10:43:28,409 INFO "POST /v1/chat/completions HTTP/1.1" 200 -
2026-09-17 10:43:28,444 INFO "POST /v1/chat/completions HTTP/1.1" 200 -
2026-09-17 10:43:28,444 INFO "POST /v1/chat/completions HTTP/1.1" 200 -
2026-09-17 10:43:28,474 INFO "POST /v1/chat/completions HTTP/1.1" 200 -
2026-09-17 10:43:28,474 INFO "POST /v1/chat/completions HTTP/1.1" 200 -
2026-09-17 10:43:28,501 INFO "POST /v1/chat/completions HTTP/1.1" 200 -
2026-09-17 10:43:28,501 INFO "POST /v1/chat/completions HTTP/1.1" 200 -
2026-09-17 10:43:28,519 INFO "POST /v1/chat/completions HTTP/1.1" 200 -
2026-09-17 10:43:28,519 INFO "POST /v1/chat/completions HTTP/1.1" 200 -
2026-09-17 10:43:28,521 INFO "GET /v1/status HTTP/1.1" 200 -
2026-09-17 10:43:28,577 INFO "GET /v1/status HTTP/1.1" 200 -
2026-09-17 10:43:28,639 INFO "GET /v1/status HTTP/1.1" 200 -
2026-09-17 10:43:28,702 INFO "GET /v1/status HTTP/1.1" 200 -
2026-09-17 10:43:28,761 INFO "GET /v1/status HTTP/1.1" 200 -
2026-09-17 10:43:28,821 INFO "GET /v1/status HTTP/1.1" 200 -
2026-09-17 10:43:28,882 INFO "GET /v1/status HTTP/1.1" 200 -
2026-09-17 10:43:28,938 INFO "GET /v1/status HTTP/1.1" 200 -
2026-09-17 10:43:28,999 INFO "GET /v1/status HTTP/1.1" 200 -
2026-09-17 10:43:29,064 INFO "GET /v1/status HTTP/1.1" 200 -
2026-09-17 10:43:29,129 INFO "GET /v1/status HTTP/1.1" 200 -
2026-09-17 10:43:29,190 INFO "GET /v1/status HTTP/1.1" 200 -
2026-09-17 10:43:29,254 INFO "GET /v1/status HTTP/1.1" 200 -
2026-09-17 10:43:29,313 INFO "GET /v1/status HTTP/1.1" 200 -
2026-09-17 10:43:29,468 INFO "GET /v1/status HTTP/1.1" 200 -
2026-09-17 10:43:29,499 INFO "GET /v1/status HTTP/1.1" 200 -
2026-09-17 10:43:30,075 INFO "POST /v1/chat/completions HTTP/1.1" 200 -
2026-09-17 10:43:30,635 INFO "POST /v1/chat/completions HTTP/1.1" 200 -
2026-09-17 10:43:31,201 INFO "POST /v1/chat/completions HTTP/1.1" 200 -
2026-09-17 10:43:31,764 INFO "POST /v1/chat/completions HTTP/1.1" 200 -
2026-09-17 10:43:32,342 INFO "POST /v1/chat/completions HTTP/1.1" 200 -
2026-09-17 10:43:32,902 INFO "POST /v1/chat/completions HTTP/1.1" 200 -
2026-09-17 10:43:33,482 INFO "POST /v1/chat/completions HTTP/1.1" 200 -
2026-09-17 10:43:34,037 INFO "POST /v1/chat/completions HTTP/1.1" 200 -
2026-09-17 10:43:34,592 INFO "POST /v1/chat/completions HTTP/1.1" 200 -
2026-09-17 10:43:35,150 INFO "POST /v1/chat/completions HTTP/1.1" 200 -
2026-09-17 10:43:35,708 INFO "POST /v1/chat/completions HTTP/1.1" 200 -
2026-09-17 10:43:36,267 INFO "POST /v1/chat/completions HTTP/1.1" 200 -
2026-09-17 10:43:36,820 INFO "POST /v1/chat/completions HTTP/1.1" 200 -
2026-09-17 10:43:37,377 INFO "POST /v1/chat/completions HTTP/1.1" 200 -
2026-09-17 10:43:37,934 INFO "POST /v1/chat/completions HTTP/1.1" 200 -
2026-09-17 10:43:38,491 INFO "POST /v1/chat/completions HTTP/1.1" 200 -
2026-09-17 10:43:39,046 INFO "POST /v1/chat/completions HTTP/1.1" 200 -
2026-09-17 10:43:39,608 INFO "POST /v1/chat/completions HTTP/1.1" 200 -
2026-09-17 10:43:40,164 INFO "POST /v1/chat/completions HTTP/1.1" 200 -
2026-09-17 10:43:40,724 INFO "POST /v1/chat/completions HTTP/1.1" 200 -
2026-09-17 10:43:43,333 INFO "POST /v1/chat/completions HTTP/1.1" 200 -
2026-09-17 10:43:43,333 INFO "POST /v1/chat/completions HTTP/1.1" 200 -
2026-09-17 10:43:43,385 INFO "POST /v1/chat/completions HTTP/1.1" 200 -
2026-09-17 10:43:43,385 INFO "POST /v1/chat/completions HTTP/1.1" 200 -
2026-09-17 10:43:43,435 INFO "POST /v1/chat/completions HTTP/1.1" 200 -
2026-09-17 10:43:43,435 INFO "POST /v1/chat/completions HTTP/1.1" 200 -
2026-09-17 10:43:43,481 INFO "POST /v1/chat/completions HTTP/1.1" 200 -
2026-09-17 10:43:43,481 INFO "POST /v1/chat/completions HTTP/1.1" 200 -
2026-09-17 10:43:43,524 INFO "POST /v1/chat/completions HTTP/1.1" 200 -
2026-09-17 10:43:43,524 INFO "POST /v1/chat/completions HTTP/1.1" 200 -
2026-09-17 10:43:43,557 INFO "POST /v1/chat/completions HTTP/1.1" 200 -
2026-09-17 10:43:43,560 INFO "POST /v1/chat/completions HTTP/1.1" 200 -
2026-09-17 10:43:43,593 INFO "POST /v1/chat/completions HTTP/1.1" 200 -
2026-09-17 10:43:43,593 INFO "POST /v1/chat/completions HTTP/1.1" 200 -
2026-09-17 10:43:43,623 INFO "POST /v1/chat/completions HTTP/1.1" 200 -
2026-09-17 10:43:43,623 INFO "POST /v1/chat/completions HTTP/1.1" 200 -
2026-09-17 10:43:43,649 INFO "POST /v1/chat/completions HTTP/1.1" 200 -
2026-09-17 10:43:43,649 INFO "POST /v1/chat/completions HTTP/1.1" 200 -
2026-09-17 10:43:43,668 INFO "POST /v1/chat/completions HTTP/1.1" 200 -
2026-09-17 10:43:43,668 INFO "POST /v1/chat/completions HTTP/1.1" 200 -
2026-09-17 10:43:43,669 INFO "GET /v1/status HTTP/1.1" 200 -
2026-09-17 10:43:43,731 INFO "GET /v1/status HTTP/1.1" 200 -
2026-09-17 10:43:43,793 INFO "GET /v1/status HTTP/1.1" 200 -
2026-09-17 10:43:43,854 INFO "GET /v1/status HTTP/1.1" 200 -
2026-09-17 10:43:43,913 INFO "GET /v1/status HTTP/1.1" 200 -
2026-09-17 10:43:43,974 INFO "GET /v1/status HTTP/1.1" 200 -
2026-09-17 10:43:44,039 INFO "GET /v1/status HTTP/1.1" 200 -
2026-09-17 10:43:44,094 INFO "GET /v1/status HTTP/1.1" 200 -
2026-09-17 10:43:44,155 INFO "GET /v1/status HTTP/1.1" 200 -
2026-09-17 10:43:44,219 INFO "GET /v1/status HTTP/1.1" 200 -
2026-09-17 10:43:44,283 INFO "GET /v1/status HTTP/1.1" 200 -
2026-09-17 10:43:44,345 INFO "GET /v1/status HTTP/1.1" 200 -
2026-09-17 10:43:44,405 INFO "GET /v1/status HTTP/1.1" 200 -
2026-09-17 10:43:44,470 INFO "GET /v1/status HTTP/1.1" 200 -
[transformers] PyTorch was not found. Models won't be available and only tokenizers, configuration and file/data utilities can be used.
2026-09-17 11:52:00,716 INFO "GET /v1/status HTTP/1.1" 200 -
2026-09-17 11:52:01,719 INFO "GET /v1/status HTTP/1.1" 200 -
2026-09-17 11:52:02,265 INFO ubc_evict: evicted 5070.2 MB from UBC for ~/mlx-models/Qwen3.6-35B-A3B-Abliterated-Heretic-MLX-4bit/model-00001-of-00005.safetensors
2026-09-17 11:52:02,305 INFO ubc_evict: evicted 5098.4 MB from UBC for ~/mlx-models/Qwen3.6-35B-A3B-Abliterated-Heretic-MLX-4bit/model-00002-of-00005.safetensors
2026-09-17 11:52:02,346 INFO ubc_evict: evicted 5097.1 MB from UBC for ~/mlx-models/Qwen3.6-35B-A3B-Abliterated-Heretic-MLX-4bit/model-00003-of-00005.safetensors
2026-09-17 11:52:02,386 INFO ubc_evict: evicted 5036.3 MB from UBC for ~/mlx-models/Qwen3.6-35B-A3B-Abliterated-Heretic-MLX-4bit/model-00004-of-00005.safetensors
2026-09-17 11:52:02,406 INFO ubc_evict: evicted 2311.0 MB from UBC for ~/mlx-models/Qwen3.6-35B-A3B-Abliterated-Heretic-MLX-4bit/model-00005-of-00005.safetensors
2026-09-17 11:52:02,406 INFO ubc_evict: evicted 851.8 MB from UBC for ~/mlx-models/Qwen3.6-35B-A3B-Abliterated-Heretic-MLX-4bit/model-vision-00001-of-00001.safetensors
2026-09-17 11:52:02,406 INFO ubc_evict: pass complete total_mb=23464.8 elapsed_s=0.18
2026-09-17 11:52:02,945 INFO "GET /v1/status HTTP/1.1" 200 -
2026-09-17 11:52:03,951 INFO "GET /v1/status HTTP/1.1" 200 -
2026-09-17 11:52:04,011 INFO "GET /v1/status HTTP/1.1" 200 -
2026-09-17 11:52:04,755 INFO "POST /v1/chat/completions HTTP/1.1" 200 -
2026-09-17 11:52:05,401 INFO "POST /v1/chat/completions HTTP/1.1" 200 -
2026-09-17 11:52:05,994 INFO "POST /v1/chat/completions HTTP/1.1" 200 -
2026-09-17 11:52:06,586 INFO "POST /v1/chat/completions HTTP/1.1" 200 -
2026-09-17 11:52:07,176 INFO "POST /v1/chat/completions HTTP/1.1" 200 -
2026-09-17 11:52:07,766 INFO "POST /v1/chat/completions HTTP/1.1" 200 -
2026-09-17 11:52:08,360 INFO "POST /v1/chat/completions HTTP/1.1" 200 -
2026-09-17 11:52:08,955 INFO "POST /v1/chat/completions HTTP/1.1" 200 -
2026-09-17 11:52:09,556 INFO "POST /v1/chat/completions HTTP/1.1" 200 -
2026-09-17 11:52:10,152 INFO "POST /v1/chat/completions HTTP/1.1" 200 -
2026-09-17 11:52:10,762 INFO "POST /v1/chat/completions HTTP/1.1" 200 -
2026-09-17 11:52:11,354 INFO "POST /v1/chat/completions HTTP/1.1" 200 -
2026-09-17 11:52:11,950 INFO "POST /v1/chat/completions HTTP/1.1" 200 -
2026-09-17 11:52:12,553 INFO "POST /v1/chat/completions HTTP/1.1" 200 -
2026-09-17 11:52:13,152 INFO "POST /v1/chat/completions HTTP/1.1" 200 -
2026-09-17 11:52:13,756 INFO "POST /v1/chat/completions HTTP/1.1" 200 -
2026-09-17 11:52:14,353 INFO "POST /v1/chat/completions HTTP/1.1" 200 -
2026-09-17 11:52:14,955 INFO "POST /v1/chat/completions HTTP/1.1" 200 -
2026-09-17 11:52:15,578 INFO "POST /v1/chat/completions HTTP/1.1" 200 -
2026-09-17 11:52:16,184 INFO "POST /v1/chat/completions HTTP/1.1" 200 -
2026-09-17 11:52:18,790 INFO "POST /v1/chat/completions HTTP/1.1" 200 -
2026-09-17 11:52:18,790 INFO "POST /v1/chat/completions HTTP/1.1" 200 -
2026-09-17 11:52:18,842 INFO "POST /v1/chat/completions HTTP/1.1" 200 -
2026-09-17 11:52:18,842 INFO "POST /v1/chat/completions HTTP/1.1" 200 -
2026-09-17 11:52:18,885 INFO "POST /v1/chat/completions HTTP/1.1" 200 -
2026-09-17 11:52:18,889 INFO "POST /v1/chat/completions HTTP/1.1" 200 -
2026-09-17 11:52:18,930 INFO "POST /v1/chat/completions HTTP/1.1" 200 -
2026-09-17 11:52:18,933 INFO "POST /v1/chat/completions HTTP/1.1" 200 -
2026-09-17 11:52:18,974 INFO "POST /v1/chat/completions HTTP/1.1" 200 -
2026-09-17 11:52:18,974 INFO "POST /v1/chat/completions HTTP/1.1" 200 -
2026-09-17 11:52:19,010 INFO "POST /v1/chat/completions HTTP/1.1" 200 -
2026-09-17 11:52:19,011 INFO "POST /v1/chat/completions HTTP/1.1" 200 -
2026-09-17 11:52:19,043 INFO "POST /v1/chat/completions HTTP/1.1" 200 -
2026-09-17 11:52:19,043 INFO "POST /v1/chat/completions HTTP/1.1" 200 -
2026-09-17 11:52:19,074 INFO "POST /v1/chat/completions HTTP/1.1" 200 -
2026-09-17 11:52:19,074 INFO "POST /v1/chat/completions HTTP/1.1" 200 -
2026-09-17 11:52:19,100 INFO "POST /v1/chat/completions HTTP/1.1" 200 -
2026-09-17 11:52:19,100 INFO "POST /v1/chat/completions HTTP/1.1" 200 -
2026-09-17 11:52:19,118 INFO "POST /v1/chat/completions HTTP/1.1" 200 -
2026-09-17 11:52:19,119 INFO "POST /v1/chat/completions HTTP/1.1" 200 -
2026-09-17 11:52:19,120 INFO "GET /v1/status HTTP/1.1" 200 -
2026-09-17 11:52:19,176 INFO "GET /v1/status HTTP/1.1" 200 -
2026-09-17 11:52:19,233 INFO "GET /v1/status HTTP/1.1" 200 -
2026-09-17 11:52:19,287 INFO "GET /v1/status HTTP/1.1" 200 -
2026-09-17 11:52:19,341 INFO "GET /v1/status HTTP/1.1" 200 -
2026-09-17 11:52:19,395 INFO "GET /v1/status HTTP/1.1" 200 -
2026-09-17 11:52:19,451 INFO "GET /v1/status HTTP/1.1" 200 -
2026-09-17 11:52:19,484 INFO "GET /v1/status HTTP/1.1" 200 -
2026-09-17 11:52:20,071 INFO "POST /v1/chat/completions HTTP/1.1" 200 -
2026-09-17 11:52:20,642 INFO "POST /v1/chat/completions HTTP/1.1" 200 -
2026-09-17 11:52:21,234 INFO "POST /v1/chat/completions HTTP/1.1" 200 -
2026-09-17 11:52:21,824 INFO "POST /v1/chat/completions HTTP/1.1" 200 -
2026-09-17 11:52:22,434 INFO "POST /v1/chat/completions HTTP/1.1" 200 -
2026-09-17 11:52:23,004 INFO "POST /v1/chat/completions HTTP/1.1" 200 -
2026-09-17 11:52:23,579 INFO "POST /v1/chat/completions HTTP/1.1" 200 -
2026-09-17 11:52:24,159 INFO "POST /v1/chat/completions HTTP/1.1" 200 -
2026-09-17 11:52:24,721 INFO "POST /v1/chat/completions HTTP/1.1" 200 -
2026-09-17 11:52:25,312 INFO "POST /v1/chat/completions HTTP/1.1" 200 -
2026-09-17 11:52:25,884 INFO "POST /v1/chat/completions HTTP/1.1" 200 -
2026-09-17 11:52:26,445 INFO "POST /v1/chat/completions HTTP/1.1" 200 -
2026-09-17 11:52:27,016 INFO "POST /v1/chat/completions HTTP/1.1" 200 -
2026-09-17 11:52:27,589 INFO "POST /v1/chat/completions HTTP/1.1" 200 -
2026-09-17 11:52:28,149 INFO "POST /v1/chat/completions HTTP/1.1" 200 -
2026-09-17 11:52:28,716 INFO "POST /v1/chat/completions HTTP/1.1" 200 -
2026-09-17 11:52:29,285 INFO "POST /v1/chat/completions HTTP/1.1" 200 -
2026-09-17 11:52:29,845 INFO "POST /v1/chat/completions HTTP/1.1" 200 -
2026-09-17 11:52:30,411 INFO "POST /v1/chat/completions HTTP/1.1" 200 -
2026-09-17 11:52:30,966 INFO "POST /v1/chat/completions HTTP/1.1" 200 -
2026-09-17 11:52:33,555 INFO "POST /v1/chat/completions HTTP/1.1" 200 -
2026-09-17 11:52:33,555 INFO "POST /v1/chat/completions HTTP/1.1" 200 -
2026-09-17 11:52:33,605 INFO "POST /v1/chat/completions HTTP/1.1" 200 -
2026-09-17 11:52:33,610 INFO "POST /v1/chat/completions HTTP/1.1" 200 -
2026-09-17 11:52:33,657 INFO "POST /v1/chat/completions HTTP/1.1" 200 -
2026-09-17 11:52:33,657 INFO "POST /v1/chat/completions HTTP/1.1" 200 -
2026-09-17 11:52:33,701 INFO "POST /v1/chat/completions HTTP/1.1" 200 -
2026-09-17 11:52:33,701 INFO "POST /v1/chat/completions HTTP/1.1" 200 -
2026-09-17 11:52:33,742 INFO "POST /v1/chat/completions HTTP/1.1" 200 -
2026-09-17 11:52:33,742 INFO "POST /v1/chat/completions HTTP/1.1" 200 -
2026-09-17 11:52:33,779 INFO "POST /v1/chat/completions HTTP/1.1" 200 -
2026-09-17 11:52:33,779 INFO "POST /v1/chat/completions HTTP/1.1" 200 -
2026-09-17 11:52:33,809 INFO "POST /v1/chat/completions HTTP/1.1" 200 -
2026-09-17 11:52:33,812 INFO "POST /v1/chat/completions HTTP/1.1" 200 -
2026-09-17 11:52:33,842 INFO "POST /v1/chat/completions HTTP/1.1" 200 -
2026-09-17 11:52:33,842 INFO "POST /v1/chat/completions HTTP/1.1" 200 -
2026-09-17 11:52:33,865 INFO "POST /v1/chat/completions HTTP/1.1" 200 -
2026-09-17 11:52:33,869 INFO "POST /v1/chat/completions HTTP/1.1" 200 -
2026-09-17 11:52:33,887 INFO "POST /v1/chat/completions HTTP/1.1" 200 -
2026-09-17 11:52:33,887 INFO "POST /v1/chat/completions HTTP/1.1" 200 -
2026-09-17 11:52:33,889 INFO "GET /v1/status HTTP/1.1" 200 -
2026-09-17 11:52:33,945 INFO "GET /v1/status HTTP/1.1" 200 -
2026-09-17 11:52:33,998 INFO "GET /v1/status HTTP/1.1" 200 -
2026-09-17 11:52:34,055 INFO "GET /v1/status HTTP/1.1" 200 -
2026-09-17 11:52:34,109 INFO "GET /v1/status HTTP/1.1" 200 -
2026-09-17 11:52:34,162 INFO "GET /v1/status HTTP/1.1" 200 -
2026-09-17 11:52:34,219 INFO "GET /v1/status HTTP/1.1" 200 -
2026-09-17 11:52:34,277 INFO "GET /v1/status HTTP/1.1" 200 -
2026-09-17 11:52:34,335 INFO "GET /v1/status HTTP/1.1" 200 -
2026-09-17 11:52:34,391 INFO "GET /v1/status HTTP/1.1" 200 -
2026-09-17 11:52:34,445 INFO "GET /v1/status HTTP/1.1" 200 -
2026-09-17 11:52:34,502 INFO "GET /v1/status HTTP/1.1" 200 -
2026-09-17 11:52:34,561 INFO "GET /v1/status HTTP/1.1" 200 -
2026-09-17 11:52:34,621 INFO "GET /v1/status HTTP/1.1" 200 -
2026-09-17 11:52:34,682 INFO "GET /v1/status HTTP/1.1" 200 -
2026-09-17 11:52:34,717 INFO "GET /v1/status HTTP/1.1" 200 -
2026-09-17 11:52:35,296 INFO "POST /v1/chat/completions HTTP/1.1" 200 -
2026-09-17 11:52:35,862 INFO "POST /v1/chat/completions HTTP/1.1" 200 -
2026-09-17 11:52:36,445 INFO "POST /v1/chat/completions HTTP/1.1" 200 -
2026-09-17 11:52:37,034 INFO "POST /v1/chat/completions HTTP/1.1" 200 -
2026-09-17 11:52:37,602 INFO "POST /v1/chat/completions HTTP/1.1" 200 -
2026-09-17 11:52:38,225 INFO "POST /v1/chat/completions HTTP/1.1" 200 -
2026-09-17 11:52:38,788 INFO "POST /v1/chat/completions HTTP/1.1" 200 -
2026-09-17 11:52:39,359 INFO "POST /v1/chat/completions HTTP/1.1" 200 -
2026-09-17 11:52:39,921 INFO "POST /v1/chat/completions HTTP/1.1" 200 -
2026-09-17 11:52:40,496 INFO "POST /v1/chat/completions HTTP/1.1" 200 -
2026-09-17 11:52:41,067 INFO "POST /v1/chat/completions HTTP/1.1" 200 -
2026-09-17 11:52:41,631 INFO "POST /v1/chat/completions HTTP/1.1" 200 -
2026-09-17 11:52:42,194 INFO "POST /v1/chat/completions HTTP/1.1" 200 -
2026-09-17 11:52:42,793 INFO "POST /v1/chat/completions HTTP/1.1" 200 -
2026-09-17 11:52:43,355 INFO "POST /v1/chat/completions HTTP/1.1" 200 -
2026-09-17 11:52:43,916 INFO "POST /v1/chat/completions HTTP/1.1" 200 -
2026-09-17 11:52:44,477 INFO "POST /v1/chat/completions HTTP/1.1" 200 -
2026-09-17 11:52:45,050 INFO "POST /v1/chat/completions HTTP/1.1" 200 -
2026-09-17 11:52:45,611 INFO "POST /v1/chat/completions HTTP/1.1" 200 -
2026-09-17 11:52:46,179 INFO "POST /v1/chat/completions HTTP/1.1" 200 -
2026-09-17 11:52:48,896 INFO "POST /v1/chat/completions HTTP/1.1" 200 -
2026-09-17 11:52:48,896 INFO "POST /v1/chat/completions HTTP/1.1" 200 -
2026-09-17 11:52:48,948 INFO "POST /v1/chat/completions HTTP/1.1" 200 -
2026-09-17 11:52:48,948 INFO "POST /v1/chat/completions HTTP/1.1" 200 -
2026-09-17 11:52:48,997 INFO "POST /v1/chat/completions HTTP/1.1" 200 -
2026-09-17 11:52:48,997 INFO "POST /v1/chat/completions HTTP/1.1" 200 -
2026-09-17 11:52:49,041 INFO "POST /v1/chat/completions HTTP/1.1" 200 -
2026-09-17 11:52:49,041 INFO "POST /v1/chat/completions HTTP/1.1" 200 -
2026-09-17 11:52:49,082 INFO "POST /v1/chat/completions HTTP/1.1" 200 -
2026-09-17 11:52:49,083 INFO "POST /v1/chat/completions HTTP/1.1" 200 -
2026-09-17 11:52:49,119 INFO "POST /v1/chat/completions HTTP/1.1" 200 -
2026-09-17 11:52:49,119 INFO "POST /v1/chat/completions HTTP/1.1" 200 -
2026-09-17 11:52:49,152 INFO "POST /v1/chat/completions HTTP/1.1" 200 -
2026-09-17 11:52:49,152 INFO "POST /v1/chat/completions HTTP/1.1" 200 -
2026-09-17 11:52:49,182 INFO "POST /v1/chat/completions HTTP/1.1" 200 -
2026-09-17 11:52:49,182 INFO "POST /v1/chat/completions HTTP/1.1" 200 -
2026-09-17 11:52:49,208 INFO "POST /v1/chat/completions HTTP/1.1" 200 -
2026-09-17 11:52:49,209 INFO "POST /v1/chat/completions HTTP/1.1" 200 -
2026-09-17 11:52:49,227 INFO "POST /v1/chat/completions HTTP/1.1" 200 -
2026-09-17 11:52:49,227 INFO "POST /v1/chat/completions HTTP/1.1" 200 -
2026-09-17 11:52:49,229 INFO "GET /v1/status HTTP/1.1" 200 -
2026-09-17 11:52:49,285 INFO "GET /v1/status HTTP/1.1" 200 -
2026-09-17 11:52:49,343 INFO "GET /v1/status HTTP/1.1" 200 -
2026-09-17 11:52:49,395 INFO "GET /v1/status HTTP/1.1" 200 -
2026-09-17 11:52:49,449 INFO "GET /v1/status HTTP/1.1" 200 -
2026-09-17 11:52:49,505 INFO "GET /v1/status HTTP/1.1" 200 -
2026-09-17 11:52:49,563 INFO "GET /v1/status HTTP/1.1" 200 -
2026-09-17 11:52:49,622 INFO "GET /v1/status HTTP/1.1" 200 -
2026-09-17 11:52:49,682 INFO "GET /v1/status HTTP/1.1" 200 -
2026-09-17 11:52:49,739 INFO "GET /v1/status HTTP/1.1" 200 -
2026-09-17 11:52:49,808 INFO "GET /v1/status HTTP/1.1" 200 -
2026-09-17 11:52:49,841 INFO "GET /v1/status HTTP/1.1" 200 -
2026-09-17 11:52:50,506 INFO "POST /v1/chat/completions HTTP/1.1" 200 -
2026-09-17 11:52:51,069 INFO "POST /v1/chat/completions HTTP/1.1" 200 -
2026-09-17 11:52:51,629 INFO "POST /v1/chat/completions HTTP/1.1" 200 -
2026-09-17 11:52:52,190 INFO "POST /v1/chat/completions HTTP/1.1" 200 -
2026-09-17 11:52:52,762 INFO "POST /v1/chat/completions HTTP/1.1" 200 -
2026-09-17 11:52:53,326 INFO "POST /v1/chat/completions HTTP/1.1" 200 -
2026-09-17 11:52:53,903 INFO "POST /v1/chat/completions HTTP/1.1" 200 -
2026-09-17 11:52:54,481 INFO "POST /v1/chat/completions HTTP/1.1" 200 -
2026-09-17 11:52:55,069 INFO "POST /v1/chat/completions HTTP/1.1" 200 -
2026-09-17 11:52:55,650 INFO "POST /v1/chat/completions HTTP/1.1" 200 -
2026-09-17 11:52:56,234 INFO "POST /v1/chat/completions HTTP/1.1" 200 -
2026-09-17 11:52:56,818 INFO "POST /v1/chat/completions HTTP/1.1" 200 -
2026-09-17 11:52:57,408 INFO "POST /v1/chat/completions HTTP/1.1" 200 -
2026-09-17 11:52:57,989 INFO "POST /v1/chat/completions HTTP/1.1" 200 -
2026-09-17 11:52:58,571 INFO "POST /v1/chat/completions HTTP/1.1" 200 -
2026-09-17 11:52:59,197 INFO "POST /v1/chat/completions HTTP/1.1" 200 -
2026-09-17 11:52:59,808 INFO "POST /v1/chat/completions HTTP/1.1" 200 -
2026-09-17 11:53:00,397 INFO "POST /v1/chat/completions HTTP/1.1" 200 -
2026-09-17 11:53:00,977 INFO "POST /v1/chat/completions HTTP/1.1" 200 -
2026-09-17 11:53:01,558 INFO "POST /v1/chat/completions HTTP/1.1" 200 -
2026-09-17 11:53:04,742 INFO "POST /v1/chat/completions HTTP/1.1" 200 -
2026-09-17 11:53:04,747 INFO "POST /v1/chat/completions HTTP/1.1" 200 -
2026-09-17 11:53:04,805 INFO "POST /v1/chat/completions HTTP/1.1" 200 -
2026-09-17 11:53:04,806 INFO "POST /v1/chat/completions HTTP/1.1" 200 -
2026-09-17 11:53:04,858 INFO "POST /v1/chat/completions HTTP/1.1" 200 -
2026-09-17 11:53:04,858 INFO "POST /v1/chat/completions HTTP/1.1" 200 -
2026-09-17 11:53:04,912 INFO "POST /v1/chat/completions HTTP/1.1" 200 -
2026-09-17 11:53:04,913 INFO "POST /v1/chat/completions HTTP/1.1" 200 -
2026-09-17 11:53:04,956 INFO "POST /v1/chat/completions HTTP/1.1" 200 -
2026-09-17 11:53:04,960 INFO "POST /v1/chat/completions HTTP/1.1" 200 -
2026-09-17 11:53:05,000 INFO "POST /v1/chat/completions HTTP/1.1" 200 -
2026-09-17 11:53:05,000 INFO "POST /v1/chat/completions HTTP/1.1" 200 -
2026-09-17 11:53:05,035 INFO "POST /v1/chat/completions HTTP/1.1" 200 -
2026-09-17 11:53:05,035 INFO "POST /v1/chat/completions HTTP/1.1" 200 -
2026-09-17 11:53:05,067 INFO "POST /v1/chat/completions HTTP/1.1" 200 -
2026-09-17 11:53:05,067 INFO "POST /v1/chat/completions HTTP/1.1" 200 -
2026-09-17 11:53:05,094 INFO "POST /v1/chat/completions HTTP/1.1" 200 -
2026-09-17 11:53:05,094 INFO "POST /v1/chat/completions HTTP/1.1" 200 -
2026-09-17 11:53:05,114 INFO "POST /v1/chat/completions HTTP/1.1" 200 -
2026-09-17 11:53:05,114 INFO "POST /v1/chat/completions HTTP/1.1" 200 -
2026-09-17 11:53:05,115 INFO "GET /v1/status HTTP/1.1" 200 -
2026-09-17 11:53:05,170 INFO "GET /v1/status HTTP/1.1" 200 -
2026-09-17 11:53:05,227 INFO "GET /v1/status HTTP/1.1" 200 -
2026-09-17 11:53:05,285 INFO "GET /v1/status HTTP/1.1" 200 -
2026-09-17 11:53:05,342 INFO "GET /v1/status HTTP/1.1" 200 -
2026-09-17 11:53:05,396 INFO "GET /v1/status HTTP/1.1" 200 -
2026-09-17 11:53:05,455 INFO "GET /v1/status HTTP/1.1" 200 -
2026-09-17 11:53:05,517 INFO "GET /v1/status HTTP/1.1" 200 -
2026-09-17 11:53:05,572 INFO "GET /v1/status HTTP/1.1" 200 -
2026-09-17 11:53:05,630 INFO "GET /v1/status HTTP/1.1" 200 -
2026-09-17 11:53:05,690 INFO "GET /v1/status HTTP/1.1" 200 -
2026-09-17 11:53:05,749 INFO "GET /v1/status HTTP/1.1" 200 -
2026-09-17 11:53:05,804 INFO "GET /v1/status HTTP/1.1" 200 -
2026-09-17 11:53:05,861 INFO "GET /v1/status HTTP/1.1" 200 -
2026-09-17 11:53:05,921 INFO "GET /v1/status HTTP/1.1" 200 -
2026-09-17 11:53:05,956 INFO "GET /v1/status HTTP/1.1" 200 -
2026-09-17 11:53:06,600 INFO "POST /v1/chat/completions HTTP/1.1" 200 -
2026-09-17 11:53:07,169 INFO "POST /v1/chat/completions HTTP/1.1" 200 -
2026-09-17 11:53:07,733 INFO "POST /v1/chat/completions HTTP/1.1" 200 -
2026-09-17 11:53:08,342 INFO "POST /v1/chat/completions HTTP/1.1" 200 -
2026-09-17 11:53:08,909 INFO "POST /v1/chat/completions HTTP/1.1" 200 -
2026-09-17 11:53:09,475 INFO "POST /v1/chat/completions HTTP/1.1" 200 -
2026-09-17 11:53:10,041 INFO "POST /v1/chat/completions HTTP/1.1" 200 -
2026-09-17 11:53:10,608 INFO "POST /v1/chat/completions HTTP/1.1" 200 -
2026-09-17 11:53:11,172 INFO "POST /v1/chat/completions HTTP/1.1" 200 -
2026-09-17 11:53:11,741 INFO "POST /v1/chat/completions HTTP/1.1" 200 -
2026-09-17 11:53:12,303 INFO "POST /v1/chat/completions HTTP/1.1" 200 -
2026-09-17 11:53:12,876 INFO "POST /v1/chat/completions HTTP/1.1" 200 -
2026-09-17 11:53:13,452 INFO "POST /v1/chat/completions HTTP/1.1" 200 -
2026-09-17 11:53:14,054 INFO "POST /v1/chat/completions HTTP/1.1" 200 -
2026-09-17 11:53:14,726 INFO "POST /v1/chat/completions HTTP/1.1" 200 -
2026-09-17 11:53:15,391 INFO "POST /v1/chat/completions HTTP/1.1" 200 -
2026-09-17 11:53:16,035 INFO "POST /v1/chat/completions HTTP/1.1" 200 -
2026-09-17 11:53:16,655 INFO "POST /v1/chat/completions HTTP/1.1" 200 -
2026-09-17 11:53:17,246 INFO "POST /v1/chat/completions HTTP/1.1" 200 -
2026-09-17 11:53:17,850 INFO "POST /v1/chat/completions HTTP/1.1" 200 -
2026-09-17 11:53:21,030 INFO "POST /v1/chat/completions HTTP/1.1" 200 -
2026-09-17 11:53:21,030 INFO "POST /v1/chat/completions HTTP/1.1" 200 -
2026-09-17 11:53:21,097 INFO "POST /v1/chat/completions HTTP/1.1" 200 -
2026-09-17 11:53:21,097 INFO "POST /v1/chat/completions HTTP/1.1" 200 -
2026-09-17 11:53:21,151 INFO "POST /v1/chat/completions HTTP/1.1" 200 -
2026-09-17 11:53:21,151 INFO "POST /v1/chat/completions HTTP/1.1" 200 -
2026-09-17 11:53:21,206 INFO "POST /v1/chat/completions HTTP/1.1" 200 -
2026-09-17 11:53:21,206 INFO "POST /v1/chat/completions HTTP/1.1" 200 -
2026-09-17 11:53:21,253 INFO "POST /v1/chat/completions HTTP/1.1" 200 -
2026-09-17 11:53:21,253 INFO "POST /v1/chat/completions HTTP/1.1" 200 -
2026-09-17 11:53:21,294 INFO "POST /v1/chat/completions HTTP/1.1" 200 -
2026-09-17 11:53:21,294 INFO "POST /v1/chat/completions HTTP/1.1" 200 -
2026-09-17 11:53:21,332 INFO "POST /v1/chat/completions HTTP/1.1" 200 -
2026-09-17 11:53:21,332 INFO "POST /v1/chat/completions HTTP/1.1" 200 -
2026-09-17 11:53:21,365 INFO "POST /v1/chat/completions HTTP/1.1" 200 -
2026-09-17 11:53:21,365 INFO "POST /v1/chat/completions HTTP/1.1" 200 -
2026-09-17 11:53:21,392 INFO "POST /v1/chat/completions HTTP/1.1" 200 -
2026-09-17 11:53:21,392 INFO "POST /v1/chat/completions HTTP/1.1" 200 -
2026-09-17 11:53:21,411 INFO "POST /v1/chat/completions HTTP/1.1" 200 -
2026-09-17 11:53:21,411 INFO "POST /v1/chat/completions HTTP/1.1" 200 -
2026-09-17 11:53:21,413 INFO "GET /v1/status HTTP/1.1" 200 -
2026-09-17 11:53:21,469 INFO "GET /v1/status HTTP/1.1" 200 -
2026-09-17 11:53:21,527 INFO "GET /v1/status HTTP/1.1" 200 -
2026-09-17 11:53:21,584 INFO "GET /v1/status HTTP/1.1" 200 -
2026-09-17 11:53:21,638 INFO "GET /v1/status HTTP/1.1" 200 -
2026-09-17 11:53:21,696 INFO "GET /v1/status HTTP/1.1" 200 -
2026-09-17 11:53:21,756 INFO "GET /v1/status HTTP/1.1" 200 -
2026-09-17 11:53:21,811 INFO "GET /v1/status HTTP/1.1" 200 -
2026-09-17 11:53:21,867 INFO "GET /v1/status HTTP/1.1" 200 -
2026-09-17 11:53:21,922 INFO "GET /v1/status HTTP/1.1" 200 -
2026-09-17 11:53:21,981 INFO "GET /v1/status HTTP/1.1" 200 -
2026-09-17 11:53:22,039 INFO "GET /v1/status HTTP/1.1" 200 -
2026-09-17 11:53:22,096 INFO "GET /v1/status HTTP/1.1" 200 -
2026-09-17 11:53:22,178 INFO "GET /v1/status HTTP/1.1" 200 -
2026-09-17 11:53:22,211 INFO "GET /v1/status HTTP/1.1" 200 -
2026-09-17 11:53:22,834 INFO "POST /v1/chat/completions HTTP/1.1" 200 -
2026-09-17 11:53:23,402 INFO "POST /v1/chat/completions HTTP/1.1" 200 -
2026-09-17 11:53:23,975 INFO "POST /v1/chat/completions HTTP/1.1" 200 -
2026-09-17 11:53:24,542 INFO "POST /v1/chat/completions HTTP/1.1" 200 -
2026-09-17 11:53:25,117 INFO "POST /v1/chat/completions HTTP/1.1" 200 -
2026-09-17 11:53:25,681 INFO "POST /v1/chat/completions HTTP/1.1" 200 -
2026-09-17 11:53:26,268 INFO "POST /v1/chat/completions HTTP/1.1" 200 -
2026-09-17 11:53:26,829 INFO "POST /v1/chat/completions HTTP/1.1" 200 -
2026-09-17 11:53:27,400 INFO "POST /v1/chat/completions HTTP/1.1" 200 -
2026-09-17 11:53:27,974 INFO "POST /v1/chat/completions HTTP/1.1" 200 -
2026-09-17 11:53:28,556 INFO "POST /v1/chat/completions HTTP/1.1" 200 -
2026-09-17 11:53:29,148 INFO "POST /v1/chat/completions HTTP/1.1" 200 -
2026-09-17 11:53:29,738 INFO "POST /v1/chat/completions HTTP/1.1" 200 -
2026-09-17 11:53:30,350 INFO "POST /v1/chat/completions HTTP/1.1" 200 -
2026-09-17 11:53:30,948 INFO "POST /v1/chat/completions HTTP/1.1" 200 -
2026-09-17 11:53:31,541 INFO "POST /v1/chat/completions HTTP/1.1" 200 -
2026-09-17 11:53:32,128 INFO "POST /v1/chat/completions HTTP/1.1" 200 -
2026-09-17 11:53:32,717 INFO "POST /v1/chat/completions HTTP/1.1" 200 -
2026-09-17 11:53:33,304 INFO "POST /v1/chat/completions HTTP/1.1" 200 -
2026-09-17 11:53:33,896 INFO "POST /v1/chat/completions HTTP/1.1" 200 -
2026-09-17 11:53:37,216 INFO "POST /v1/chat/completions HTTP/1.1" 200 -
2026-09-17 11:53:37,221 INFO "POST /v1/chat/completions HTTP/1.1" 200 -
2026-09-17 11:53:37,282 INFO "POST /v1/chat/completions HTTP/1.1" 200 -
2026-09-17 11:53:37,282 INFO "POST /v1/chat/completions HTTP/1.1" 200 -
2026-09-17 11:53:37,338 INFO "POST /v1/chat/completions HTTP/1.1" 200 -
2026-09-17 11:53:37,338 INFO "POST /v1/chat/completions HTTP/1.1" 200 -
2026-09-17 11:53:37,391 INFO "POST /v1/chat/completions HTTP/1.1" 200 -
2026-09-17 11:53:37,391 INFO "POST /v1/chat/completions HTTP/1.1" 200 -
2026-09-17 11:53:37,440 INFO "POST /v1/chat/completions HTTP/1.1" 200 -
2026-09-17 11:53:37,440 INFO "POST /v1/chat/completions HTTP/1.1" 200 -
2026-09-17 11:53:37,481 INFO "POST /v1/chat/completions HTTP/1.1" 200 -
2026-09-17 11:53:37,481 INFO "POST /v1/chat/completions HTTP/1.1" 200 -
2026-09-17 11:53:37,518 INFO "POST /v1/chat/completions HTTP/1.1" 200 -
2026-09-17 11:53:37,518 INFO "POST /v1/chat/completions HTTP/1.1" 200 -
2026-09-17 11:53:37,551 INFO "POST /v1/chat/completions HTTP/1.1" 200 -
2026-09-17 11:53:37,551 INFO "POST /v1/chat/completions HTTP/1.1" 200 -
2026-09-17 11:53:37,576 INFO "POST /v1/chat/completions HTTP/1.1" 200 -
2026-09-17 11:53:37,579 INFO "POST /v1/chat/completions HTTP/1.1" 200 -
2026-09-17 11:53:37,599 INFO "POST /v1/chat/completions HTTP/1.1" 200 -
2026-09-17 11:53:37,599 INFO "POST /v1/chat/completions HTTP/1.1" 200 -
2026-09-17 11:53:37,601 INFO "GET /v1/status HTTP/1.1" 200 -
2026-09-17 11:53:37,658 INFO "GET /v1/status HTTP/1.1" 200 -
2026-09-17 11:53:37,715 INFO "GET /v1/status HTTP/1.1" 200 -
2026-09-17 11:53:37,773 INFO "GET /v1/status HTTP/1.1" 200 -
2026-09-17 11:53:37,829 INFO "GET /v1/status HTTP/1.1" 200 -
2026-09-17 11:53:37,886 INFO "GET /v1/status HTTP/1.1" 200 -
2026-09-17 11:53:37,945 INFO "GET /v1/status HTTP/1.1" 200 -
2026-09-17 11:53:38,004 INFO "GET /v1/status HTTP/1.1" 200 -
2026-09-17 11:53:38,060 INFO "GET /v1/status HTTP/1.1" 200 -
2026-09-17 11:53:38,120 INFO "GET /v1/status HTTP/1.1" 200 -
2026-09-17 11:53:38,180 INFO "GET /v1/status HTTP/1.1" 200 -
2026-09-17 11:53:38,239 INFO "GET /v1/status HTTP/1.1" 200 -
2026-09-17 11:53:38,321 INFO "GET /v1/status HTTP/1.1" 200 -
2026-09-17 11:53:38,354 INFO "GET /v1/status HTTP/1.1" 200 -
2026-09-17 11:53:38,945 INFO "POST /v1/chat/completions HTTP/1.1" 200 -
2026-09-17 11:53:39,537 INFO "POST /v1/chat/completions HTTP/1.1" 200 -
2026-09-17 11:53:40,100 INFO "POST /v1/chat/completions HTTP/1.1" 200 -
2026-09-17 11:53:40,670 INFO "POST /v1/chat/completions HTTP/1.1" 200 -
2026-09-17 11:53:41,232 INFO "POST /v1/chat/completions HTTP/1.1" 200 -
2026-09-17 11:53:41,799 INFO "POST /v1/chat/completions HTTP/1.1" 200 -
2026-09-17 11:53:42,376 INFO "POST /v1/chat/completions HTTP/1.1" 200 -
2026-09-17 11:53:42,973 INFO "POST /v1/chat/completions HTTP/1.1" 200 -
2026-09-17 11:53:43,582 INFO "POST /v1/chat/completions HTTP/1.1" 200 -
2026-09-17 11:53:44,179 INFO "POST /v1/chat/completions HTTP/1.1" 200 -
2026-09-17 11:53:44,774 INFO "POST /v1/chat/completions HTTP/1.1" 200 -
2026-09-17 11:53:45,369 INFO "POST /v1/chat/completions HTTP/1.1" 200 -
2026-09-17 11:53:45,960 INFO "POST /v1/chat/completions HTTP/1.1" 200 -
2026-09-17 11:53:46,552 INFO "POST /v1/chat/completions HTTP/1.1" 200 -
2026-09-17 11:53:47,144 INFO "POST /v1/chat/completions HTTP/1.1" 200 -
2026-09-17 11:53:47,736 INFO "POST /v1/chat/completions HTTP/1.1" 200 -
2026-09-17 11:53:48,341 INFO "POST /v1/chat/completions HTTP/1.1" 200 -
2026-09-17 11:53:48,998 INFO "POST /v1/chat/completions HTTP/1.1" 200 -
2026-09-17 11:53:49,603 INFO "POST /v1/chat/completions HTTP/1.1" 200 -
2026-09-17 11:53:50,256 INFO "POST /v1/chat/completions HTTP/1.1" 200 -
2026-09-17 11:53:53,634 INFO "POST /v1/chat/completions HTTP/1.1" 200 -
2026-09-17 11:53:53,634 INFO "POST /v1/chat/completions HTTP/1.1" 200 -
2026-09-17 11:53:53,690 INFO "POST /v1/chat/completions HTTP/1.1" 200 -
2026-09-17 11:53:53,695 INFO "POST /v1/chat/completions HTTP/1.1" 200 -
2026-09-17 11:53:53,749 INFO "POST /v1/chat/completions HTTP/1.1" 200 -
2026-09-17 11:53:53,749 INFO "POST /v1/chat/completions HTTP/1.1" 200 -
2026-09-17 11:53:53,801 INFO "POST /v1/chat/completions HTTP/1.1" 200 -
2026-09-17 11:53:53,801 INFO "POST /v1/chat/completions HTTP/1.1" 200 -
2026-09-17 11:53:53,849 INFO "POST /v1/chat/completions HTTP/1.1" 200 -
2026-09-17 11:53:53,849 INFO "POST /v1/chat/completions HTTP/1.1" 200 -
2026-09-17 11:53:53,885 INFO "POST /v1/chat/completions HTTP/1.1" 200 -
2026-09-17 11:53:53,889 INFO "POST /v1/chat/completions HTTP/1.1" 200 -
2026-09-17 11:53:53,927 INFO "POST /v1/chat/completions HTTP/1.1" 200 -
2026-09-17 11:53:53,927 INFO "POST /v1/chat/completions HTTP/1.1" 200 -
2026-09-17 11:53:53,961 INFO "POST /v1/chat/completions HTTP/1.1" 200 -
2026-09-17 11:53:53,961 INFO "POST /v1/chat/completions HTTP/1.1" 200 -
2026-09-17 11:53:53,989 INFO "POST /v1/chat/completions HTTP/1.1" 200 -
2026-09-17 11:53:53,990 INFO "POST /v1/chat/completions HTTP/1.1" 200 -
2026-09-17 11:53:54,010 INFO "POST /v1/chat/completions HTTP/1.1" 200 -
2026-09-17 11:53:54,010 INFO "POST /v1/chat/completions HTTP/1.1" 200 -
2026-09-17 11:53:54,012 INFO "GET /v1/status HTTP/1.1" 200 -
2026-09-17 11:53:54,069 INFO "GET /v1/status HTTP/1.1" 200 -
2026-09-17 11:53:54,126 INFO "GET /v1/status HTTP/1.1" 200 -
2026-09-17 11:53:54,183 INFO "GET /v1/status HTTP/1.1" 200 -
2026-09-17 11:53:54,239 INFO "GET /v1/status HTTP/1.1" 200 -
2026-09-17 11:53:54,293 INFO "GET /v1/status HTTP/1.1" 200 -
2026-09-17 11:53:54,351 INFO "GET /v1/status HTTP/1.1" 200 -
2026-09-17 11:53:54,407 INFO "GET /v1/status HTTP/1.1" 200 -
2026-09-17 11:53:54,500 INFO "GET /v1/status HTTP/1.1" 200 -
2026-09-17 11:53:54,533 INFO "GET /v1/status HTTP/1.1" 200 -
2026-09-17 11:53:55,148 INFO "POST /v1/chat/completions HTTP/1.1" 200 -
2026-09-17 11:53:55,730 INFO "POST /v1/chat/completions HTTP/1.1" 200 -
2026-09-17 11:53:56,319 INFO "POST /v1/chat/completions HTTP/1.1" 200 -
2026-09-17 11:53:56,897 INFO "POST /v1/chat/completions HTTP/1.1" 200 -
2026-09-17 11:53:57,503 INFO "POST /v1/chat/completions HTTP/1.1" 200 -
2026-09-17 11:53:58,069 INFO "POST /v1/chat/completions HTTP/1.1" 200 -
2026-09-17 11:53:58,643 INFO "POST /v1/chat/completions HTTP/1.1" 200 -
2026-09-17 11:53:59,214 INFO "POST /v1/chat/completions HTTP/1.1" 200 -
2026-09-17 11:53:59,793 INFO "POST /v1/chat/completions HTTP/1.1" 200 -
2026-09-17 11:54:00,372 INFO "POST /v1/chat/completions HTTP/1.1" 200 -
2026-09-17 11:54:00,950 INFO "POST /v1/chat/completions HTTP/1.1" 200 -
2026-09-17 11:54:01,535 INFO "POST /v1/chat/completions HTTP/1.1" 200 -
2026-09-17 11:54:02,133 INFO "POST /v1/chat/completions HTTP/1.1" 200 -
2026-09-17 11:54:02,738 INFO "POST /v1/chat/completions HTTP/1.1" 200 -
2026-09-17 11:54:03,339 INFO "POST /v1/chat/completions HTTP/1.1" 200 -
2026-09-17 11:54:03,935 INFO "POST /v1/chat/completions HTTP/1.1" 200 -
2026-09-17 11:54:04,531 INFO "POST /v1/chat/completions HTTP/1.1" 200 -
2026-09-17 11:54:05,120 INFO "POST /v1/chat/completions HTTP/1.1" 200 -
2026-09-17 11:54:05,705 INFO "POST /v1/chat/completions HTTP/1.1" 200 -
2026-09-17 11:54:06,289 INFO "POST /v1/chat/completions HTTP/1.1" 200 -
2026-09-17 11:54:09,597 INFO "POST /v1/chat/completions HTTP/1.1" 200 -
2026-09-17 11:54:09,597 INFO "POST /v1/chat/completions HTTP/1.1" 200 -
2026-09-17 11:54:09,657 INFO "POST /v1/chat/completions HTTP/1.1" 200 -
2026-09-17 11:54:09,657 INFO "POST /v1/chat/completions HTTP/1.1" 200 -
2026-09-17 11:54:09,713 INFO "POST /v1/chat/completions HTTP/1.1" 200 -
2026-09-17 11:54:09,713 INFO "POST /v1/chat/completions HTTP/1.1" 200 -
2026-09-17 11:54:09,765 INFO "POST /v1/chat/completions HTTP/1.1" 200 -
2026-09-17 11:54:09,765 INFO "POST /v1/chat/completions HTTP/1.1" 200 -
2026-09-17 11:54:09,812 INFO "POST /v1/chat/completions HTTP/1.1" 200 -
2026-09-17 11:54:09,812 INFO "POST /v1/chat/completions HTTP/1.1" 200 -
2026-09-17 11:54:09,854 INFO "POST /v1/chat/completions HTTP/1.1" 200 -
2026-09-17 11:54:09,854 INFO "POST /v1/chat/completions HTTP/1.1" 200 -
2026-09-17 11:54:09,888 INFO "POST /v1/chat/completions HTTP/1.1" 200 -
2026-09-17 11:54:09,891 INFO "POST /v1/chat/completions HTTP/1.1" 200 -
2026-09-17 11:54:09,924 INFO "POST /v1/chat/completions HTTP/1.1" 200 -
2026-09-17 11:54:09,924 INFO "POST /v1/chat/completions HTTP/1.1" 200 -
2026-09-17 11:54:09,949 INFO "POST /v1/chat/completions HTTP/1.1" 200 -
2026-09-17 11:54:09,952 INFO "POST /v1/chat/completions HTTP/1.1" 200 -
2026-09-17 11:54:09,972 INFO "POST /v1/chat/completions HTTP/1.1" 200 -
2026-09-17 11:54:09,972 INFO "POST /v1/chat/completions HTTP/1.1" 200 -
2026-09-17 11:54:09,973 INFO "GET /v1/status HTTP/1.1" 200 -
2026-09-17 11:54:10,030 INFO "GET /v1/status HTTP/1.1" 200 -
2026-09-17 11:54:10,087 INFO "GET /v1/status HTTP/1.1" 200 -
2026-09-17 11:54:10,144 INFO "GET /v1/status HTTP/1.1" 200 -
2026-09-17 11:54:10,202 INFO "GET /v1/status HTTP/1.1" 200 -
2026-09-17 11:54:10,261 INFO "GET /v1/status HTTP/1.1" 200 -
2026-09-17 11:54:10,317 INFO "GET /v1/status HTTP/1.1" 200 -
2026-09-17 11:54:10,376 INFO "GET /v1/status HTTP/1.1" 200 -
2026-09-17 11:54:10,435 INFO "GET /v1/status HTTP/1.1" 200 -
2026-09-17 11:54:10,492 INFO "GET /v1/status HTTP/1.1" 200 -
2026-09-17 11:54:10,550 INFO "GET /v1/status HTTP/1.1" 200 -
2026-09-17 11:54:10,649 INFO "GET /v1/status HTTP/1.1" 200 -
2026-09-17 11:54:10,682 INFO "GET /v1/status HTTP/1.1" 200 -
2026-09-17 11:54:11,264 INFO "POST /v1/chat/completions HTTP/1.1" 200 -
2026-09-17 11:54:11,836 INFO "POST /v1/chat/completions HTTP/1.1" 200 -
2026-09-17 11:54:12,409 INFO "POST /v1/chat/completions HTTP/1.1" 200 -
2026-09-17 11:54:12,987 INFO "POST /v1/chat/completions HTTP/1.1" 200 -
2026-09-17 11:54:13,560 INFO "POST /v1/chat/completions HTTP/1.1" 200 -
2026-09-17 11:54:14,127 INFO "POST /v1/chat/completions HTTP/1.1" 200 -
2026-09-17 11:54:14,715 INFO "POST /v1/chat/completions HTTP/1.1" 200 -
2026-09-17 11:54:15,280 INFO "POST /v1/chat/completions HTTP/1.1" 200 -
2026-09-17 11:54:15,853 INFO "POST /v1/chat/completions HTTP/1.1" 200 -
2026-09-17 11:54:16,433 INFO "POST /v1/chat/completions HTTP/1.1" 200 -
2026-09-17 11:54:17,021 INFO "POST /v1/chat/completions HTTP/1.1" 200 -
2026-09-17 11:54:17,611 INFO "POST /v1/chat/completions HTTP/1.1" 200 -
2026-09-17 11:54:18,210 INFO "POST /v1/chat/completions HTTP/1.1" 200 -
2026-09-17 11:54:18,797 INFO "POST /v1/chat/completions HTTP/1.1" 200 -
2026-09-17 11:54:19,384 INFO "POST /v1/chat/completions HTTP/1.1" 200 -
2026-09-17 11:54:19,965 INFO "POST /v1/chat/completions HTTP/1.1" 200 -
2026-09-17 11:54:20,554 INFO "POST /v1/chat/completions HTTP/1.1" 200 -
2026-09-17 11:54:21,138 INFO "POST /v1/chat/completions HTTP/1.1" 200 -
2026-09-17 11:54:21,721 INFO "POST /v1/chat/completions HTTP/1.1" 200 -
2026-09-17 11:54:22,304 INFO "POST /v1/chat/completions HTTP/1.1" 200 -
2026-09-17 11:54:25,579 INFO "POST /v1/chat/completions HTTP/1.1" 200 -
2026-09-17 11:54:25,579 INFO "POST /v1/chat/completions HTTP/1.1" 200 -
2026-09-17 11:54:25,639 INFO "POST /v1/chat/completions HTTP/1.1" 200 -
2026-09-17 11:54:25,639 INFO "POST /v1/chat/completions HTTP/1.1" 200 -
2026-09-17 11:54:25,693 INFO "POST /v1/chat/completions HTTP/1.1" 200 -
2026-09-17 11:54:25,697 INFO "POST /v1/chat/completions HTTP/1.1" 200 -
2026-09-17 11:54:25,749 INFO "POST /v1/chat/completions HTTP/1.1" 200 -
2026-09-17 11:54:25,749 INFO "POST /v1/chat/completions HTTP/1.1" 200 -
2026-09-17 11:54:25,792 INFO "POST /v1/chat/completions HTTP/1.1" 200 -
2026-09-17 11:54:25,796 INFO "POST /v1/chat/completions HTTP/1.1" 200 -
2026-09-17 11:54:25,835 INFO "POST /v1/chat/completions HTTP/1.1" 200 -
2026-09-17 11:54:25,835 INFO "POST /v1/chat/completions HTTP/1.1" 200 -
2026-09-17 11:54:25,874 INFO "POST /v1/chat/completions HTTP/1.1" 200 -
2026-09-17 11:54:25,874 INFO "POST /v1/chat/completions HTTP/1.1" 200 -
2026-09-17 11:54:25,906 INFO "POST /v1/chat/completions HTTP/1.1" 200 -
2026-09-17 11:54:25,906 INFO "POST /v1/chat/completions HTTP/1.1" 200 -
2026-09-17 11:54:25,934 INFO "POST /v1/chat/completions HTTP/1.1" 200 -
2026-09-17 11:54:25,934 INFO "POST /v1/chat/completions HTTP/1.1" 200 -
2026-09-17 11:54:25,953 INFO "POST /v1/chat/completions HTTP/1.1" 200 -
2026-09-17 11:54:25,953 INFO "POST /v1/chat/completions HTTP/1.1" 200 -
2026-09-17 11:54:25,955 INFO "GET /v1/status HTTP/1.1" 200 -
2026-09-17 11:54:26,011 INFO "GET /v1/status HTTP/1.1" 200 -
2026-09-17 11:54:26,065 INFO "GET /v1/status HTTP/1.1" 200 -
2026-09-17 11:54:26,121 INFO "GET /v1/status HTTP/1.1" 200 -
2026-09-17 11:54:26,179 INFO "GET /v1/status HTTP/1.1" 200 -
2026-09-17 11:54:26,238 INFO "GET /v1/status HTTP/1.1" 200 -
2026-09-17 11:54:26,296 INFO "GET /v1/status HTTP/1.1" 200 -
2026-09-17 11:54:26,355 INFO "GET /v1/status HTTP/1.1" 200 -
2026-09-17 11:54:26,410 INFO "GET /v1/status HTTP/1.1" 200 -
2026-09-17 11:54:26,470 INFO "GET /v1/status HTTP/1.1" 200 -
2026-09-17 11:54:26,529 INFO "GET /v1/status HTTP/1.1" 200 -
2026-09-17 11:54:26,584 INFO "GET /v1/status HTTP/1.1" 200 -
2026-09-17 11:54:26,639 INFO "GET /v1/status HTTP/1.1" 200 -
2026-09-17 11:54:26,698 INFO "GET /v1/status HTTP/1.1" 200 -
2026-09-17 11:54:26,801 INFO "GET /v1/status HTTP/1.1" 200 -
2026-09-17 11:54:26,832 INFO "GET /v1/status HTTP/1.1" 200 -
2026-09-17 11:54:27,465 INFO "POST /v1/chat/completions HTTP/1.1" 200 -
2026-09-17 11:54:28,077 INFO "POST /v1/chat/completions HTTP/1.1" 200 -
2026-09-17 11:54:28,644 INFO "POST /v1/chat/completions HTTP/1.1" 200 -
2026-09-17 11:54:29,232 INFO "POST /v1/chat/completions HTTP/1.1" 200 -
2026-09-17 11:54:29,805 INFO "POST /v1/chat/completions HTTP/1.1" 200 -
2026-09-17 11:54:30,418 INFO "POST /v1/chat/completions HTTP/1.1" 200 -
2026-09-17 11:54:30,984 INFO "POST /v1/chat/completions HTTP/1.1" 200 -
2026-09-17 11:54:31,551 INFO "POST /v1/chat/completions HTTP/1.1" 200 -
2026-09-17 11:54:32,131 INFO "POST /v1/chat/completions HTTP/1.1" 200 -
2026-09-17 11:54:32,721 INFO "POST /v1/chat/completions HTTP/1.1" 200 -
2026-09-17 11:54:33,332 INFO "POST /v1/chat/completions HTTP/1.1" 200 -
2026-09-17 11:54:33,961 INFO "POST /v1/chat/completions HTTP/1.1" 200 -
2026-09-17 11:54:34,557 INFO "POST /v1/chat/completions HTTP/1.1" 200 -
2026-09-17 11:54:35,147 INFO "POST /v1/chat/completions HTTP/1.1" 200 -
2026-09-17 11:54:35,729 INFO "POST /v1/chat/completions HTTP/1.1" 200 -
2026-09-17 11:54:36,314 INFO "POST /v1/chat/completions HTTP/1.1" 200 -
2026-09-17 11:54:36,902 INFO "POST /v1/chat/completions HTTP/1.1" 200 -
2026-09-17 11:54:37,487 INFO "POST /v1/chat/completions HTTP/1.1" 200 -
2026-09-17 11:54:38,065 INFO "POST /v1/chat/completions HTTP/1.1" 200 -
2026-09-17 11:54:38,653 INFO "POST /v1/chat/completions HTTP/1.1" 200 -
2026-09-17 11:54:42,005 INFO "POST /v1/chat/completions HTTP/1.1" 200 -
2026-09-17 11:54:42,005 INFO "POST /v1/chat/completions HTTP/1.1" 200 -
2026-09-17 11:54:42,068 INFO "POST /v1/chat/completions HTTP/1.1" 200 -
2026-09-17 11:54:42,068 INFO "POST /v1/chat/completions HTTP/1.1" 200 -
2026-09-17 11:54:42,124 INFO "POST /v1/chat/completions HTTP/1.1" 200 -
2026-09-17 11:54:42,124 INFO "POST /v1/chat/completions HTTP/1.1" 200 -
2026-09-17 11:54:42,172 INFO "POST /v1/chat/completions HTTP/1.1" 200 -
2026-09-17 11:54:42,176 INFO "POST /v1/chat/completions HTTP/1.1" 200 -
2026-09-17 11:54:42,221 INFO "POST /v1/chat/completions HTTP/1.1" 200 -
2026-09-17 11:54:42,221 INFO "POST /v1/chat/completions HTTP/1.1" 200 -
2026-09-17 11:54:42,261 INFO "POST /v1/chat/completions HTTP/1.1" 200 -
2026-09-17 11:54:42,261 INFO "POST /v1/chat/completions HTTP/1.1" 200 -
2026-09-17 11:54:42,297 INFO "POST /v1/chat/completions HTTP/1.1" 200 -
2026-09-17 11:54:42,297 INFO "POST /v1/chat/completions HTTP/1.1" 200 -
2026-09-17 11:54:42,330 INFO "POST /v1/chat/completions HTTP/1.1" 200 -
2026-09-17 11:54:42,330 INFO "POST /v1/chat/completions HTTP/1.1" 200 -
2026-09-17 11:54:42,354 INFO "POST /v1/chat/completions HTTP/1.1" 200 -
2026-09-17 11:54:42,358 INFO "POST /v1/chat/completions HTTP/1.1" 200 -
2026-09-17 11:54:42,377 INFO "POST /v1/chat/completions HTTP/1.1" 200 -
2026-09-17 11:54:42,377 INFO "POST /v1/chat/completions HTTP/1.1" 200 -
2026-09-17 11:54:42,379 INFO "GET /v1/status HTTP/1.1" 200 -
2026-09-17 11:54:42,436 INFO "GET /v1/status HTTP/1.1" 200 -
2026-09-17 11:54:42,488 INFO "GET /v1/status HTTP/1.1" 200 -
2026-09-17 11:54:42,545 INFO "GET /v1/status HTTP/1.1" 200 -
2026-09-17 11:54:42,604 INFO "GET /v1/status HTTP/1.1" 200 -
2026-09-17 11:54:42,659 INFO "GET /v1/status HTTP/1.1" 200 -
2026-09-17 11:54:42,716 INFO "GET /v1/status HTTP/1.1" 200 -
2026-09-17 11:54:42,774 INFO "GET /v1/status HTTP/1.1" 200 -
2026-09-17 11:54:42,833 INFO "GET /v1/status HTTP/1.1" 200 -
2026-09-17 11:54:42,889 INFO "GET /v1/status HTTP/1.1" 200 -
2026-09-17 11:54:42,999 INFO "GET /v1/status HTTP/1.1" 200 -
2026-09-17 11:54:43,032 INFO "GET /v1/status HTTP/1.1" 200 -
2026-09-17 11:54:43,621 INFO "POST /v1/chat/completions HTTP/1.1" 200 -
2026-09-17 11:54:44,193 INFO "POST /v1/chat/completions HTTP/1.1" 200 -
2026-09-17 11:54:44,759 INFO "POST /v1/chat/completions HTTP/1.1" 200 -
2026-09-17 11:54:45,328 INFO "POST /v1/chat/completions HTTP/1.1" 200 -
2026-09-17 11:54:45,929 INFO "POST /v1/chat/completions HTTP/1.1" 200 -
2026-09-17 11:54:46,489 INFO "POST /v1/chat/completions HTTP/1.1" 200 -
2026-09-17 11:54:47,050 INFO "POST /v1/chat/completions HTTP/1.1" 200 -
2026-09-17 11:54:47,650 INFO "POST /v1/chat/completions HTTP/1.1" 200 -
2026-09-17 11:54:48,220 INFO "POST /v1/chat/completions HTTP/1.1" 200 -
2026-09-17 11:54:48,795 INFO "POST /v1/chat/completions HTTP/1.1" 200 -
2026-09-17 11:54:49,373 INFO "POST /v1/chat/completions HTTP/1.1" 200 -
2026-09-17 11:54:49,950 INFO "POST /v1/chat/completions HTTP/1.1" 200 -
2026-09-17 11:54:50,553 INFO "POST /v1/chat/completions HTTP/1.1" 200 -
2026-09-17 11:54:51,146 INFO "POST /v1/chat/completions HTTP/1.1" 200 -
2026-09-17 11:54:51,728 INFO "POST /v1/chat/completions HTTP/1.1" 200 -
2026-09-17 11:54:52,311 INFO "POST /v1/chat/completions HTTP/1.1" 200 -
2026-09-17 11:54:52,892 INFO "POST /v1/chat/completions HTTP/1.1" 200 -
2026-09-17 11:54:53,485 INFO "POST /v1/chat/completions HTTP/1.1" 200 -
2026-09-17 11:54:54,063 INFO "POST /v1/chat/completions HTTP/1.1" 200 -
2026-09-17 11:54:54,639 INFO "POST /v1/chat/completions HTTP/1.1" 200 -
2026-09-17 11:54:57,881 INFO "POST /v1/chat/completions HTTP/1.1" 200 -
2026-09-17 11:54:57,885 INFO "POST /v1/chat/completions HTTP/1.1" 200 -
2026-09-17 11:54:57,948 INFO "POST /v1/chat/completions HTTP/1.1" 200 -
2026-09-17 11:54:57,948 INFO "POST /v1/chat/completions HTTP/1.1" 200 -
2026-09-17 11:54:58,003 INFO "POST /v1/chat/completions HTTP/1.1" 200 -
2026-09-17 11:54:58,003 INFO "POST /v1/chat/completions HTTP/1.1" 200 -
2026-09-17 11:54:58,058 INFO "POST /v1/chat/completions HTTP/1.1" 200 -
2026-09-17 11:54:58,058 INFO "POST /v1/chat/completions HTTP/1.1" 200 -
2026-09-17 11:54:58,102 INFO "POST /v1/chat/completions HTTP/1.1" 200 -
2026-09-17 11:54:58,106 INFO "POST /v1/chat/completions HTTP/1.1" 200 -
2026-09-17 11:54:58,146 INFO "POST /v1/chat/completions HTTP/1.1" 200 -
2026-09-17 11:54:58,146 INFO "POST /v1/chat/completions HTTP/1.1" 200 -
2026-09-17 11:54:58,183 INFO "POST /v1/chat/completions HTTP/1.1" 200 -
2026-09-17 11:54:58,183 INFO "POST /v1/chat/completions HTTP/1.1" 200 -
2026-09-17 11:54:58,212 INFO "POST /v1/chat/completions HTTP/1.1" 200 -
2026-09-17 11:54:58,215 INFO "POST /v1/chat/completions HTTP/1.1" 200 -
2026-09-17 11:54:58,243 INFO "POST /v1/chat/completions HTTP/1.1" 200 -
2026-09-17 11:54:58,243 INFO "POST /v1/chat/completions HTTP/1.1" 200 -
2026-09-17 11:54:58,263 INFO "POST /v1/chat/completions HTTP/1.1" 200 -
2026-09-17 11:54:58,263 INFO "POST /v1/chat/completions HTTP/1.1" 200 -
2026-09-17 11:54:58,265 INFO "GET /v1/status HTTP/1.1" 200 -
2026-09-17 11:54:58,321 INFO "GET /v1/status HTTP/1.1" 200 -
2026-09-17 11:54:58,378 INFO "GET /v1/status HTTP/1.1" 200 -
2026-09-17 11:54:58,436 INFO "GET /v1/status HTTP/1.1" 200 -
2026-09-17 11:54:58,493 INFO "GET /v1/status HTTP/1.1" 200 -
2026-09-17 11:54:58,550 INFO "GET /v1/status HTTP/1.1" 200 -
2026-09-17 11:54:58,606 INFO "GET /v1/status HTTP/1.1" 200 -
2026-09-17 11:54:58,664 INFO "GET /v1/status HTTP/1.1" 200 -
2026-09-17 11:54:58,718 INFO "GET /v1/status HTTP/1.1" 200 -
2026-09-17 11:54:58,773 INFO "GET /v1/status HTTP/1.1" 200 -
2026-09-17 11:54:58,832 INFO "GET /v1/status HTTP/1.1" 200 -
2026-09-17 11:54:58,890 INFO "GET /v1/status HTTP/1.1" 200 -
2026-09-17 11:54:58,944 INFO "GET /v1/status HTTP/1.1" 200 -
2026-09-17 11:54:59,001 INFO "GET /v1/status HTTP/1.1" 200 -
2026-09-17 11:54:59,057 INFO "GET /v1/status HTTP/1.1" 200 -
2026-09-17 11:54:59,171 INFO "GET /v1/status HTTP/1.1" 200 -
2026-09-17 11:54:59,204 INFO "GET /v1/status HTTP/1.1" 200 -
2026-09-17 11:54:59,784 INFO "POST /v1/chat/completions HTTP/1.1" 200 -
2026-09-17 11:55:00,351 INFO "POST /v1/chat/completions HTTP/1.1" 200 -
2026-09-17 11:55:00,917 INFO "POST /v1/chat/completions HTTP/1.1" 200 -
2026-09-17 11:55:01,479 INFO "POST /v1/chat/completions HTTP/1.1" 200 -
2026-09-17 11:55:02,042 INFO "POST /v1/chat/completions HTTP/1.1" 200 -
2026-09-17 11:55:02,601 INFO "POST /v1/chat/completions HTTP/1.1" 200 -
2026-09-17 11:55:03,168 INFO "POST /v1/chat/completions HTTP/1.1" 200 -
2026-09-17 11:55:03,752 INFO "POST /v1/chat/completions HTTP/1.1" 200 -
2026-09-17 11:55:04,314 INFO "POST /v1/chat/completions HTTP/1.1" 200 -
2026-09-17 11:55:04,885 INFO "POST /v1/chat/completions HTTP/1.1" 200 -
2026-09-17 11:55:05,460 INFO "POST /v1/chat/completions HTTP/1.1" 200 -
2026-09-17 11:55:06,055 INFO "POST /v1/chat/completions HTTP/1.1" 200 -
2026-09-17 11:55:06,627 INFO "POST /v1/chat/completions HTTP/1.1" 200 -
2026-09-17 11:55:07,205 INFO "POST /v1/chat/completions HTTP/1.1" 200 -
2026-09-17 11:55:07,780 INFO "POST /v1/chat/completions HTTP/1.1" 200 -
2026-09-17 11:55:08,371 INFO "POST /v1/chat/completions HTTP/1.1" 200 -
2026-09-17 11:55:08,947 INFO "POST /v1/chat/completions HTTP/1.1" 200 -
2026-09-17 11:55:09,524 INFO "POST /v1/chat/completions HTTP/1.1" 200 -
2026-09-17 11:55:10,097 INFO "POST /v1/chat/completions HTTP/1.1" 200 -
2026-09-17 11:55:10,675 INFO "POST /v1/chat/completions HTTP/1.1" 200 -
2026-09-17 11:55:13,917 INFO "POST /v1/chat/completions HTTP/1.1" 200 -
2026-09-17 11:55:13,917 INFO "POST /v1/chat/completions HTTP/1.1" 200 -
2026-09-17 11:55:13,974 INFO "POST /v1/chat/completions HTTP/1.1" 200 -
2026-09-17 11:55:13,979 INFO "POST /v1/chat/completions HTTP/1.1" 200 -
2026-09-17 11:55:14,036 INFO "POST /v1/chat/completions HTTP/1.1" 200 -
2026-09-17 11:55:14,036 INFO "POST /v1/chat/completions HTTP/1.1" 200 -
2026-09-17 11:55:14,088 INFO "POST /v1/chat/completions HTTP/1.1" 200 -
2026-09-17 11:55:14,088 INFO "POST /v1/chat/completions HTTP/1.1" 200 -
2026-09-17 11:55:14,135 INFO "POST /v1/chat/completions HTTP/1.1" 200 -
2026-09-17 11:55:14,135 INFO "POST /v1/chat/completions HTTP/1.1" 200 -
2026-09-17 11:55:14,176 INFO "POST /v1/chat/completions HTTP/1.1" 200 -
2026-09-17 11:55:14,176 INFO "POST /v1/chat/completions HTTP/1.1" 200 -
2026-09-17 11:55:14,213 INFO "POST /v1/chat/completions HTTP/1.1" 200 -
2026-09-17 11:55:14,213 INFO "POST /v1/chat/completions HTTP/1.1" 200 -
2026-09-17 11:55:14,247 INFO "POST /v1/chat/completions HTTP/1.1" 200 -
2026-09-17 11:55:14,247 INFO "POST /v1/chat/completions HTTP/1.1" 200 -
2026-09-17 11:55:14,271 INFO "POST /v1/chat/completions HTTP/1.1" 200 -
2026-09-17 11:55:14,275 INFO "POST /v1/chat/completions HTTP/1.1" 200 -
2026-09-17 11:55:14,295 INFO "POST /v1/chat/completions HTTP/1.1" 200 -
2026-09-17 11:55:14,295 INFO "POST /v1/chat/completions HTTP/1.1" 200 -
2026-09-17 11:55:14,296 INFO "GET /v1/status HTTP/1.1" 200 -
2026-09-17 11:55:14,353 INFO "GET /v1/status HTTP/1.1" 200 -
2026-09-17 11:55:14,410 INFO "GET /v1/status HTTP/1.1" 200 -
2026-09-17 11:55:14,463 INFO "GET /v1/status HTTP/1.1" 200 -
2026-09-17 11:55:14,522 INFO "GET /v1/status HTTP/1.1" 200 -
2026-09-17 11:55:14,581 INFO "GET /v1/status HTTP/1.1" 200 -
2026-09-17 11:55:14,640 INFO "GET /v1/status HTTP/1.1" 200 -
2026-09-17 11:55:14,699 INFO "GET /v1/status HTTP/1.1" 200 -
2026-09-17 11:55:14,756 INFO "GET /v1/status HTTP/1.1" 200 -
2026-09-17 11:55:14,810 INFO "GET /v1/status HTTP/1.1" 200 -
2026-09-17 11:55:14,868 INFO "GET /v1/status HTTP/1.1" 200 -
2026-09-17 11:55:14,925 INFO "GET /v1/status HTTP/1.1" 200 -
2026-09-17 11:55:14,982 INFO "GET /v1/status HTTP/1.1" 200 -
2026-09-17 11:55:15,037 INFO "GET /v1/status HTTP/1.1" 200 -
2026-09-17 11:55:15,097 INFO "GET /v1/status HTTP/1.1" 200 -
2026-09-17 11:55:15,153 INFO "GET /v1/status HTTP/1.1" 200 -
2026-09-17 11:55:15,211 INFO "GET /v1/status HTTP/1.1" 200 -
2026-09-17 11:55:15,266 INFO "GET /v1/status HTTP/1.1" 200 -
2026-09-17 11:55:15,394 INFO "GET /v1/status HTTP/1.1" 200 -
2026-09-17 11:55:15,427 INFO "GET /v1/status HTTP/1.1" 200 -
2026-09-17 11:55:16,010 INFO "POST /v1/chat/completions HTTP/1.1" 200 -
2026-09-17 11:55:16,577 INFO "POST /v1/chat/completions HTTP/1.1" 200 -
2026-09-17 11:55:17,159 INFO "POST /v1/chat/completions HTTP/1.1" 200 -
2026-09-17 11:55:17,712 INFO "POST /v1/chat/completions HTTP/1.1" 200 -
2026-09-17 11:55:18,269 INFO "POST /v1/chat/completions HTTP/1.1" 200 -
2026-09-17 11:55:18,841 INFO "POST /v1/chat/completions HTTP/1.1" 200 -
2026-09-17 11:55:19,400 INFO "POST /v1/chat/completions HTTP/1.1" 200 -
2026-09-17 11:55:19,959 INFO "POST /v1/chat/completions HTTP/1.1" 200 -
2026-09-17 11:55:20,526 INFO "POST /v1/chat/completions HTTP/1.1" 200 -
2026-09-17 11:55:21,083 INFO "POST /v1/chat/completions HTTP/1.1" 200 -
2026-09-17 11:55:21,653 INFO "POST /v1/chat/completions HTTP/1.1" 200 -
2026-09-17 11:55:22,219 INFO "POST /v1/chat/completions HTTP/1.1" 200 -
2026-09-17 11:55:22,785 INFO "POST /v1/chat/completions HTTP/1.1" 200 -
2026-09-17 11:55:23,357 INFO "POST /v1/chat/completions HTTP/1.1" 200 -
2026-09-17 11:55:23,929 INFO "POST /v1/chat/completions HTTP/1.1" 200 -
2026-09-17 11:55:24,503 INFO "POST /v1/chat/completions HTTP/1.1" 200 -
2026-09-17 11:55:25,078 INFO "POST /v1/chat/completions HTTP/1.1" 200 -
2026-09-17 11:55:25,652 INFO "POST /v1/chat/completions HTTP/1.1" 200 -
2026-09-17 11:55:26,229 INFO "POST /v1/chat/completions HTTP/1.1" 200 -
2026-09-17 11:55:26,802 INFO "POST /v1/chat/completions HTTP/1.1" 200 -
2026-09-17 11:55:30,022 INFO "POST /v1/chat/completions HTTP/1.1" 200 -
2026-09-17 11:55:30,022 INFO "POST /v1/chat/completions HTTP/1.1" 200 -
2026-09-17 11:55:30,083 INFO "POST /v1/chat/completions HTTP/1.1" 200 -
2026-09-17 11:55:30,083 INFO "POST /v1/chat/completions HTTP/1.1" 200 -
2026-09-17 11:55:30,139 INFO "POST /v1/chat/completions HTTP/1.1" 200 -
2026-09-17 11:55:30,140 INFO "POST /v1/chat/completions HTTP/1.1" 200 -
2026-09-17 11:55:30,187 INFO "POST /v1/chat/completions HTTP/1.1" 200 -
2026-09-17 11:55:30,191 INFO "POST /v1/chat/completions HTTP/1.1" 200 -
2026-09-17 11:55:30,237 INFO "POST /v1/chat/completions HTTP/1.1" 200 -
2026-09-17 11:55:30,237 INFO "POST /v1/chat/completions HTTP/1.1" 200 -
2026-09-17 11:55:30,279 INFO "POST /v1/chat/completions HTTP/1.1" 200 -
2026-09-17 11:55:30,279 INFO "POST /v1/chat/completions HTTP/1.1" 200 -
2026-09-17 11:55:30,328 INFO "POST /v1/chat/completions HTTP/1.1" 200 -
2026-09-17 11:55:30,332 INFO "POST /v1/chat/completions HTTP/1.1" 200 -
2026-09-17 11:55:30,364 INFO "POST /v1/chat/completions HTTP/1.1" 200 -
2026-09-17 11:55:30,364 INFO "POST /v1/chat/completions HTTP/1.1" 200 -
2026-09-17 11:55:30,389 INFO "POST /v1/chat/completions HTTP/1.1" 200 -
2026-09-17 11:55:30,389 INFO "POST /v1/chat/completions HTTP/1.1" 200 -
2026-09-17 11:55:30,409 INFO "POST /v1/chat/completions HTTP/1.1" 200 -
2026-09-17 11:55:30,411 INFO "POST /v1/chat/completions HTTP/1.1" 200 -
2026-09-17 11:55:30,412 INFO "GET /v1/status HTTP/1.1" 200 -
2026-09-17 11:55:30,469 INFO "GET /v1/status HTTP/1.1" 200 -
2026-09-17 11:55:30,522 INFO "GET /v1/status HTTP/1.1" 200 -
2026-09-17 11:55:30,579 INFO "GET /v1/status HTTP/1.1" 200 -
2026-09-17 11:55:30,637 INFO "GET /v1/status HTTP/1.1" 200 -
2026-09-17 11:55:30,693 INFO "GET /v1/status HTTP/1.1" 200 -
2026-09-17 11:55:30,747 INFO "GET /v1/status HTTP/1.1" 200 -
2026-09-17 11:55:30,806 INFO "GET /v1/status HTTP/1.1" 200 -
2026-09-17 11:55:30,864 INFO "GET /v1/status HTTP/1.1" 200 -
2026-09-17 11:55:30,923 INFO "GET /v1/status HTTP/1.1" 200 -
2026-09-17 11:55:30,982 INFO "GET /v1/status HTTP/1.1" 200 -
2026-09-17 11:55:31,036 INFO "GET /v1/status HTTP/1.1" 200 -
2026-09-17 11:55:31,092 INFO "GET /v1/status HTTP/1.1" 200 -
2026-09-17 11:55:31,149 INFO "GET /v1/status HTTP/1.1" 200 -
2026-09-17 11:55:31,206 INFO "GET /v1/status HTTP/1.1" 200 -
2026-09-17 11:55:31,264 INFO "GET /v1/status HTTP/1.1" 200 -
2026-09-17 11:55:31,323 INFO "GET /v1/status HTTP/1.1" 200 -
2026-09-17 11:55:31,378 INFO "GET /v1/status HTTP/1.1" 200 -
2026-09-17 11:55:31,435 INFO "GET /v1/status HTTP/1.1" 200 -
2026-09-17 11:55:31,563 INFO "GET /v1/status HTTP/1.1" 200 -
2026-09-17 11:55:31,596 INFO "GET /v1/status HTTP/1.1" 200 -
2026-09-17 11:55:32,193 INFO "POST /v1/chat/completions HTTP/1.1" 200 -
2026-09-17 11:55:32,778 INFO "POST /v1/chat/completions HTTP/1.1" 200 -
2026-09-17 11:55:33,342 INFO "POST /v1/chat/completions HTTP/1.1" 200 -
2026-09-17 11:55:33,948 INFO "POST /v1/chat/completions HTTP/1.1" 200 -
2026-09-17 11:55:34,529 INFO "POST /v1/chat/completions HTTP/1.1" 200 -
2026-09-17 11:55:35,127 INFO "POST /v1/chat/completions HTTP/1.1" 200 -
2026-09-17 11:55:35,706 INFO "POST /v1/chat/completions HTTP/1.1" 200 -
2026-09-17 11:55:36,287 INFO "POST /v1/chat/completions HTTP/1.1" 200 -
2026-09-17 11:55:36,860 INFO "POST /v1/chat/completions HTTP/1.1" 200 -
2026-09-17 11:55:37,426 INFO "POST /v1/chat/completions HTTP/1.1" 200 -
2026-09-17 11:55:37,991 INFO "POST /v1/chat/completions HTTP/1.1" 200 -
2026-09-17 11:55:38,563 INFO "POST /v1/chat/completions HTTP/1.1" 200 -
2026-09-17 11:55:39,134 INFO "POST /v1/chat/completions HTTP/1.1" 200 -
2026-09-17 11:55:39,712 INFO "POST /v1/chat/completions HTTP/1.1" 200 -
2026-09-17 11:55:40,286 INFO "POST /v1/chat/completions HTTP/1.1" 200 -
2026-09-17 11:55:40,918 INFO "POST /v1/chat/completions HTTP/1.1" 200 -
2026-09-17 11:55:41,501 INFO "POST /v1/chat/completions HTTP/1.1" 200 -
2026-09-17 11:55:42,077 INFO "POST /v1/chat/completions HTTP/1.1" 200 -
2026-09-17 11:55:42,657 INFO "POST /v1/chat/completions HTTP/1.1" 200 -
2026-09-17 11:55:43,232 INFO "POST /v1/chat/completions HTTP/1.1" 200 -
2026-09-17 11:55:46,501 INFO "POST /v1/chat/completions HTTP/1.1" 200 -
2026-09-17 11:55:46,506 INFO "POST /v1/chat/completions HTTP/1.1" 200 -
2026-09-17 11:55:46,567 INFO "POST /v1/chat/completions HTTP/1.1" 200 -
2026-09-17 11:55:46,567 INFO "POST /v1/chat/completions HTTP/1.1" 200 -
2026-09-17 11:55:46,625 INFO "POST /v1/chat/completions HTTP/1.1" 200 -
2026-09-17 11:55:46,625 INFO "POST /v1/chat/completions HTTP/1.1" 200 -
2026-09-17 11:55:46,677 INFO "POST /v1/chat/completions HTTP/1.1" 200 -
2026-09-17 11:55:46,677 INFO "POST /v1/chat/completions HTTP/1.1" 200 -
2026-09-17 11:55:46,723 INFO "POST /v1/chat/completions HTTP/1.1" 200 -
2026-09-17 11:55:46,727 INFO "POST /v1/chat/completions HTTP/1.1" 200 -
2026-09-17 11:55:46,767 INFO "POST /v1/chat/completions HTTP/1.1" 200 -
2026-09-17 11:55:46,767 INFO "POST /v1/chat/completions HTTP/1.1" 200 -
2026-09-17 11:55:46,800 INFO "POST /v1/chat/completions HTTP/1.1" 200 -
2026-09-17 11:55:46,804 INFO "POST /v1/chat/completions HTTP/1.1" 200 -
2026-09-17 11:55:46,837 INFO "POST /v1/chat/completions HTTP/1.1" 200 -
2026-09-17 11:55:46,837 INFO "POST /v1/chat/completions HTTP/1.1" 200 -
2026-09-17 11:55:46,865 INFO "POST /v1/chat/completions HTTP/1.1" 200 -
2026-09-17 11:55:46,865 INFO "POST /v1/chat/completions HTTP/1.1" 200 -
2026-09-17 11:55:46,884 INFO "POST /v1/chat/completions HTTP/1.1" 200 -
2026-09-17 11:55:46,884 INFO "POST /v1/chat/completions HTTP/1.1" 200 -
2026-09-17 11:55:46,886 INFO "GET /v1/status HTTP/1.1" 200 -
2026-09-17 11:55:46,943 INFO "GET /v1/status HTTP/1.1" 200 -
2026-09-17 11:55:46,999 INFO "GET /v1/status HTTP/1.1" 200 -
2026-09-17 11:55:47,056 INFO "GET /v1/status HTTP/1.1" 200 -
2026-09-17 11:55:47,111 INFO "GET /v1/status HTTP/1.1" 200 -
2026-09-17 11:55:47,167 INFO "GET /v1/status HTTP/1.1" 200 -
2026-09-17 11:55:47,225 INFO "GET /v1/status HTTP/1.1" 200 -
2026-09-17 11:55:47,283 INFO "GET /v1/status HTTP/1.1" 200 -
2026-09-17 11:55:47,341 INFO "GET /v1/status HTTP/1.1" 200 -
2026-09-17 11:55:47,400 INFO "GET /v1/status HTTP/1.1" 200 -
2026-09-17 11:55:47,457 INFO "GET /v1/status HTTP/1.1" 200 -
2026-09-17 11:55:47,516 INFO "GET /v1/status HTTP/1.1" 200 -
2026-09-17 11:55:47,573 INFO "GET /v1/status HTTP/1.1" 200 -
2026-09-17 11:55:47,633 INFO "GET /v1/status HTTP/1.1" 200 -
2026-09-17 11:55:47,769 INFO "GET /v1/status HTTP/1.1" 200 -
2026-09-17 11:55:47,801 INFO "GET /v1/status HTTP/1.1" 200 -
2026-09-17 11:55:48,441 INFO "POST /v1/chat/completions HTTP/1.1" 200 -
2026-09-17 11:55:49,003 INFO "POST /v1/chat/completions HTTP/1.1" 200 -
2026-09-17 11:55:49,568 INFO "POST /v1/chat/completions HTTP/1.1" 200 -
2026-09-17 11:55:50,124 INFO "POST /v1/chat/completions HTTP/1.1" 200 -
2026-09-17 11:55:50,684 INFO "POST /v1/chat/completions HTTP/1.1" 200 -
2026-09-17 11:55:51,241 INFO "POST /v1/chat/completions HTTP/1.1" 200 -
2026-09-17 11:55:51,803 INFO "POST /v1/chat/completions HTTP/1.1" 200 -
2026-09-17 11:55:52,364 INFO "POST /v1/chat/completions HTTP/1.1" 200 -
2026-09-17 11:55:52,928 INFO "POST /v1/chat/completions HTTP/1.1" 200 -
2026-09-17 11:55:53,485 INFO "POST /v1/chat/completions HTTP/1.1" 200 -
2026-09-17 11:55:54,045 INFO "POST /v1/chat/completions HTTP/1.1" 200 -
2026-09-17 11:55:54,619 INFO "POST /v1/chat/completions HTTP/1.1" 200 -
2026-09-17 11:55:55,184 INFO "POST /v1/chat/completions HTTP/1.1" 200 -
2026-09-17 11:55:55,752 INFO "POST /v1/chat/completions HTTP/1.1" 200 -
2026-09-17 11:55:56,325 INFO "POST /v1/chat/completions HTTP/1.1" 200 -
2026-09-17 11:55:56,896 INFO "POST /v1/chat/completions HTTP/1.1" 200 -
2026-09-17 11:55:57,472 INFO "POST /v1/chat/completions HTTP/1.1" 200 -
2026-09-17 11:55:58,044 INFO "POST /v1/chat/completions HTTP/1.1" 200 -
2026-09-17 11:55:58,618 INFO "POST /v1/chat/completions HTTP/1.1" 200 -
2026-09-17 11:55:59,190 INFO "POST /v1/chat/completions HTTP/1.1" 200 -
2026-09-17 11:56:02,408 INFO "POST /v1/chat/completions HTTP/1.1" 200 -
2026-09-17 11:56:02,408 INFO "POST /v1/chat/completions HTTP/1.1" 200 -
2026-09-17 11:56:02,466 INFO "POST /v1/chat/completions HTTP/1.1" 200 -
2026-09-17 11:56:02,471 INFO "POST /v1/chat/completions HTTP/1.1" 200 -
2026-09-17 11:56:02,523 INFO "POST /v1/chat/completions HTTP/1.1" 200 -
2026-09-17 11:56:02,528 INFO "POST /v1/chat/completions HTTP/1.1" 200 -
2026-09-17 11:56:02,580 INFO "POST /v1/chat/completions HTTP/1.1" 200 -
2026-09-17 11:56:02,580 INFO "POST /v1/chat/completions HTTP/1.1" 200 -
2026-09-17 11:56:02,627 INFO "POST /v1/chat/completions HTTP/1.1" 200 -
2026-09-17 11:56:02,627 INFO "POST /v1/chat/completions HTTP/1.1" 200 -
2026-09-17 11:56:02,667 INFO "POST /v1/chat/completions HTTP/1.1" 200 -
2026-09-17 11:56:02,667 INFO "POST /v1/chat/completions HTTP/1.1" 200 -
2026-09-17 11:56:02,704 INFO "POST /v1/chat/completions HTTP/1.1" 200 -
2026-09-17 11:56:02,704 INFO "POST /v1/chat/completions HTTP/1.1" 200 -
2026-09-17 11:56:02,737 INFO "POST /v1/chat/completions HTTP/1.1" 200 -
2026-09-17 11:56:02,737 INFO "POST /v1/chat/completions HTTP/1.1" 200 -
2026-09-17 11:56:02,766 INFO "POST /v1/chat/completions HTTP/1.1" 200 -
2026-09-17 11:56:02,766 INFO "POST /v1/chat/completions HTTP/1.1" 200 -
2026-09-17 11:56:02,784 INFO "POST /v1/chat/completions HTTP/1.1" 200 -
2026-09-17 11:56:02,786 INFO "POST /v1/chat/completions HTTP/1.1" 200 -
2026-09-17 11:56:02,788 INFO "GET /v1/status HTTP/1.1" 200 -
2026-09-17 11:56:02,901 INFO "GET /v1/status HTTP/1.1" 200 -
2026-09-17 11:56:02,932 INFO "GET /v1/status HTTP/1.1" 200 -
2026-09-17 11:56:03,502 INFO "POST /v1/chat/completions HTTP/1.1" 200 -
2026-09-17 11:56:04,069 INFO "POST /v1/chat/completions HTTP/1.1" 200 -
2026-09-17 11:56:04,669 INFO "POST /v1/chat/completions HTTP/1.1" 200 -
2026-09-17 11:56:05,230 INFO "POST /v1/chat/completions HTTP/1.1" 200 -
2026-09-17 11:56:05,794 INFO "POST /v1/chat/completions HTTP/1.1" 200 -
2026-09-17 11:56:06,366 INFO "POST /v1/chat/completions HTTP/1.1" 200 -
2026-09-17 11:56:06,935 INFO "POST /v1/chat/completions HTTP/1.1" 200 -
2026-09-17 11:56:07,505 INFO "POST /v1/chat/completions HTTP/1.1" 200 -
2026-09-17 11:56:08,077 INFO "POST /v1/chat/completions HTTP/1.1" 200 -
2026-09-17 11:56:08,652 INFO "POST /v1/chat/completions HTTP/1.1" 200 -
2026-09-17 11:56:09,225 INFO "POST /v1/chat/completions HTTP/1.1" 200 -
2026-09-17 11:56:09,795 INFO "POST /v1/chat/completions HTTP/1.1" 200 -
2026-09-17 11:56:10,367 INFO "POST /v1/chat/completions HTTP/1.1" 200 -
2026-09-17 11:56:10,938 INFO "POST /v1/chat/completions HTTP/1.1" 200 -
2026-09-17 11:56:11,511 INFO "POST /v1/chat/completions HTTP/1.1" 200 -
2026-09-17 11:56:12,082 INFO "POST /v1/chat/completions HTTP/1.1" 200 -
2026-09-17 11:56:12,658 INFO "POST /v1/chat/completions HTTP/1.1" 200 -
2026-09-17 11:56:13,230 INFO "POST /v1/chat/completions HTTP/1.1" 200 -
2026-09-17 11:56:13,808 INFO "POST /v1/chat/completions HTTP/1.1" 200 -
2026-09-17 11:56:14,378 INFO "POST /v1/chat/completions HTTP/1.1" 200 -
2026-09-17 11:56:17,570 INFO "POST /v1/chat/completions HTTP/1.1" 200 -
2026-09-17 11:56:17,570 INFO "POST /v1/chat/completions HTTP/1.1" 200 -
2026-09-17 11:56:17,627 INFO "POST /v1/chat/completions HTTP/1.1" 200 -
2026-09-17 11:56:17,631 INFO "POST /v1/chat/completions HTTP/1.1" 200 -
2026-09-17 11:56:17,688 INFO "POST /v1/chat/completions HTTP/1.1" 200 -
2026-09-17 11:56:17,688 INFO "POST /v1/chat/completions HTTP/1.1" 200 -
2026-09-17 11:56:17,739 INFO "POST /v1/chat/completions HTTP/1.1" 200 -
2026-09-17 11:56:17,739 INFO "POST /v1/chat/completions HTTP/1.1" 200 -
2026-09-17 11:56:17,786 INFO "POST /v1/chat/completions HTTP/1.1" 200 -
2026-09-17 11:56:17,786 INFO "POST /v1/chat/completions HTTP/1.1" 200 -
2026-09-17 11:56:17,827 INFO "POST /v1/chat/completions HTTP/1.1" 200 -
2026-09-17 11:56:17,827 INFO "POST /v1/chat/completions HTTP/1.1" 200 -
2026-09-17 11:56:17,864 INFO "POST /v1/chat/completions HTTP/1.1" 200 -
2026-09-17 11:56:17,864 INFO "POST /v1/chat/completions HTTP/1.1" 200 -
2026-09-17 11:56:17,896 INFO "POST /v1/chat/completions HTTP/1.1" 200 -
2026-09-17 11:56:17,896 INFO "POST /v1/chat/completions HTTP/1.1" 200 -
2026-09-17 11:56:17,924 INFO "POST /v1/chat/completions HTTP/1.1" 200 -
2026-09-17 11:56:17,924 INFO "POST /v1/chat/completions HTTP/1.1" 200 -
2026-09-17 11:56:17,944 INFO "POST /v1/chat/completions HTTP/1.1" 200 -
2026-09-17 11:56:17,944 INFO "POST /v1/chat/completions HTTP/1.1" 200 -
2026-09-17 11:56:17,945 INFO "GET /v1/status HTTP/1.1" 200 -
2026-09-17 11:56:18,063 INFO "GET /v1/status HTTP/1.1" 200 -
2026-09-17 11:56:18,095 INFO "GET /v1/status HTTP/1.1" 200 -
2026-09-17 11:56:18,661 INFO "POST /v1/chat/completions HTTP/1.1" 200 -
2026-09-17 11:56:19,219 INFO "POST /v1/chat/completions HTTP/1.1" 200 -
2026-09-17 11:56:19,784 INFO "POST /v1/chat/completions HTTP/1.1" 200 -
2026-09-17 11:56:20,349 INFO "POST /v1/chat/completions HTTP/1.1" 200 -
2026-09-17 11:56:20,918 INFO "POST /v1/chat/completions HTTP/1.1" 200 -
2026-09-17 11:56:21,512 INFO "POST /v1/chat/completions HTTP/1.1" 200 -
2026-09-17 11:56:22,078 INFO "POST /v1/chat/completions HTTP/1.1" 200 -
2026-09-17 11:56:22,645 INFO "POST /v1/chat/completions HTTP/1.1" 200 -
2026-09-17 11:56:23,212 INFO "POST /v1/chat/completions HTTP/1.1" 200 -
2026-09-17 11:56:23,785 INFO "POST /v1/chat/completions HTTP/1.1" 200 -
2026-09-17 11:56:24,356 INFO "POST /v1/chat/completions HTTP/1.1" 200 -
2026-09-17 11:56:24,929 INFO "POST /v1/chat/completions HTTP/1.1" 200 -
2026-09-17 11:56:25,498 INFO "POST /v1/chat/completions HTTP/1.1" 200 -
2026-09-17 11:56:26,074 INFO "POST /v1/chat/completions HTTP/1.1" 200 -
2026-09-17 11:56:26,643 INFO "POST /v1/chat/completions HTTP/1.1" 200 -
2026-09-17 11:56:27,229 INFO "POST /v1/chat/completions HTTP/1.1" 200 -
2026-09-17 11:56:27,799 INFO "POST /v1/chat/completions HTTP/1.1" 200 -
2026-09-17 11:56:28,374 INFO "POST /v1/chat/completions HTTP/1.1" 200 -
2026-09-17 11:56:28,944 INFO "POST /v1/chat/completions HTTP/1.1" 200 -
2026-09-17 11:56:29,516 INFO "POST /v1/chat/completions HTTP/1.1" 200 -
2026-09-17 11:56:32,717 INFO "POST /v1/chat/completions HTTP/1.1" 200 -
2026-09-17 11:56:32,717 INFO "POST /v1/chat/completions HTTP/1.1" 200 -
2026-09-17 11:56:32,778 INFO "POST /v1/chat/completions HTTP/1.1" 200 -
2026-09-17 11:56:32,778 INFO "POST /v1/chat/completions HTTP/1.1" 200 -
2026-09-17 11:56:32,834 INFO "POST /v1/chat/completions HTTP/1.1" 200 -
2026-09-17 11:56:32,834 INFO "POST /v1/chat/completions HTTP/1.1" 200 -
2026-09-17 11:56:32,886 INFO "POST /v1/chat/completions HTTP/1.1" 200 -
2026-09-17 11:56:32,886 INFO "POST /v1/chat/completions HTTP/1.1" 200 -
2026-09-17 11:56:32,934 INFO "POST /v1/chat/completions HTTP/1.1" 200 -
2026-09-17 11:56:32,934 INFO "POST /v1/chat/completions HTTP/1.1" 200 -
2026-09-17 11:56:32,974 INFO "POST /v1/chat/completions HTTP/1.1" 200 -
2026-09-17 11:56:32,974 INFO "POST /v1/chat/completions HTTP/1.1" 200 -
2026-09-17 11:56:33,011 INFO "POST /v1/chat/completions HTTP/1.1" 200 -
2026-09-17 11:56:33,011 INFO "POST /v1/chat/completions HTTP/1.1" 200 -
2026-09-17 11:56:33,044 INFO "POST /v1/chat/completions HTTP/1.1" 200 -
2026-09-17 11:56:33,044 INFO "POST /v1/chat/completions HTTP/1.1" 200 -
2026-09-17 11:56:33,072 INFO "POST /v1/chat/completions HTTP/1.1" 200 -
2026-09-17 11:56:33,072 INFO "POST /v1/chat/completions HTTP/1.1" 200 -
2026-09-17 11:56:33,092 INFO "POST /v1/chat/completions HTTP/1.1" 200 -
2026-09-17 11:56:33,092 INFO "POST /v1/chat/completions HTTP/1.1" 200 -
2026-09-17 11:56:33,094 INFO "GET /v1/status HTTP/1.1" 200 -
2026-09-17 11:56:33,217 INFO "GET /v1/status HTTP/1.1" 200 -
2026-09-17 11:56:33,249 INFO "GET /v1/status HTTP/1.1" 200 -
2026-09-17 11:56:33,842 INFO "POST /v1/chat/completions HTTP/1.1" 200 -
2026-09-17 11:56:34,400 INFO "POST /v1/chat/completions HTTP/1.1" 200 -
2026-09-17 11:56:34,959 INFO "POST /v1/chat/completions HTTP/1.1" 200 -
2026-09-17 11:56:35,515 INFO "POST /v1/chat/completions HTTP/1.1" 200 -
2026-09-17 11:56:36,078 INFO "POST /v1/chat/completions HTTP/1.1" 200 -
2026-09-17 11:56:36,649 INFO "POST /v1/chat/completions HTTP/1.1" 200 -
2026-09-17 11:56:37,218 INFO "POST /v1/chat/completions HTTP/1.1" 200 -
2026-09-17 11:56:37,785 INFO "POST /v1/chat/completions HTTP/1.1" 200 -
2026-09-17 11:56:38,357 INFO "POST /v1/chat/completions HTTP/1.1" 200 -
2026-09-17 11:56:38,942 INFO "POST /v1/chat/completions HTTP/1.1" 200 -
2026-09-17 11:56:39,514 INFO "POST /v1/chat/completions HTTP/1.1" 200 -
2026-09-17 11:56:40,086 INFO "POST /v1/chat/completions HTTP/1.1" 200 -
2026-09-17 11:56:40,663 INFO "POST /v1/chat/completions HTTP/1.1" 200 -
2026-09-17 11:56:41,235 INFO "POST /v1/chat/completions HTTP/1.1" 200 -
2026-09-17 11:56:41,807 INFO "POST /v1/chat/completions HTTP/1.1" 200 -
2026-09-17 11:56:42,378 INFO "POST /v1/chat/completions HTTP/1.1" 200 -
2026-09-17 11:56:42,959 INFO "POST /v1/chat/completions HTTP/1.1" 200 -
2026-09-17 11:56:43,529 INFO "POST /v1/chat/completions HTTP/1.1" 200 -
2026-09-17 11:56:44,102 INFO "POST /v1/chat/completions HTTP/1.1" 200 -
2026-09-17 11:56:44,672 INFO "POST /v1/chat/completions HTTP/1.1" 200 -
2026-09-17 11:56:47,882 INFO "POST /v1/chat/completions HTTP/1.1" 200 -
2026-09-17 11:56:47,882 INFO "POST /v1/chat/completions HTTP/1.1" 200 -
2026-09-17 11:56:47,943 INFO "POST /v1/chat/completions HTTP/1.1" 200 -
2026-09-17 11:56:47,943 INFO "POST /v1/chat/completions HTTP/1.1" 200 -
2026-09-17 11:56:47,999 INFO "POST /v1/chat/completions HTTP/1.1" 200 -
2026-09-17 11:56:47,999 INFO "POST /v1/chat/completions HTTP/1.1" 200 -
2026-09-17 11:56:48,050 INFO "POST /v1/chat/completions HTTP/1.1" 200 -
2026-09-17 11:56:48,050 INFO "POST /v1/chat/completions HTTP/1.1" 200 -
2026-09-17 11:56:48,094 INFO "POST /v1/chat/completions HTTP/1.1" 200 -
2026-09-17 11:56:48,098 INFO "POST /v1/chat/completions HTTP/1.1" 200 -
2026-09-17 11:56:48,138 INFO "POST /v1/chat/completions HTTP/1.1" 200 -
2026-09-17 11:56:48,138 INFO "POST /v1/chat/completions HTTP/1.1" 200 -
2026-09-17 11:56:48,174 INFO "POST /v1/chat/completions HTTP/1.1" 200 -
2026-09-17 11:56:48,174 INFO "POST /v1/chat/completions HTTP/1.1" 200 -
2026-09-17 11:56:48,206 INFO "POST /v1/chat/completions HTTP/1.1" 200 -
2026-09-17 11:56:48,207 INFO "POST /v1/chat/completions HTTP/1.1" 200 -
2026-09-17 11:56:48,232 INFO "POST /v1/chat/completions HTTP/1.1" 200 -
2026-09-17 11:56:48,232 INFO "POST /v1/chat/completions HTTP/1.1" 200 -
2026-09-17 11:56:48,254 INFO "POST /v1/chat/completions HTTP/1.1" 200 -
2026-09-17 11:56:48,254 INFO "POST /v1/chat/completions HTTP/1.1" 200 -
2026-09-17 11:56:48,256 INFO "GET /v1/status HTTP/1.1" 200 -
2026-09-17 11:56:48,312 INFO "GET /v1/status HTTP/1.1" 200 -
2026-09-17 11:56:48,370 INFO "GET /v1/status HTTP/1.1" 200 -
2026-09-17 11:56:48,423 INFO "GET /v1/status HTTP/1.1" 200 -
2026-09-17 11:56:48,481 INFO "GET /v1/status HTTP/1.1" 200 -
2026-09-17 11:56:48,540 INFO "GET /v1/status HTTP/1.1" 200 -
2026-09-17 11:56:48,595 INFO "GET /v1/status HTTP/1.1" 200 -
2026-09-17 11:56:48,654 INFO "GET /v1/status HTTP/1.1" 200 -
2026-09-17 11:56:48,714 INFO "GET /v1/status HTTP/1.1" 200 -
2026-09-17 11:56:48,774 INFO "GET /v1/status HTTP/1.1" 200 -
2026-09-17 11:56:48,831 INFO "GET /v1/status HTTP/1.1" 200 -
2026-09-17 11:56:48,891 INFO "GET /v1/status HTTP/1.1" 200 -
2026-09-17 11:56:48,950 INFO "GET /v1/status HTTP/1.1" 200 -
2026-09-17 11:56:49,009 INFO "GET /v1/status HTTP/1.1" 200 -
2026-09-17 11:56:49,065 INFO "GET /v1/status HTTP/1.1" 200 -
2026-09-17 11:56:49,124 INFO "GET /v1/status HTTP/1.1" 200 -
2026-09-17 11:56:49,184 INFO "GET /v1/status HTTP/1.1" 200 -
2026-09-17 11:56:49,239 INFO "GET /v1/status HTTP/1.1" 200 -
2026-09-17 11:56:49,296 INFO "GET /v1/status HTTP/1.1" 200 -
2026-09-17 11:56:49,443 INFO "GET /v1/status HTTP/1.1" 200 -
2026-09-17 11:56:49,476 INFO "GET /v1/status HTTP/1.1" 200 -
2026-09-17 11:56:50,082 INFO "POST /v1/chat/completions HTTP/1.1" 200 -
2026-09-17 11:56:50,644 INFO "POST /v1/chat/completions HTTP/1.1" 200 -
2026-09-17 11:56:51,204 INFO "POST /v1/chat/completions HTTP/1.1" 200 -
2026-09-17 11:56:51,824 INFO "POST /v1/chat/completions HTTP/1.1" 200 -
2026-09-17 11:56:52,394 INFO "POST /v1/chat/completions HTTP/1.1" 200 -
2026-09-17 11:56:52,957 INFO "POST /v1/chat/completions HTTP/1.1" 200 -
2026-09-17 11:56:53,512 INFO "POST /v1/chat/completions HTTP/1.1" 200 -
2026-09-17 11:56:54,070 INFO "POST /v1/chat/completions HTTP/1.1" 200 -
2026-09-17 11:56:54,624 INFO "POST /v1/chat/completions HTTP/1.1" 200 -
2026-09-17 11:56:55,178 INFO "POST /v1/chat/completions HTTP/1.1" 200 -
2026-09-17 11:56:55,735 INFO "POST /v1/chat/completions HTTP/1.1" 200 -
2026-09-17 11:56:56,300 INFO "POST /v1/chat/completions HTTP/1.1" 200 -
2026-09-17 11:56:56,858 INFO "POST /v1/chat/completions HTTP/1.1" 200 -
2026-09-17 11:56:57,418 INFO "POST /v1/chat/completions HTTP/1.1" 200 -
2026-09-17 11:56:57,975 INFO "POST /v1/chat/completions HTTP/1.1" 200 -
2026-09-17 11:56:58,541 INFO "POST /v1/chat/completions HTTP/1.1" 200 -
2026-09-17 11:56:59,103 INFO "POST /v1/chat/completions HTTP/1.1" 200 -
2026-09-17 11:56:59,669 INFO "POST /v1/chat/completions HTTP/1.1" 200 -
2026-09-17 11:57:00,237 INFO "POST /v1/chat/completions HTTP/1.1" 200 -
2026-09-17 11:57:00,813 INFO "POST /v1/chat/completions HTTP/1.1" 200 -
2026-09-17 11:57:04,010 INFO "POST /v1/chat/completions HTTP/1.1" 200 -
2026-09-17 11:57:04,010 INFO "POST /v1/chat/completions HTTP/1.1" 200 -
2026-09-17 11:57:04,070 INFO "POST /v1/chat/completions HTTP/1.1" 200 -
2026-09-17 11:57:04,070 INFO "POST /v1/chat/completions HTTP/1.1" 200 -
2026-09-17 11:57:04,125 INFO "POST /v1/chat/completions HTTP/1.1" 200 -
2026-09-17 11:57:04,125 INFO "POST /v1/chat/completions HTTP/1.1" 200 -
2026-09-17 11:57:04,174 INFO "POST /v1/chat/completions HTTP/1.1" 200 -
2026-09-17 11:57:04,178 INFO "POST /v1/chat/completions HTTP/1.1" 200 -
2026-09-17 11:57:04,226 INFO "POST /v1/chat/completions HTTP/1.1" 200 -
2026-09-17 11:57:04,226 INFO "POST /v1/chat/completions HTTP/1.1" 200 -
2026-09-17 11:57:04,267 INFO "POST /v1/chat/completions HTTP/1.1" 200 -
2026-09-17 11:57:04,267 INFO "POST /v1/chat/completions HTTP/1.1" 200 -
2026-09-17 11:57:04,304 INFO "POST /v1/chat/completions HTTP/1.1" 200 -
2026-09-17 11:57:04,304 INFO "POST /v1/chat/completions HTTP/1.1" 200 -
2026-09-17 11:57:04,336 INFO "POST /v1/chat/completions HTTP/1.1" 200 -
2026-09-17 11:57:04,337 INFO "POST /v1/chat/completions HTTP/1.1" 200 -
2026-09-17 11:57:04,365 INFO "POST /v1/chat/completions HTTP/1.1" 200 -
2026-09-17 11:57:04,365 INFO "POST /v1/chat/completions HTTP/1.1" 200 -
2026-09-17 11:57:04,383 INFO "POST /v1/chat/completions HTTP/1.1" 200 -
2026-09-17 11:57:04,385 INFO "POST /v1/chat/completions HTTP/1.1" 200 -
2026-09-17 11:57:04,386 INFO "GET /v1/status HTTP/1.1" 200 -
2026-09-17 11:57:04,439 INFO "GET /v1/status HTTP/1.1" 200 -
2026-09-17 11:57:04,578 INFO "GET /v1/status HTTP/1.1" 200 -
2026-09-17 11:57:04,610 INFO "GET /v1/status HTTP/1.1" 200 -
2026-09-17 11:57:05,177 INFO "POST /v1/chat/completions HTTP/1.1" 200 -
2026-09-17 11:57:05,736 INFO "POST /v1/chat/completions HTTP/1.1" 200 -
2026-09-17 11:57:06,302 INFO "POST /v1/chat/completions HTTP/1.1" 200 -
2026-09-17 11:57:06,861 INFO "POST /v1/chat/completions HTTP/1.1" 200 -
2026-09-17 11:57:07,425 INFO "POST /v1/chat/completions HTTP/1.1" 200 -
2026-09-17 11:57:07,994 INFO "POST /v1/chat/completions HTTP/1.1" 200 -
2026-09-17 11:57:08,586 INFO "POST /v1/chat/completions HTTP/1.1" 200 -
2026-09-17 11:57:09,148 INFO "POST /v1/chat/completions HTTP/1.1" 200 -
2026-09-17 11:57:09,718 INFO "POST /v1/chat/completions HTTP/1.1" 200 -
2026-09-17 11:57:10,290 INFO "POST /v1/chat/completions HTTP/1.1" 200 -
2026-09-17 11:57:10,861 INFO "POST /v1/chat/completions HTTP/1.1" 200 -
2026-09-17 11:57:11,428 INFO "POST /v1/chat/completions HTTP/1.1" 200 -
2026-09-17 11:57:12,004 INFO "POST /v1/chat/completions HTTP/1.1" 200 -
2026-09-17 11:57:12,572 INFO "POST /v1/chat/completions HTTP/1.1" 200 -
2026-09-17 11:57:13,145 INFO "POST /v1/chat/completions HTTP/1.1" 200 -
2026-09-17 11:57:13,716 INFO "POST /v1/chat/completions HTTP/1.1" 200 -
2026-09-17 11:57:14,286 INFO "POST /v1/chat/completions HTTP/1.1" 200 -
2026-09-17 11:57:14,853 INFO "POST /v1/chat/completions HTTP/1.1" 200 -
2026-09-17 11:57:15,422 INFO "POST /v1/chat/completions HTTP/1.1" 200 -
2026-09-17 11:57:15,996 INFO "POST /v1/chat/completions HTTP/1.1" 200 -
2026-09-17 11:57:19,144 INFO "POST /v1/chat/completions HTTP/1.1" 200 -
2026-09-17 11:57:19,144 INFO "POST /v1/chat/completions HTTP/1.1" 200 -
2026-09-17 11:57:19,206 INFO "POST /v1/chat/completions HTTP/1.1" 200 -
2026-09-17 11:57:19,206 INFO "POST /v1/chat/completions HTTP/1.1" 200 -
2026-09-17 11:57:19,257 INFO "POST /v1/chat/completions HTTP/1.1" 200 -
2026-09-17 11:57:19,261 INFO "POST /v1/chat/completions HTTP/1.1" 200 -
2026-09-17 11:57:19,309 INFO "POST /v1/chat/completions HTTP/1.1" 200 -
2026-09-17 11:57:19,313 INFO "POST /v1/chat/completions HTTP/1.1" 200 -
2026-09-17 11:57:19,355 INFO "POST /v1/chat/completions HTTP/1.1" 200 -
2026-09-17 11:57:19,360 INFO "POST /v1/chat/completions HTTP/1.1" 200 -
2026-09-17 11:57:19,400 INFO "POST /v1/chat/completions HTTP/1.1" 200 -
2026-09-17 11:57:19,400 INFO "POST /v1/chat/completions HTTP/1.1" 200 -
2026-09-17 11:57:19,437 INFO "POST /v1/chat/completions HTTP/1.1" 200 -
2026-09-17 11:57:19,437 INFO "POST /v1/chat/completions HTTP/1.1" 200 -
2026-09-17 11:57:19,469 INFO "POST /v1/chat/completions HTTP/1.1" 200 -
2026-09-17 11:57:19,470 INFO "POST /v1/chat/completions HTTP/1.1" 200 -
2026-09-17 11:57:19,498 INFO "POST /v1/chat/completions HTTP/1.1" 200 -
2026-09-17 11:57:19,498 INFO "POST /v1/chat/completions HTTP/1.1" 200 -
2026-09-17 11:57:19,518 INFO "POST /v1/chat/completions HTTP/1.1" 200 -
2026-09-17 11:57:19,518 INFO "POST /v1/chat/completions HTTP/1.1" 200 -
2026-09-17 11:57:19,519 INFO "GET /v1/status HTTP/1.1" 200 -
2026-09-17 11:57:19,573 INFO "GET /v1/status HTTP/1.1" 200 -
